timestamp,eye.gaze_direction.x,eye.gaze_direction.y,eye.gaze_direction.z
2025-09-10 11:26:15.010000128,0.1549002539661716,-0.1328275371546652,0.9789600383542943
2025-09-10 11:26:15.020000000,0.1580257380377223,-0.1333800821868063,0.9783852103305088
2025-09-10 11:26:15.030000128,0.1606818418444026,-0.1328486680498904,0.9780248346023022
2025-09-10 11:26:15.040000000,0.160439334408468,-0.1331809045858087,0.9780194612727672
2025-09-10 11:26:15.049999872,0.1557090974787772,-0.1306320436674166,0.9791271348142788
2025-09-10 11:26:15.060000000,0.1535250813805971,-0.1260832387241995,0.980067888617874
2025-09-10 11:26:15.070000128,0.1525304648012372,-0.1238932032749355,0.980502387294286
2025-09-10 11:26:15.080000000,0.1525538135103162,-0.1267349397795226,0.9801354952365212
2025-09-10 11:26:15.089999872,0.152744194381752,-0.1267467214708191,0.980104320814406
2025-09-10 11:26:15.100000000,0.152099134516871,-0.1232980326165977,0.9806444046809708
2025-09-10 11:26:15.110000128,0.1498075222662205,-0.1204277336943956,0.9813535892988254
2025-09-10 11:26:15.120000000,0.1491780973317121,-0.1197265170199551,0.9815352547915744
2025-09-10 11:26:15.129999872,0.1489283659212509,-0.1223499637614825,0.9812496258300384
2025-09-10 11:26:15.140000000,0.1500428368976822,-0.1219786379920073,0.9811260668075792
2025-09-10 11:26:15.150000128,0.1512908662845341,-0.1163333708046938,0.9816198962002008
2025-09-10 11:26:15.160000000,0.1505342886604833,-0.1154612692021289,0.9818391534521914
2025-09-10 11:26:15.170000128,0.1498419512483788,-0.1161318581424206,0.9818659690459116
2025-09-10 11:26:15.180000000,0.1489013602719641,-0.1151696836322252,0.9821223594243296
2025-09-10 11:26:15.189999872,0.1478424865125892,-0.1155631721382393,0.9822360981083532
2025-09-10 11:26:15.200000000,0.1446423503235865,-0.1172719903005208,0.982509985080978
2025-09-10 11:26:15.209999872,0.1429180963369729,-0.1179242141362323,0.9826842307983616
2025-09-10 11:26:15.220000000,0.1400168426886006,-0.117438167199902,0.9831599873104292
2025-09-10 11:26:15.230000128,0.1414860540612913,-0.1186086521787377,0.9828090781705816
2025-09-10 11:26:15.240000000,0.1422088516417033,-0.1154836368342094,0.9830768902472952
2025-09-10 11:26:15.249999872,0.1418169695040882,-0.1120292375153869,0.9835331194740712
2025-09-10 11:26:15.260000000,0.1422633161306976,-0.1117308058653653,0.9835026059468136
2025-09-10 11:26:15.270000128,0.1431007469944947,-0.1138092143552159,0.9831427357904172
2025-09-10 11:26:15.280000000,0.1506089507031274,-0.101733123659075,0.9833449626243428
2025-09-10 11:26:15.290000128,0.1538786178693778,-0.0953164924614749,0.983481640513666
2025-09-10 11:26:15.300000000,0.1533660292308836,-0.0974429434577194,0.9833533107933524
2025-09-10 11:26:15.310000128,0.1542814078398579,-0.0941584471189426,0.9835300880151562
2025-09-10 11:26:15.320000000,0.1530897151363864,-0.0938576771941474,0.9837450256805262
2025-09-10 11:26:15.329999872,0.1530238986950442,-0.0921091848015998,0.9839205173708666
2025-09-10 11:26:15.340000000,0.1537359358560332,-0.0931796807127618,0.983708701358658
2025-09-10 11:26:15.349999872,0.1516991912563043,-0.0933455066404829,0.9840091319506212
2025-09-10 11:26:15.360000000,0.1522880241778985,-0.0937851856034896,0.98387636248327
2025-09-10 11:26:15.369999872,0.1536056253157321,-0.0908707290553683,0.983945030208654
2025-09-10 11:26:15.380000000,0.1540482115597992,-0.0893817359113866,0.9840122223837948
2025-09-10 11:26:15.390000128,0.156796338755955,-0.0899650908277839,0.9835248805114574
2025-09-10 11:26:15.400000000,0.1566597283362797,-0.0910582232237284,0.9834460480885268
2025-09-10 11:26:15.409999872,0.1573517093641061,-0.0913388231445896,0.9833095438094536
2025-09-10 11:26:15.420000000,0.15739260910456,-0.0858206926179154,0.983799967126367
2025-09-10 11:26:15.430000128,0.157741635708149,-0.084085095324363,0.9838939338711314
2025-09-10 11:26:15.440000000,0.1580755858477948,-0.0857032501743846,0.9837006974016148
2025-09-10 11:26:15.450000128,0.1561145473110826,-0.0852905016531642,0.9840496829152516
2025-09-10 11:26:15.460000000,0.1562322698390106,-0.0897369162254645,0.9836354831579098
2025-09-10 11:26:15.470000128,0.1569706654997601,-0.0917789568129003,0.9833294632313722
2025-09-10 11:26:15.480000000,0.1584269929894362,-0.088049590300634,0.9834369108083222
2025-09-10 11:26:15.489999872,0.1574651349318027,-0.0860443382508205,0.983768826064278
2025-09-10 11:26:15.500000000,0.1579895250311793,-0.0863483352505326,0.9836581087857122
2025-09-10 11:26:15.510000128,0.1569422918861707,-0.0831771961284521,0.9840989132509622
2025-09-10 11:26:15.520000000,0.1443081323031085,-0.0880963514678874,0.9856034678354348
2025-09-10 11:26:15.529999872,0.0896892699766096,-0.0970543683807582,0.99122968298436
2025-09-10 11:26:15.540000000,0.0265598483871625,-0.0918544887220568,0.9954181670811822
2025-09-10 11:26:15.550000128,-0.0204510293198957,-0.0942457487730768,0.9953388841183484
2025-09-10 11:26:15.560000000,-0.029717916755004,-0.0963386474895722,0.9949048750627482
2025-09-10 11:26:15.570000128,-0.0269921939729682,-0.0952571776445576,0.9950866754065792
2025-09-10 11:26:15.580000000,-0.0244655571298848,-0.0960636628861057,0.9950744741913689
2025-09-10 11:26:15.590000128,-0.0237458904258072,-0.0927294729000715,0.9954081462111712
2025-09-10 11:26:15.600000000,-0.023365315270456,-0.0884679156705096,0.9958049457294476
2025-09-10 11:26:15.610000128,-0.0265799147045329,-0.0880707048015607,0.9957595387893888
2025-09-10 11:26:15.620000000,-0.0289743448018261,-0.0905876879622127,0.9954669045894824
2025-09-10 11:26:15.629999872,-0.0262517406557981,-0.0917172622408546,0.995438993569964
2025-09-10 11:26:15.640000000,-0.0258029260342548,-0.0911520368609448,0.9955026444887888
2025-09-10 11:26:15.649999872,-0.0257941809349617,-0.0922407987334313,0.995402579501838
2025-09-10 11:26:15.660000000,-0.0232243388950221,-0.0917898775834565,0.9955075330986216
2025-09-10 11:26:15.670000128,-0.0223497913822735,-0.0892061325926899,0.9957623977300128
2025-09-10 11:26:15.680000000,-0.0224959932276793,-0.0902156167650889,0.9956681539450758
2025-09-10 11:26:15.689999872,-0.0218982843925633,-0.089299365985228,0.9957640726473812
2025-09-10 11:26:15.700000000,-0.0212776169072341,-0.0863140880759885,0.9960407327104448
2025-09-10 11:26:15.710000128,-0.0216732872461002,-0.0865728642303975,0.9960097428232784
2025-09-10 11:26:15.720000000,-0.0225864053888734,-0.0887841622574194,0.9957947714383008
2025-09-10 11:26:15.730000128,-0.0217735392445585,-0.0881995143661978,0.9958648295096744
2025-09-10 11:26:15.740000000,-0.0241063760502073,-0.0840449273575931,0.9961703332358292
2025-09-10 11:26:15.750000128,-0.0260529462530193,-0.0829174367355443,0.9962158112962995
2025-09-10 11:26:15.760000000,-0.0244904149501801,-0.0836377193749416,0.9961952376283107
2025-09-10 11:26:15.769999872,-0.0239784554491714,-0.0831601109442771,0.9962476748389468
2025-09-10 11:26:15.780000000,-0.020776123873426,-0.080176922405398,0.9965641042052412
2025-09-10 11:26:15.790000128,-0.0232431670331606,-0.0815850996936199,0.9963953164754694
2025-09-10 11:26:15.800000000,-0.0251961604411693,-0.0788955312957131,0.9965644227246878
2025-09-10 11:26:15.809999872,-0.0211396134024825,-0.0820941492548952,0.9964003549795176
2025-09-10 11:26:15.820000000,-0.017602336986821,-0.0849600374686838,0.9962288641501622
2025-09-10 11:26:15.830000128,0.0142828356408504,-0.0826495230609554,0.9964763203126572
2025-09-10 11:26:15.840000000,0.048404996733372,-0.0728582674897397,0.9961669685096148
2025-09-10 11:26:15.849999872,0.0509726341013829,-0.0719559960682364,0.9961044750439556
2025-09-10 11:26:15.860000000,0.0548333226021993,-0.0696186772740551,0.996065533239161
2025-09-10 11:26:15.870000128,0.0564863300950574,-0.0662725285937645,0.9962014085847204
2025-09-10 11:26:15.880000000,0.0579268672723552,-0.0646069219498548,0.9962280982205716
2025-09-10 11:26:15.890000128,0.0589373039358069,-0.0658285998110812,0.9960888462640723
2025-09-10 11:26:15.900000000,0.0585448241504628,-0.0700833450371188,0.9958216849986746
2025-09-10 11:26:15.909999872,0.0591897470342842,-0.0705012022655591,0.9957540631727936
2025-09-10 11:26:15.920000000,0.0609107981197742,-0.0690053641247712,0.9957550574284924
2025-09-10 11:26:15.929999872,0.0610834343343652,-0.0686567927997656,0.9957685769556948
2025-09-10 11:26:15.940000000,0.0605822021471184,-0.0690140451012759,0.995774501763208
2025-09-10 11:26:15.950000128,0.0593509662450193,-0.069823490419697,0.9957922187843172
2025-09-10 11:26:15.960000000,0.0604121685058433,-0.0678854174304801,0.9958624101735696
2025-09-10 11:26:15.969999872,0.0607804521153983,-0.0670366116230557,0.9958974994158524
2025-09-10 11:26:15.980000000,0.0585352776620781,-0.0668720690260715,0.9960430450804804
2025-09-10 11:26:15.990000128,0.0584536293332625,-0.0654342085404177,0.9961433318405832
2025-09-10 11:26:16.000000000,0.0592514077142893,-0.0630259508408903,0.9962514743800768
2025-09-10 11:26:16.010000128,0.0602745083856357,-0.0660084296100051,0.9959969231173814
2025-09-10 11:26:16.020000000,0.0581700444640147,-0.0666908246667445,0.9960765933563164
2025-09-10 11:26:16.030000128,0.05902521105008,-0.0655395022058098,0.996102704599836
2025-09-10 11:26:16.040000000,0.0596818066932753,-0.0657985196192691,0.99604650331485
2025-09-10 11:26:16.049999872,0.0580178598655756,-0.0682771893656915,0.9959779883857576
2025-09-10 11:26:16.060000000,0.058286768493554,-0.0633516191448456,0.9962877219811078
2025-09-10 11:26:16.070000128,0.0574489256345016,-0.0617366119776395,0.9964377610693826
2025-09-10 11:26:16.080000000,0.0594344419386766,-0.0640227264494233,0.9961770111829626
2025-09-10 11:26:16.089999872,0.0639786689827851,-0.0704229633897524,0.995463377599898
2025-09-10 11:26:16.100000000,0.0896291268178641,-0.084592974894489,0.9923762634325588
2025-09-10 11:26:16.110000128,0.1082376059166452,-0.0762535167428679,0.9911962579881838
2025-09-10 11:26:16.120000000,0.1147768420422569,-0.0709140776105454,0.990856937265644
2025-09-10 11:26:16.129999872,0.1183771414731969,-0.0704359866791286,0.9904673766243756
2025-09-10 11:26:16.140000000,0.1217005297963145,-0.0747021248882275,0.9897517737213104
2025-09-10 11:26:16.150000128,0.1203525194137583,-0.0776234640196898,0.9896918050101984
2025-09-10 11:26:16.160000000,0.1188878328725004,-0.0789736338499403,0.9897620160176972
2025-09-10 11:26:16.170000128,0.1165299822492458,-0.0784153593194868,0.9900867611779212
2025-09-10 11:26:16.180000000,0.1163879829029069,-0.0772851205249438,0.99019232858129
2025-09-10 11:26:16.189999872,0.1179535347402424,-0.0721904331516068,0.9903915917472572
2025-09-10 11:26:16.200000000,0.1173647715228959,-0.0684156391480333,0.990729433662564
2025-09-10 11:26:16.209999872,0.117476493078104,-0.0672407272495738,0.9907966280589668
2025-09-10 11:26:16.220000000,0.1178126044542854,-0.0693962292699035,0.9906080726477132
2025-09-10 11:26:16.230000128,0.1145168369790612,-0.0706307918519687,0.990907253627036
2025-09-10 11:26:16.240000000,0.1170629132750431,-0.0686916783286335,0.9907460459996574
2025-09-10 11:26:16.249999872,0.1165532821403783,-0.0689930887057689,0.9907851866742576
2025-09-10 11:26:16.260000000,0.1158373436542131,-0.0749590453666223,0.9904356876308832
2025-09-10 11:26:16.270000128,0.1128672362122216,-0.0716268428560504,0.9910250160174008
2025-09-10 11:26:16.280000000,0.1128457579186923,-0.0722119757148058,0.9909849976074916
2025-09-10 11:26:16.290000128,0.1125497781253661,-0.0728310109512563,0.9909733554883042
2025-09-10 11:26:16.300000000,0.1119358756788789,-0.0725308550520602,0.9910648993892476
2025-09-10 11:26:16.310000128,0.1118368720389311,-0.0700050436250493,0.9912576899674488
2025-09-10 11:26:16.320000000,0.1117520520179387,-0.0680322575819178,0.9914046049913666
2025-09-10 11:26:16.329999872,0.115544154402047,-0.074901881797204,0.9904742583665432
2025-09-10 11:26:16.340000000,0.1382383895125734,-0.0782637182477512,0.9873018474970088
2025-09-10 11:26:16.349999872,0.1598409328775313,-0.077153204474446,0.9841230914962644
2025-09-10 11:26:16.360000000,0.1612927995135384,-0.0826768923772545,0.9834374226619228
2025-09-10 11:26:16.369999872,0.1621859857904726,-0.0839166650894967,0.9831854857215042
2025-09-10 11:26:16.380000000,0.1629115991615089,-0.0858450914623469,0.9828989933510264
2025-09-10 11:26:16.390000128,0.1619015057715438,-0.0822836730760389,0.9833703776167056
2025-09-10 11:26:16.400000000,0.1636783265673884,-0.0793042211534105,0.9833210289215576
2025-09-10 11:26:16.409999872,0.1641521765790061,-0.0784523020926672,0.9833103778668948
2025-09-10 11:26:16.420000000,0.1628451263957625,-0.0780635118647956,0.9835586169235075
2025-09-10 11:26:16.430000128,0.160232680489542,-0.0781443193975039,0.9839811753529828
2025-09-10 11:26:16.440000000,0.1588136401124297,-0.0768347117939911,0.984314306904951
2025-09-10 11:26:16.450000128,0.1599170021287383,-0.0734002666124023,0.9843977617261152
2025-09-10 11:26:16.460000000,0.1612660604207361,-0.0748272504071465,0.984070190765314
2025-09-10 11:26:16.470000128,0.1580146007245976,-0.086076264334235,0.9836779262930062
2025-09-10 11:26:16.480000000,0.1616251512458032,-0.0735398723955086,0.9841083261779792
2025-09-10 11:26:16.489999872,0.151008705441407,-0.104496703992842,0.982993799439011
2025-09-10 11:26:16.500000000,0.1233782007065957,-0.1310138590968158,0.983673313816616
2025-09-10 11:26:16.510000128,0.0185245594988035,-0.1997520723858141,0.9796713480922814
2025-09-10 11:26:16.520000000,0.0238645656939854,-0.3213484223629502,0.9466602737778111
2025-09-10 11:26:16.529999872,0.040113109062693,-0.3303242019878719,0.943014771921628
2025-09-10 11:26:16.540000000,0.0355701753124847,-0.242981363926992,0.969378573836052
2025-09-10 11:26:16.550000128,0.1414519890764783,-0.1050621067590988,0.9843542495004772
2025-09-10 11:26:16.560000000,0.1953413378284897,-0.1420532414031549,0.9703930329213174
2025-09-10 11:26:16.570000128,0.221761445850519,-0.1493299426280131,0.9635986868863
2025-09-10 11:26:16.580000000,0.2132111611831861,-0.0997726374246826,0.9718983596900658
2025-09-10 11:26:16.590000128,0.2200493129740798,-0.073477535614593,0.9727175086424844
2025-09-10 11:26:16.600000000,0.2159271792329673,-0.0710991553908865,0.9738174178824266
2025-09-10 11:26:16.610000128,0.2145903445633554,-0.0712379196890211,0.9741027373016468
2025-09-10 11:26:16.620000000,0.2106897712321096,-0.0773905612903784,0.9744847465821728
2025-09-10 11:26:16.629999872,0.2074099938390048,-0.0857245363501146,0.9744908405538052
2025-09-10 11:26:16.640000000,0.2050979191787436,-0.0952609249381476,0.9740945537926378
2025-09-10 11:26:16.649999872,0.2078020085961385,-0.0902455174899962,0.9739990101619064
2025-09-10 11:26:16.660000000,0.2140978880049263,-0.0843461647264105,0.9731638191218246
2025-09-10 11:26:16.670000128,0.2135020399373263,-0.0888419224782194,0.972894645762312
2025-09-10 11:26:16.680000000,0.2110611623091519,-0.0867717613179424,0.9736138080381216
2025-09-10 11:26:16.689999872,0.2076161408043001,-0.0940507387658215,0.9736785899952468
2025-09-10 11:26:16.700000000,0.2067638536144832,-0.0976101457896261,0.9735096138597792
2025-09-10 11:26:16.710000128,0.2072414005411785,-0.0930251763869318,0.973856929153308
2025-09-10 11:26:16.720000000,0.2084911528219045,-0.091639606938971,0.9737215318740078
2025-09-10 11:26:16.730000128,0.2097813422440798,-0.0948931812074086,0.973132607924845
2025-09-10 11:26:16.740000000,0.2039103506932545,-0.096239320734412,0.9742476902845256
2025-09-10 11:26:16.750000128,0.2028299608719189,-0.0967160512347605,0.974425991241126
2025-09-10 11:26:16.760000000,0.2048842088520447,-0.0994944594430625,0.9737162386974988
2025-09-10 11:26:16.769999872,0.2054514141447578,-0.0938342861052077,0.9741585308239338
2025-09-10 11:26:16.780000000,0.2044171850125231,-0.0860570315125485,0.9750937400059568
2025-09-10 11:26:16.790000128,0.2062435977553361,-0.0879952750531804,0.974535997258824
2025-09-10 11:26:16.800000000,0.2045103151607609,-0.0882745905659569,0.974875955008256
2025-09-10 11:26:16.809999872,0.2150434770039093,-0.0930941199799504,0.972157285537288
2025-09-10 11:26:16.820000000,0.2412157144105952,-0.1040597616628766,0.9648764403404468
2025-09-10 11:26:16.830000128,0.2510829407414224,-0.0933694654429182,0.9634518668784358
2025-09-10 11:26:16.840000000,0.2591978936171118,-0.0896762676471005,0.961652025924834
2025-09-10 11:26:16.849999872,0.2624053203576604,-0.0954456331738762,0.9602257958188956
2025-09-10 11:26:16.860000000,0.2612908370910169,-0.0934652446370928,0.960724386334189
2025-09-10 11:26:16.870000128,0.2619213123409171,-0.0923783452443003,0.9606578305887776
2025-09-10 11:26:16.880000000,0.2646666441462757,-0.0882013697411232,0.960297915155572
2025-09-10 11:26:16.890000128,0.2621231889622277,-0.0903146960686055,0.9607989849507064
2025-09-10 11:26:16.900000000,0.2631232518786452,-0.0982415072623621,0.95974723785569
2025-09-10 11:26:16.909999872,0.2645947496332436,-0.0999557546575405,0.9591655047891176
2025-09-10 11:26:16.920000000,0.2609765612234942,-0.1006179274901002,0.9600871143597112
2025-09-10 11:26:16.929999872,0.2575519845839131,-0.0988742596670064,0.961192413626007
2025-09-10 11:26:16.940000000,0.2597089453930622,-0.0979106451320596,0.9607105543568508
2025-09-10 11:26:16.950000128,0.2601238161067633,-0.0985688204623817,0.9605309926945146
2025-09-10 11:26:16.960000000,0.2568088956798824,-0.0944714736873989,0.96183383791537
2025-09-10 11:26:16.969999872,0.2570307166816111,-0.0965253761715567,0.961570622698654
2025-09-10 11:26:16.980000000,0.2593623078415641,-0.098551568940402,0.9607386645339528
2025-09-10 11:26:16.990000128,0.2610097559794614,-0.1003002651747741,0.96011132900795
2025-09-10 11:26:17.000000000,0.262087543567541,-0.1001341767742487,0.9598350202761284
2025-09-10 11:26:17.010000128,0.2629232233087378,-0.1024444364273179,0.9593625571649296
2025-09-10 11:26:17.020000000,0.2614255744823822,-0.1044358429110144,0.9595570976872728
2025-09-10 11:26:17.030000128,0.2592405468368771,-0.1051076902690165,0.960076409626874
2025-09-10 11:26:17.040000000,0.2628978569388685,-0.1078695900889204,0.958774670269818
2025-09-10 11:26:17.049999872,0.2613391183565904,-0.1140799680799113,0.9584819383272104
2025-09-10 11:26:17.060000000,0.2599715023295247,-0.1169964774261791,0.9585022912056056
2025-09-10 11:26:17.070000128,0.2604475655168812,-0.1154053605783637,0.9585659436711216
2025-09-10 11:26:17.080000000,0.2565881235397793,-0.1140517982480143,0.959768056446311
2025-09-10 11:26:17.089999872,0.2527569352476639,-0.1098252005897006,0.961276420703036
2025-09-10 11:26:17.100000000,0.24953534250533,-0.1110538217740741,0.9619766948892888
2025-09-10 11:26:17.110000128,0.2455701219786348,-0.1087829832105503,0.963255717738136
2025-09-10 11:26:17.120000000,0.2481238813624711,-0.1092075732111922,0.962552983191546
2025-09-10 11:26:17.129999872,0.2491562654595652,-0.1144938530226194,0.9616716243096068
2025-09-10 11:26:17.140000000,0.2492411187149326,-0.1118225688582629,0.9619639171173042
2025-09-10 11:26:17.150000128,0.2487789046299616,-0.1159613689981916,0.9615934783010862
2025-09-10 11:26:17.160000000,0.2454667397456449,-0.1181495872045664,0.962178130453002
2025-09-10 11:26:17.170000128,0.2395013910115402,-0.1171257553879891,0.96380529212509
2025-09-10 11:26:17.180000000,0.1870273017173229,-0.0898843480712112,0.97823391496316
2025-09-10 11:26:17.189999872,0.1427779666047502,-0.0697509335372144,0.9872939073664436
2025-09-10 11:26:17.200000000,0.0978858139407471,-0.0497262961929643,0.993954557762118
2025-09-10 11:26:17.209999872,0.081609832238567,-0.0417071610428557,0.995791317495658
2025-09-10 11:26:17.220000000,0.0798656723171674,-0.0452560779175061,0.9957777672738288
2025-09-10 11:26:17.230000128,0.0786322876482578,-0.0441790581702081,0.9959242813378912
2025-09-10 11:26:17.240000000,0.078391859127122,-0.0457204226610723,0.9958736663725408
2025-09-10 11:26:17.249999872,0.0808450001889879,-0.0464885481332964,0.9956419541365764
2025-09-10 11:26:17.260000000,0.080819751365549,-0.0485355704463003,0.9955463154422616
2025-09-10 11:26:17.270000128,0.0814041799641093,-0.0500782041716847,0.9954222887555364
2025-09-10 11:26:17.280000000,0.0796412404471514,-0.0506736851737192,0.9955347560235924
2025-09-10 11:26:17.290000128,0.0782163996124254,-0.0475088814163694,0.9958037462362926
2025-09-10 11:26:17.300000000,0.0785658930781654,-0.0509282731332841,0.9956072074068628
2025-09-10 11:26:17.310000128,0.0768606005999951,-0.0528379752514136,0.9956407968975252
2025-09-10 11:26:17.320000000,0.0770612811157852,-0.051761705424231,0.9956818190588644
2025-09-10 11:26:17.329999872,0.0808541839756951,-0.0544154534386668,0.9952394482538808
2025-09-10 11:26:17.340000000,0.0759385417040258,-0.0512303327428989,0.9957955567740387
2025-09-10 11:26:17.349999872,0.013653021462746,-0.0445570414185574,0.9989135423373552
2025-09-10 11:26:17.360000000,-0.063570469776413,-0.0343566276786275,0.99738579171099
2025-09-10 11:26:17.369999872,-0.0886903384174573,-0.0390617580405505,0.9952930236519184
2025-09-10 11:26:17.380000000,-0.0895769192033594,-0.0414036661827404,0.9951189436306914
2025-09-10 11:26:17.390000128,-0.082629998276478,-0.0412320462988734,0.9957269714850738
2025-09-10 11:26:17.400000000,-0.0847465919206161,-0.0395678429290688,0.9956165933549828
2025-09-10 11:26:17.409999872,-0.0848600369403255,-0.0391135560347605,0.9956248810997052
2025-09-10 11:26:17.420000000,-0.0839648197186077,-0.0407903405256015,0.995633495403518
2025-09-10 11:26:17.430000128,-0.0839333238498501,-0.0372810973509513,0.9957737277754544
2025-09-10 11:26:17.440000000,-0.0844175868347704,-0.0387919680858994,0.9956750746327924
2025-09-10 11:26:17.450000128,-0.0867708076505975,-0.0407262265499164,0.9953954999951868
2025-09-10 11:26:17.460000000,-0.0889159658675981,-0.0400506151939432,0.9952335902874354
2025-09-10 11:26:17.470000128,-0.0873526302569474,-0.0434693628652568,0.9952285830296884
2025-09-10 11:26:17.480000000,-0.0885990274160002,-0.0425711378592135,0.9951572290659956
2025-09-10 11:26:17.489999872,-0.0882965891662855,-0.0368407007361536,0.9954127159680398
2025-09-10 11:26:17.500000000,-0.0876191620937533,-0.0364889897392695,0.9954855278012816
2025-09-10 11:26:17.510000128,-0.0874661775500583,-0.0344248506721318,0.9955724973305476
2025-09-10 11:26:17.520000000,-0.0918905123663929,-0.0395311046726903,0.9949841332907772
2025-09-10 11:26:17.529999872,-0.0914410221840404,-0.0389783957472694,0.995047347680957
2025-09-10 11:26:17.540000000,-0.0915009072845857,-0.0401740065987227,0.9949942880036566
2025-09-10 11:26:17.550000128,-0.094816037132277,-0.0409341683087431,0.994652860533464
2025-09-10 11:26:17.560000000,-0.0988951527690852,-0.0382136853768272,0.994363848401932
2025-09-10 11:26:17.570000128,-0.1006849591233261,-0.0368600229859743,0.994235323106058
2025-09-10 11:26:17.580000000,-0.1013932471825193,-0.0364992461446556,0.9941766515346538
2025-09-10 11:26:17.590000128,-0.1009997057128027,-0.037368972588999,0.9941843990596364
2025-09-10 11:26:17.600000000,-0.1030435593317654,-0.0325664850685974,0.9941435756119524
2025-09-10 11:26:17.610000128,-0.1019133058184918,-0.0350156672011641,0.9941768359540488
2025-09-10 11:26:17.620000000,-0.1015489011293486,-0.0364821272261999,0.9941613928696252
2025-09-10 11:26:17.629999872,-0.1026003133873402,-0.0332088675317514,0.9941681682744012
2025-09-10 11:26:17.640000000,-0.1045129462705301,-0.0346164863766717,0.9939208936996884
2025-09-10 11:26:17.649999872,-0.1005351009315575,-0.0405649552902055,0.994106220623825
2025-09-10 11:26:17.660000000,-0.1018379232956243,-0.0404553813692469,0.9939780679155368
2025-09-10 11:26:17.670000128,-0.1002360146376795,-0.0406371587600441,0.9941334732808598
2025-09-10 11:26:17.680000000,-0.0987372132706221,-0.0441085086615629,0.9941355049384388
2025-09-10 11:26:17.689999872,-0.096193228362688,-0.0559041527372813,0.993791521660298
2025-09-10 11:26:17.700000000,-0.0950542711577338,-0.0532017415530138,0.9940494254464404
2025-09-10 11:26:17.710000128,-0.0930714219679594,-0.0493276597290406,0.9944367714432718
2025-09-10 11:26:17.720000000,-0.089755423066426,-0.0538436625559903,0.99450732728961
2025-09-10 11:26:17.730000128,-0.0891708266032474,-0.0564207938901384,0.994417044151849
2025-09-10 11:26:17.740000000,-0.089231809871769,-0.0565618871507395,0.9944035584353846
2025-09-10 11:26:17.750000128,-0.0834592911314616,-0.0568154302391662,0.994890221889115
2025-09-10 11:26:17.760000000,-0.0791662869737816,-0.05657588189542,0.9952546752437492
2025-09-10 11:26:17.769999872,-0.073818668654124,-0.0687919099148464,0.994896214330118
2025-09-10 11:26:17.780000000,-0.0718796919710995,-0.0699958027607957,0.9949542187849708
2025-09-10 11:26:17.790000128,-0.0701415833347819,-0.0725582386251729,0.9948946980936738
2025-09-10 11:26:17.800000000,-0.0668495724188411,-0.0739912914909919,0.9950157905535536
2025-09-10 11:26:17.809999872,-0.0595237161051325,-0.0800027759119175,0.995015820511123
2025-09-10 11:26:17.820000000,-0.0542553041884632,-0.0813615774509864,0.9952068406527884
2025-09-10 11:26:17.830000128,-0.0505645212116076,-0.0843232526494935,0.9951546705197392
2025-09-10 11:26:17.840000000,-0.0427315314285234,-0.0900449902286402,0.9950205605697288
2025-09-10 11:26:17.849999872,-0.0359176331884538,-0.0950182544055111,0.9948273493204082
2025-09-10 11:26:17.860000000,-0.0328958880975554,-0.0937183861885896,0.9950551364806272
2025-09-10 11:26:17.870000128,-0.0230363770554166,-0.0998277910371502,0.9947380245415391
2025-09-10 11:26:17.880000000,-0.0090627596355931,-0.1164673577027639,0.9931531709547748
2025-09-10 11:26:17.890000128,-0.0083717091605501,-0.1228544588198053,0.9923893875056424
2025-09-10 11:26:17.900000000,0.000209842361065,-0.127264115243493,0.9918688426084744
2025-09-10 11:26:17.909999872,0.0131312156904923,-0.1335768495721084,0.990951460180003
2025-09-10 11:26:17.920000000,0.0297946759688583,-0.1415822821266679,0.9894780112118284
2025-09-10 11:26:17.929999872,0.0159657999793075,-0.1606113852010634,0.9868885834656396
2025-09-10 11:26:17.940000000,-0.0591381415960519,-0.17848369437058,0.9821640652418488
2025-09-10 11:26:17.950000128,-0.127657359895287,-0.1647799389777554,0.9780343399774122
2025-09-10 11:26:17.960000000,-0.2146922177566876,-0.1881245095015203,0.9583926233853888
2025-09-10 11:26:17.969999872,-0.2759863994019697,-0.2082698287517987,0.9383257354335076
2025-09-10 11:26:17.980000000,-0.325181738868843,-0.2269591628596936,0.9180121867928892
2025-09-10 11:26:17.990000128,-0.3801553024209498,-0.2382170172092664,0.8937195302516087
2025-09-10 11:26:18.000000000,-0.40932370684226,-0.261524739781062,0.8741046353265491
2025-09-10 11:26:18.010000128,-0.4393873801192563,-0.2949611235914932,0.8484908165452235
2025-09-10 11:26:18.020000000,-0.4473939910938383,-0.3014721415952568,0.8419935656375861
2025-09-10 11:26:18.030000128,-0.4251032992916967,-0.303935860523491,0.8525902753486924
2025-09-10 11:26:18.040000000,-0.4109969292844365,-0.311350762746634,0.8568210003587992
2025-09-10 11:26:18.049999872,-0.4086636896057982,-0.3219027513924865,0.8540331418883713
2025-09-10 11:26:18.060000000,-0.3885449262855123,-0.3358609248365531,0.8580386235046304
2025-09-10 11:26:18.070000128,-0.3732278817129169,-0.3425673480857424,0.862176641029894
2025-09-10 11:26:18.080000000,-0.3601739277259316,-0.3509223490831939,0.8643658060684773
2025-09-10 11:26:18.089999872,-0.3409577069242315,-0.3611535112392431,0.8679377762308401
2025-09-10 11:26:18.100000000,-0.3313432680183112,-0.3753974442322842,0.8656144624501225
2025-09-10 11:26:18.110000128,-0.3263418587385374,-0.3820258901866976,0.8646139083210135
2025-09-10 11:26:18.120000000,-0.3018261912147567,-0.399012811710877,0.8658462486997177
2025-09-10 11:26:18.129999872,-0.3023061886696261,-0.3995150516385785,0.8654471051463911
2025-09-10 11:26:18.140000000,-0.3486805482036954,-0.4193605387381062,0.8381876960762762
2025-09-10 11:26:18.150000128,-0.3979145266751741,-0.4406934421168013,0.8046448406198338
2025-09-10 11:26:18.160000000,-0.4298380208600316,-0.4427765221432183,0.7868851423568036
2025-09-10 11:26:18.170000128,-0.4178966679770682,-0.4543854448099499,0.7866995884316504
2025-09-10 11:26:18.180000000,-0.4058557721253694,-0.4572516672278876,0.7913292646236694
2025-09-10 11:26:18.189999872,-0.3934604498314297,-0.4656697282111816,0.7926793668603803
2025-09-10 11:26:18.200000000,-0.3773423664319081,-0.4737812567310377,0.7957034995938664
2025-09-10 11:26:18.209999872,-0.3587849094714109,-0.462881617936209,0.8105639990231178
2025-09-10 11:26:18.220000000,-0.3442394596129089,-0.4656076839282272,0.8152966816517805
2025-09-10 11:26:18.230000128,-0.3329866749552405,-0.4669291789952292,0.8192051123528796
2025-09-10 11:26:18.240000000,-0.3224266430650953,-0.4648125439368505,0.8246152792913355
2025-09-10 11:26:18.249999872,-0.3043594012471183,-0.4629824059933141,0.8324738113677438
2025-09-10 11:26:18.260000000,-0.2826510095845945,-0.4613025030084336,0.8410162944313051
2025-09-10 11:26:18.270000128,-0.264855524955254,-0.4659151161159094,0.8442598269936664
2025-09-10 11:26:18.280000000,-0.256302800487327,-0.4603997958797604,0.8499064080333955
2025-09-10 11:26:18.290000128,-0.2533899572095255,-0.4562244714168331,0.8530256510010622
2025-09-10 11:26:18.300000000,-0.2843574788705865,-0.4514738301912689,0.8457613167216796
2025-09-10 11:26:18.310000128,-0.2970842966378517,-0.4508603742755452,0.8417041306773471
2025-09-10 11:26:18.320000000,-0.2782374800417987,-0.4471735372764403,0.8500704278232868
2025-09-10 11:26:18.329999872,-0.2550027353684105,-0.4382968701553154,0.8618987519231497
2025-09-10 11:26:18.340000000,-0.2317712197623355,-0.4380443787032909,0.868561583295236
2025-09-10 11:26:18.349999872,-0.2213784708658802,-0.4158667392017003,0.8820694008199296
2025-09-10 11:26:18.360000000,-0.2139234685085115,-0.4075228179050764,0.8877848289467408
2025-09-10 11:26:18.369999872,-0.1897067289550026,-0.4093393138762526,0.892441977444199
2025-09-10 11:26:18.380000000,-0.1702805486934281,-0.4097960983637939,0.8961426741889245
2025-09-10 11:26:18.390000128,-0.1438179358663427,-0.3982088814179941,0.9059503783778527
2025-09-10 11:26:18.400000000,-0.1261475188964335,-0.3854827316652556,0.9140513481551058
2025-09-10 11:26:18.409999872,-0.1348310058396411,-0.3721037838266213,0.9183459990255208
2025-09-10 11:26:18.420000000,-0.183827756237888,-0.3130725921543438,0.9317686988079732
2025-09-10 11:26:18.430000128,-0.226186790253842,-0.2761319154534688,0.9341256345816996
2025-09-10 11:26:18.440000000,-0.2706485216618472,-0.2285056617638675,0.9351655149031712
2025-09-10 11:26:18.450000128,-0.2975010128314873,-0.1805940237529343,0.9374854377263488
2025-09-10 11:26:18.460000000,-0.3589118619065952,-0.2039347783408207,0.9108198952404484
2025-09-10 11:26:18.470000128,-0.3995751703712863,-0.2068545304658243,0.8930570454615543
2025-09-10 11:26:18.480000000,-0.5472773862003473,-0.1520985914873182,0.8230148729040624
2025-09-10 11:26:18.489999872,-0.6594437071383441,-0.0751453838739954,0.7479887488445717
2025-09-10 11:26:18.500000000,-0.6039316915790656,0.0185747713284061,0.7968196093072423
2025-09-10 11:26:18.510000128,-0.6025770483178309,0.0248140274436927,0.7976748490974216
2025-09-10 11:26:18.520000000,-0.6093843403540348,0.0284736060951711,0.7923635399784716
2025-09-10 11:26:18.529999872,-0.6303324900912054,0.0306014842472957,0.7757219225323486
2025-09-10 11:26:18.540000000,-0.6523735562165746,0.0220972540476661,0.7575753787662932
2025-09-10 11:26:18.550000128,-0.6476534976835974,5.389816442335874e-06,0.7619350017614052
2025-09-10 11:26:18.560000000,-0.650183953432013,0.0174728419179715,0.7595758859355842
2025-09-10 11:26:18.570000128,-0.6254553673898746,0.0198305095514075,0.7800079065587275
2025-09-10 11:26:18.580000000,-0.6107361195085327,0.0051345443573373,0.7918175476597509
2025-09-10 11:26:18.590000128,-0.6052513491764809,0.0097131109201404,0.7959751628011409
2025-09-10 11:26:18.600000000,-0.5949177088023916,0.0116152665594955,0.8037026846639651
2025-09-10 11:26:18.610000128,-0.5812194579110587,0.0172287934425727,0.8135644476143783
2025-09-10 11:26:18.620000000,-0.5683577014391052,0.0138346768720107,0.822665256912375
2025-09-10 11:26:18.629999872,-0.5654490442935839,0.0100506515090283,0.8247219911653362
2025-09-10 11:26:18.640000000,-0.5466914214065611,0.0107469610034895,0.8372651865386876
2025-09-10 11:26:18.649999872,-0.5362656790608065,0.0090414969004534,0.8440008132669372
2025-09-10 11:26:18.660000000,-0.5319927254194592,0.0051455683383992,0.8467332893108969
2025-09-10 11:26:18.670000128,-0.5261558410901033,-0.0055583859134646,0.8503699990197228
2025-09-10 11:26:18.680000000,-0.5213801153403576,-0.0122235670275298,0.8532369891986629
2025-09-10 11:26:18.689999872,-0.5159996932201331,-0.014014942555508,0.8564741081795142
2025-09-10 11:26:18.700000000,-0.5025422323605103,-0.0107762701238367,0.8644854982568146
2025-09-10 11:26:18.710000128,-0.4919786101472562,-0.0101268190998599,0.8705483873355306
2025-09-10 11:26:18.720000000,-0.4867417939088817,-0.0107737289479573,0.8734794518630188
2025-09-10 11:26:18.730000128,-0.4813373977218864,-0.0131777590702425,0.8764363389432283
2025-09-10 11:26:18.740000000,-0.4804684519092764,-0.0113662820783885,0.8769383526517801
2025-09-10 11:26:18.750000128,-0.4747005261143389,-0.0109504560403388,0.8800792566691243
2025-09-10 11:26:18.760000000,-0.4701027800381749,-0.0137466257763704,0.8825046212231094
2025-09-10 11:26:18.769999872,-0.4693805412217433,-0.0183394237278845,0.8828055125902378
2025-09-10 11:26:18.780000000,-0.4660182163585774,-0.0236187184829808,0.8844598228066619
2025-09-10 11:26:18.790000128,-0.4590885991384819,-0.0214570141801431,0.8881313273855053
2025-09-10 11:26:18.800000000,-0.4583041917360168,-0.020433575856075,0.8885604857379887
2025-09-10 11:26:18.809999872,-0.4582792105171445,-0.0218124823318703,0.8885405904190897
2025-09-10 11:26:18.820000000,-0.4531835447112204,-0.0238917155118067,0.8910969984984105
2025-09-10 11:26:18.830000128,-0.4512199465993591,-0.026700776366528,0.8920132444825559
2025-09-10 11:26:18.840000000,-0.4484934387655952,-0.0328723080274147,0.893181418721394
2025-09-10 11:26:18.849999872,-0.4492537851275556,-0.0297956282044773,0.8929071939952464
2025-09-10 11:26:18.860000000,-0.4283800835322906,-0.0441283409149996,0.9025204671147116
2025-09-10 11:26:18.870000128,-0.3668496324966469,-0.0961407799436924,0.925299031431944
2025-09-10 11:26:18.880000000,-0.2848760186867854,-0.1755909303140764,0.94234467110957
2025-09-10 11:26:18.890000128,-0.1994922385479549,-0.2462293218875942,0.9484587327880436
2025-09-10 11:26:18.900000000,-0.1220031693240308,-0.3055499069698539,0.9443275284696542
2025-09-10 11:26:18.909999872,-0.0842638001871011,-0.3300949534681142,0.9401792029570276
2025-09-10 11:26:18.920000000,-0.0854567424414778,-0.3183745568268055,0.9441052837139648
2025-09-10 11:26:18.929999872,-0.0865547244674193,-0.3169678579793518,0.944478510438618
2025-09-10 11:26:18.940000000,-0.0891198095068035,-0.3185315214768351,0.943713584398955
2025-09-10 11:26:18.950000128,-0.088206951325751,-0.3169069921417545,0.9443460658410574
2025-09-10 11:26:18.960000000,-0.0893500618777209,-0.3145508454228104,0.945026101272469
2025-09-10 11:26:18.969999872,-0.0900616482415865,-0.3121495740605026,0.9457544834310094
2025-09-10 11:26:18.980000000,-0.0919009222323553,-0.3112032355883884,0.9458894050850556
2025-09-10 11:26:18.990000128,-0.0942381764238962,-0.3107183030258827,0.9458188527773246
2025-09-10 11:26:19.000000000,-0.0982428354720757,-0.3152564197575714,0.9439076941523704
2025-09-10 11:26:19.010000128,-0.1027619971001243,-0.312112096164014,0.9444712866890658
2025-09-10 11:26:19.020000000,-0.1058123093473921,-0.3085880832055185,0.9452920977634984
2025-09-10 11:26:19.030000128,-0.105872915779727,-0.3079872504390032,0.9454812421573056
2025-09-10 11:26:19.040000000,-0.0712097240452209,-0.3261443709111855,0.942634088352607
2025-09-10 11:26:19.049999872,0.0020509951296776,-0.4161528853815905,0.9092923454024866
2025-09-10 11:26:19.060000000,0.0725568142868238,-0.4715009524901497,0.8788756228849615
2025-09-10 11:26:19.070000128,0.134961820976276,-0.4903097753162287,0.8610352089828365
2025-09-10 11:26:19.080000000,0.1561201104234579,-0.4984166719917159,0.8527645233017551
2025-09-10 11:26:19.089999872,0.1523833572956466,-0.4946883502372595,0.8556066552796594
2025-09-10 11:26:19.100000000,0.1496916874074864,-0.494024465164489,0.8564649593182666
2025-09-10 11:26:19.110000128,0.1494601930064165,-0.4969200777664992,0.8548286886967593
2025-09-10 11:26:19.120000000,0.1523944285832143,-0.5005277013741097,0.8522018295532731
2025-09-10 11:26:19.129999872,0.1508722289881,-0.4970895985021343,0.8544820077574188
2025-09-10 11:26:19.140000000,0.1430901271657768,-0.4977872966615103,0.8554139482087649
2025-09-10 11:26:19.150000128,0.1413751230483288,-0.4979760541474732,0.8555892262521676
2025-09-10 11:26:19.160000000,0.1436328527856005,-0.4976804580135157,0.8553851561209882
2025-09-10 11:26:19.170000128,0.1458808295279219,-0.4983449734925612,0.8546174998038268
2025-09-10 11:26:19.180000000,0.1465020498196993,-0.4977870159739868,0.8548363797396203
2025-09-10 11:26:19.189999872,0.1453327878528844,-0.4926514948312308,0.8580051779654143
2025-09-10 11:26:19.200000000,0.1408250812699873,-0.487650981961627,0.8616059518580188
2025-09-10 11:26:19.209999872,0.1366770404385553,-0.484250708790037,0.8641878485915573
2025-09-10 11:26:19.220000000,0.1363583328033043,-0.4822177815056297,0.8653741481433868
2025-09-10 11:26:19.230000128,0.1348690085921953,-0.4784929574786063,0.8676720810102945
2025-09-10 11:26:19.240000000,0.1343021258732962,-0.4819392286446563,0.8658507486162421
2025-09-10 11:26:19.249999872,0.1347881052637881,-0.4829523088151654,0.8652105143197807
2025-09-10 11:26:19.260000000,0.132495293682353,-0.473631695252187,0.8706997268889928
2025-09-10 11:26:19.270000128,0.089904769230499,-0.4356236724892341,0.8956277957034403
2025-09-10 11:26:19.280000000,0.0251797093185036,-0.3428127396129053,0.9390662424971574
2025-09-10 11:26:19.290000128,-0.0568792681561076,-0.2372513644436324,0.9697816965295132
2025-09-10 11:26:19.300000000,-0.1203192572353771,-0.1568507033310794,0.9802658482283636
2025-09-10 11:26:19.310000128,-0.1540026373182411,-0.0906007345899482,0.9839078689546028
2025-09-10 11:26:19.320000000,-0.2398101334393997,-0.0122886601485702,0.9707420299603444
2025-09-10 11:26:19.329999872,-0.2837779894578192,-0.0014918736477595,0.9588888501866611
2025-09-10 11:26:19.340000000,-0.3091639868168068,0.0339629244934702,0.950402098595846
2025-09-10 11:26:19.349999872,-0.3167854958809918,0.027674285612903,0.9480933938780766
2025-09-10 11:26:19.360000000,-0.30458788165227,0.0004087682367667,0.9524841496104338
2025-09-10 11:26:19.369999872,-0.3063385936354407,0.0165292856847652,0.9517790966207506
2025-09-10 11:26:19.380000000,-0.3068756639880434,0.0207979238373863,0.9515223450954536
2025-09-10 11:26:19.390000128,-0.306775457242028,0.0202032077655631,0.9515674696152272
2025-09-10 11:26:19.400000000,-0.3048279285214629,0.0210681743955472,0.9521743884504312
2025-09-10 11:26:19.409999872,-0.3027310208408687,0.0163660693450445,0.9529355071539934
2025-09-10 11:26:19.420000000,-0.3010616105457476,0.0109243143446653,0.9535421154892424
2025-09-10 11:26:19.430000128,-0.2995238533181796,0.0194917161139834,0.953889686649542
2025-09-10 11:26:19.440000000,-0.2981455138973027,0.0175902001544574,0.9543583380478422
2025-09-10 11:26:19.450000128,-0.2975700266923395,0.0146474036650067,0.9545876244641948
2025-09-10 11:26:19.460000000,-0.2991497831168413,0.0137885840781801,0.9541065360903184
2025-09-10 11:26:19.470000128,-0.2976788352090468,0.0111474685532927,0.954600987331062
2025-09-10 11:26:19.480000000,-0.2965775350551494,0.0149578141467686,0.9548916323314194
2025-09-10 11:26:19.489999872,-0.300185110197991,0.022759704945729,0.9536094040256752
2025-09-10 11:26:19.500000000,-0.2978374838545917,0.0182997223843313,0.9544411733427168
2025-09-10 11:26:19.510000128,-0.3015974771350215,0.0166252441879238,0.9532903875742595
2025-09-10 11:26:19.520000000,-0.3003742982955019,0.0167995025527396,0.9536734544053668
2025-09-10 11:26:19.529999872,-0.2974726695813728,0.0173521939632074,0.9545726332850712
2025-09-10 11:26:19.540000000,-0.2965206658104608,0.0159001529239028,0.9548940673626148
2025-09-10 11:26:19.550000128,-0.2969062821001705,0.0150787361175707,0.9547875634750124
2025-09-10 11:26:19.560000000,-0.2946682071724938,0.0202466597743866,0.9553851163011324
2025-09-10 11:26:19.570000128,-0.3098698672856126,0.0104750742082902,0.9507212725971412
2025-09-10 11:26:19.580000000,-0.3285454065257901,-0.016860058845626,0.9443376802111232
2025-09-10 11:26:19.590000128,-0.3249623527213153,-0.0147727194299363,0.9456115672275124
2025-09-10 11:26:19.600000000,-0.3230778254717176,-0.0079636866037333,0.9463388919325592
2025-09-10 11:26:19.610000128,-0.3227332512926443,-0.006452413719824,0.946467968220408
2025-09-10 11:26:19.620000000,-0.3267523714252132,-0.0001843276386995,0.9451099691524374
2025-09-10 11:26:19.629999872,-0.3261243678236583,0.0006028613135203,0.9453266807140566
2025-09-10 11:26:19.640000000,-0.3262985895306226,-0.0026924067424776,0.9452629165561608
2025-09-10 11:26:19.649999872,-0.3281815018713128,-0.0013082124084669,0.944613778435284
2025-09-10 11:26:19.660000000,-0.3241582087721014,-0.003606382801445,0.9459960093408176
2025-09-10 11:26:19.670000128,-0.3271396018927806,-0.0008997579298374,0.9449755929700516
2025-09-10 11:26:19.680000000,-0.3301148149256418,0.001882693693545,0.9439389092685316
2025-09-10 11:26:19.689999872,-0.3319253464689918,0.0001193382263575,0.9433056504282308
2025-09-10 11:26:19.700000000,-0.3356164775546912,-0.0026610104847838,0.941994957001884
2025-09-10 11:26:19.710000128,-0.3370792479039972,-0.0033945359632057,0.9414701576566674
2025-09-10 11:26:19.720000000,-0.3382340025242721,0.0002502415482548,0.941062004819862
2025-09-10 11:26:19.730000128,-0.3408124586805505,0.0005498979862133,0.9401311427776036
2025-09-10 11:26:19.740000000,-0.3428000909228617,-0.0003348221017769,0.9394083167384872
2025-09-10 11:26:19.750000128,-0.3462486234150041,0.0037812732169051,0.9381351676363454
2025-09-10 11:26:19.760000000,-0.3473398451887364,0.0090269798500965,0.9376958705140228
2025-09-10 11:26:19.769999872,-0.3512032089791446,0.0084525011131864,0.9362611073988296
2025-09-10 11:26:19.780000000,-0.3547468433038975,0.0074819871129409,0.9349324558676748
2025-09-10 11:26:19.790000128,-0.3552532129447362,0.008899308088901,0.9347277448583524
2025-09-10 11:26:19.800000000,-0.3607392126374589,0.0086100887446011,0.9326269816156492
2025-09-10 11:26:19.809999872,-0.3678812717114804,0.0102337358946683,0.9298164553144788
2025-09-10 11:26:19.820000000,-0.3702224289966787,0.0076965990187532,0.9289112527208097
2025-09-10 11:26:19.830000128,-0.3724087105074348,0.0083102314164144,0.9280316225172478
2025-09-10 11:26:19.840000000,-0.3726449193469175,0.0082433887186129,0.9279373958556488
2025-09-10 11:26:19.849999872,-0.3740946341639056,0.0088940257896565,0.9273478856367908
2025-09-10 11:26:19.860000000,-0.3770178644941353,0.0097125980101229,0.9261550600694116
2025-09-10 11:26:19.870000128,-0.3812786193665756,0.009411055077682,0.9244122708273852
2025-09-10 11:26:19.880000000,-0.3827318428368893,0.0119443535256393,0.92378226270996
2025-09-10 11:26:19.890000128,-0.3835196878523794,0.0121620627564237,0.923452615600347
2025-09-10 11:26:19.900000000,-0.3851886807636736,0.0092044475157446,0.9227919366560756
2025-09-10 11:26:19.909999872,-0.3855919352621175,0.0031504742822413,0.922664041768515
2025-09-10 11:26:19.920000000,-0.3894101941458439,0.0038250991668389,0.921056496264838
2025-09-10 11:26:19.929999872,-0.4121518939426628,-0.0176930933850203,0.9109433411392528
2025-09-10 11:26:19.940000000,-0.4206947352890071,-0.0379221956216715,0.9064093152540657
2025-09-10 11:26:19.950000128,-0.4172133868509761,-0.032908146944951,0.9082125542498228
2025-09-10 11:26:19.960000000,-0.4199013907338466,-0.0325180643329333,0.9069869886342476
2025-09-10 11:26:19.969999872,-0.4203545746565837,-0.0352920165851525,0.9066733177559798
2025-09-10 11:26:19.980000000,-0.42101065183075,-0.0357891844243915,0.90634936162789
2025-09-10 11:26:19.990000128,-0.4251688058664374,-0.0367976636069114,0.9043657548089602
2025-09-10 11:26:20.000000000,-0.4299343105580925,-0.041365720433905,0.9019120610003626
2025-09-10 11:26:20.010000128,-0.4300417413734038,-0.0406809463927572,0.9018919898064957
2025-09-10 11:26:20.020000000,-0.432120178633572,-0.0413606720134663,0.9008670523602716
2025-09-10 11:26:20.030000128,-0.4354211231511403,-0.047037022553192,0.8989971991186235
2025-09-10 11:26:20.040000000,-0.4372561115571169,-0.0473675859867971,0.8980887510172554
2025-09-10 11:26:20.049999872,-0.442040812160679,-0.0507986226766505,0.8955553697669857
2025-09-10 11:26:20.060000000,-0.4485078897175106,-0.0462444372906993,0.8925817188811409
2025-09-10 11:26:20.070000128,-0.4544820948106315,-0.0425551723694331,0.8897387722253919
2025-09-10 11:26:20.080000000,-0.4564383345316568,-0.0466935640747977,0.888528985370742
2025-09-10 11:26:20.089999872,-0.4599748322081303,-0.0514577968065567,0.8864396476257803
2025-09-10 11:26:20.100000000,-0.4632327377298662,-0.052439126256679,0.8846838806787027
2025-09-10 11:26:20.110000128,-0.4658926037813864,-0.0521316944523426,0.8833042330790268
2025-09-10 11:26:20.120000000,-0.4686057189865454,-0.0581020084181681,0.881494660647969
2025-09-10 11:26:20.129999872,-0.4695603956240283,-0.0600136650046696,0.8808583284922232
2025-09-10 11:26:20.140000000,-0.4722714957817499,-0.0594121408839212,0.8794485953071149
2025-09-10 11:26:20.150000128,-0.4760459435582868,-0.0637667425016904,0.8771055023042688
2025-09-10 11:26:20.160000000,-0.4787998768793372,-0.0611882099356912,0.8757891760379305
2025-09-10 11:26:20.170000128,-0.4758658173355413,-0.0594289064828292,0.8775077942479099
2025-09-10 11:26:20.180000000,-0.4783452773474144,-0.0620223918725601,0.8759788916097417
2025-09-10 11:26:20.189999872,-0.4801288749512702,-0.0592580481577162,0.8751941197052031
2025-09-10 11:26:20.200000000,-0.4799926150992632,-0.058023122020111,0.8753515903688127
2025-09-10 11:26:20.209999872,-0.4817683610820709,-0.0529779748541842,0.874695707340927
2025-09-10 11:26:20.220000000,-0.4866653910514861,-0.0382589180104943,0.8727502806332235
2025-09-10 11:26:20.230000128,-0.4895417614900066,-0.0102636336933666,0.8719194467269725
2025-09-10 11:26:20.240000000,-0.4857944493994924,-0.0149473625582717,0.8739452667559884
2025-09-10 11:26:20.249999872,-0.4887629492576493,-0.0116106399645061,0.8723393677191114
2025-09-10 11:26:20.260000000,-0.4928438863480732,-0.0089156137312736,0.8700720749001902
2025-09-10 11:26:20.270000128,-0.4939989084760414,-0.0106204828096047,0.8693976557188146
2025-09-10 11:26:20.280000000,-0.4983374040893477,-0.0109565819306091,0.8669139432480529
2025-09-10 11:26:20.290000128,-0.4967685254782171,-0.0109239573307207,0.8678143230267835
2025-09-10 11:26:20.300000000,-0.4955741128924422,-0.0096726427312051,0.8685117953220114
2025-09-10 11:26:20.310000128,-0.4977357951150122,-0.0024189077055054,0.8673253294737442
2025-09-10 11:26:20.320000000,-0.4952183136323708,-0.0036547293393919,0.8687608789514906
2025-09-10 11:26:20.329999872,-0.4977019278482041,-0.0038140670931883,0.8673397511404568
2025-09-10 11:26:20.340000000,-0.5003281756464595,9.929696325369888e-05,0.8658358428676873
2025-09-10 11:26:20.349999872,-0.5021173441722421,0.0081914755094284,0.8647607023971386
2025-09-10 11:26:20.360000000,-0.507440487206309,0.0094294731030663,0.8616352110846113
2025-09-10 11:26:20.369999872,-0.5081154172818015,0.0091038306974384,0.8612408739645216
2025-09-10 11:26:20.380000000,-0.5069847034453843,0.0125250333338021,0.8618640461304689
2025-09-10 11:26:20.390000128,-0.5115269568108005,0.0129342785142673,0.8591698766223108
2025-09-10 11:26:20.400000000,-0.5180780198245457,0.0123749756164484,0.8552438397048938
2025-09-10 11:26:20.409999872,-0.4926886018279916,0.0038989201827709,0.8701969547465602
2025-09-10 11:26:20.420000000,-0.4168786653616507,0.0215124136802257,0.9087075406443702
2025-09-10 11:26:20.430000128,-0.3274309063892067,0.0409781731230485,0.9439861179427588
2025-09-10 11:26:20.440000000,-0.2419993890902436,0.0523119970160526,0.9688651870348844
2025-09-10 11:26:20.450000128,-0.1535178322404876,0.0547064215617457,0.9866303677791852
2025-09-10 11:26:20.460000000,-0.0702367488539058,0.0462723933438606,0.9964565543588264
2025-09-10 11:26:20.470000128,0.0012325071700807,0.0464450033202495,0.998920088191572
2025-09-10 11:26:20.480000000,0.0746438934118342,0.0463925887329371,0.9961305220135458
2025-09-10 11:26:20.489999872,0.1574677094325881,0.022810437507304,0.9872606567805584
2025-09-10 11:26:20.500000000,0.2059615157945293,0.0090593879450654,0.9785181559387036
2025-09-10 11:26:20.510000128,0.1051967037276999,-0.0219881799173124,0.9942083149263792
2025-09-10 11:26:20.520000000,0.1382329587983795,-0.1444729346776528,0.9798057053556446
2025-09-10 11:26:20.529999872,0.2082898284755039,-0.2583939370373375,0.9433175078710188
2025-09-10 11:26:20.540000000,0.271490262113404,-0.1845209358270554,0.9445872441543464
2025-09-10 11:26:20.550000128,0.2251850810729276,-0.2621875421235917,0.9383759225477648
2025-09-10 11:26:20.560000000,0.3261743651188232,-0.3010294407859209,0.8960979630148974
2025-09-10 11:26:20.570000128,0.4941519211925063,-0.3169264740228564,0.8095501768545263
2025-09-10 11:26:20.580000000,0.4752351963717142,-0.2796862921420149,0.8342224440264057
2025-09-10 11:26:20.590000128,0.4617193930349961,-0.2371255871689406,0.8547436212135076
2025-09-10 11:26:20.600000000,0.4824033418791346,-0.2249411518897085,0.8465745648968992
2025-09-10 11:26:20.610000128,0.5179677014374827,-0.2853444351740782,0.8064043734893537
2025-09-10 11:26:20.620000000,0.5962408571659786,-0.3105192476064577,0.7403206312888346
2025-09-10 11:26:20.629999872,0.6316302154988129,-0.2931552959509832,0.7177069341484827
2025-09-10 11:26:20.640000000,0.641213715222295,-0.296829364112779,0.7076279389702081
2025-09-10 11:26:20.649999872,0.656849345865771,-0.2857132610820401,0.6977942886535936
2025-09-10 11:26:20.660000000,0.6667189486157659,-0.2750785975801207,0.692688680945518
2025-09-10 11:26:20.670000128,0.6659787836821228,-0.2935266076152059,0.685794714405987
2025-09-10 11:26:20.680000000,0.67254583380281,-0.2913041283498022,0.6803116978568318
2025-09-10 11:26:20.689999872,0.6850417865583275,-0.2895561466394378,0.6684870893385265
2025-09-10 11:26:20.700000000,0.6915347665230172,-0.2926501076659214,0.6604056186716467
2025-09-10 11:26:20.710000128,0.6968299968111825,-0.3019523004809709,0.6505787913684067
2025-09-10 11:26:20.720000000,0.6977026054970976,-0.3063041312056798,0.6476023884212404
2025-09-10 11:26:20.730000128,0.699062811285741,-0.2912529591076508,0.6530565823022642
2025-09-10 11:26:20.740000000,0.6907693396214469,-0.2488874888608016,0.6788908139955309
2025-09-10 11:26:20.750000128,0.6771867353503165,-0.2475018824212818,0.6929364643771477
2025-09-10 11:26:20.760000000,0.6649236110211395,-0.2330071914358289,0.7096366959549056
2025-09-10 11:26:20.769999872,0.6537695587219885,-0.219519638007741,0.7241522578970578
2025-09-10 11:26:20.780000000,0.6426657197356915,-0.2198935721555398,0.7339125217635151
2025-09-10 11:26:20.790000128,0.6267609033891529,-0.2014753477888397,0.752714058734244
2025-09-10 11:26:20.800000000,0.6204194079973351,-0.1734481832012354,0.764849976089708
2025-09-10 11:26:20.809999872,0.6042098069322273,-0.176804353444289,0.7769625021904646
2025-09-10 11:26:20.820000000,0.5974250720986323,-0.1634268309238596,0.7850955063953229
2025-09-10 11:26:20.830000128,0.5779574630824689,-0.1624145789866289,0.7997416304031401
2025-09-10 11:26:20.840000000,0.5655559888148167,-0.1592812113869709,0.8091822533983268
2025-09-10 11:26:20.849999872,0.5635159145549103,-0.154603783842088,0.8115093863074241
2025-09-10 11:26:20.860000000,0.557016113323379,-0.1608836051872027,0.8147696085888849
2025-09-10 11:26:20.870000128,0.5545123002941005,-0.162406744475694,0.8161740979541999
2025-09-10 11:26:20.880000000,0.5413475961446779,-0.1720556336842366,0.8230064635626471
2025-09-10 11:26:20.890000128,0.4891515146340793,-0.1742419306916754,0.8546171922679906
2025-09-10 11:26:20.900000000,0.4034130816441678,-0.1745915586629277,0.8982069211501355
2025-09-10 11:26:20.909999872,0.3626729790991033,-0.195858185572355,0.9111025635874846
2025-09-10 11:26:20.920000000,0.362769706407534,-0.2176150438865377,0.9061135871331208
2025-09-10 11:26:20.929999872,0.3609407909541156,-0.2267771613635398,0.90459596755088
2025-09-10 11:26:20.940000000,0.3554783271093243,-0.2342012784596525,0.904867349462572
2025-09-10 11:26:20.950000128,0.3455778782191521,-0.2468670983111901,0.9053356095155884
2025-09-10 11:26:20.960000000,0.344568682635844,-0.2530418903095884,0.9040145046929
2025-09-10 11:26:20.969999872,0.3343435467326388,-0.2537364657464886,0.90765202512236
2025-09-10 11:26:20.980000000,0.3265474861402092,-0.2533870638977671,0.9105831840885152
2025-09-10 11:26:20.990000128,0.325690594979233,-0.2589449600964902,0.9093256534282426
2025-09-10 11:26:21.000000000,0.3164098714290996,-0.2675140902058027,0.910121423109896
2025-09-10 11:26:21.010000128,0.3050472407905376,-0.2739217180706057,0.9120926889605724
2025-09-10 11:26:21.020000000,0.3004982044999947,-0.2748845757040557,0.9133122681384942
2025-09-10 11:26:21.030000128,0.2951820199419562,-0.2705919615382385,0.9163228500118696
2025-09-10 11:26:21.040000000,0.2931994766664655,-0.2723693440139095,0.916432762031096
2025-09-10 11:26:21.049999872,0.2907224251347732,-0.2685244494263722,0.9183545565760644
2025-09-10 11:26:21.060000000,0.2802949142401439,-0.2550784342095838,0.9254024818706168
2025-09-10 11:26:21.070000128,0.2570421810583845,-0.2091844113865144,0.9434888442316772
2025-09-10 11:26:21.080000000,0.2490799017482921,-0.1933794584742408,0.948980288301749
2025-09-10 11:26:21.089999872,0.2470406553103534,-0.1941103603218,0.9493640411557476
2025-09-10 11:26:21.100000000,0.2443202910802382,-0.1757097842001742,0.9536423161242352
2025-09-10 11:26:21.110000128,0.239854512897948,-0.1692364410767269,0.9559439521510514
2025-09-10 11:26:21.120000000,0.2375583101741866,-0.1679187859410077,0.9567493562032238
2025-09-10 11:26:21.129999872,0.2319967208139401,-0.1576139142504913,0.959862164879009
2025-09-10 11:26:21.140000000,0.2290327022543266,-0.1485327060608845,0.9620197796970248
2025-09-10 11:26:21.150000128,0.2283673960169432,-0.1448718668050506,0.962735931938172
2025-09-10 11:26:21.160000000,0.2272719259731313,-0.1386495584350364,0.9639106657830036
2025-09-10 11:26:21.170000128,0.2269353971338363,-0.135599250136012,0.9644237496506706
2025-09-10 11:26:21.180000000,0.227714243453895,-0.1303391280949106,0.9649652506778048
2025-09-10 11:26:21.189999872,0.2287356395155748,-0.1247364044615452,0.9654640524729065
2025-09-10 11:26:21.200000000,0.2317800968859578,-0.1289503211668785,0.9641834894658252
2025-09-10 11:26:21.209999872,0.2359265840763673,-0.1255660993157971,0.9636243052293112
2025-09-10 11:26:21.220000000,0.2366270149689236,-0.1241089682466703,0.9636413335819732
2025-09-10 11:26:21.230000128,0.2390659025187957,-0.126037578316128,0.9627886700128327
2025-09-10 11:26:21.240000000,0.2415631697277794,-0.1266814594715244,0.9620805802308
2025-09-10 11:26:21.249999872,0.2422378050815442,-0.1282923826305632,0.961697411012554
2025-09-10 11:26:21.260000000,0.2428732047834556,-0.1342889235846681,0.9607180082629266
2025-09-10 11:26:21.270000128,0.2422800284502865,-0.1474126886685381,0.958942066567966
2025-09-10 11:26:21.280000000,0.2457927499210661,-0.1577000299726887,0.9564081893380324
2025-09-10 11:26:21.290000128,0.2492716568540136,-0.1568138776762073,0.9556532053299496
2025-09-10 11:26:21.300000000,0.2574983521089092,-0.1708889116188454,0.9510476215978476
2025-09-10 11:26:21.310000128,0.2640789577117972,-0.1784385407572978,0.9478512495461812
2025-09-10 11:26:21.320000000,0.2639635014100093,-0.1857436140630324,0.9464790434859988
2025-09-10 11:26:21.329999872,0.2672684084502282,-0.1883123026244274,0.9450428956003892
2025-09-10 11:26:21.340000000,0.2690061977005522,-0.1917254050404795,0.9438628261886128
2025-09-10 11:26:21.349999872,0.2698105746284033,-0.1992961705156493,0.942063315407456
2025-09-10 11:26:21.360000000,0.2708980265999497,-0.2047035187246887,0.9405906275346274
2025-09-10 11:26:21.369999872,0.2764179039335288,-0.2094234736576496,0.9379418697692082
2025-09-10 11:26:21.380000000,0.2802872212857091,-0.2183990349297824,0.9347411059355824
2025-09-10 11:26:21.390000128,0.2827046401247734,-0.2176768641217709,0.934181389922768
2025-09-10 11:26:21.400000000,0.2844269688095502,-0.2163704717439911,0.9339620540316902
2025-09-10 11:26:21.409999872,0.2990105466793624,-0.2249860201368276,0.927347822404032
2025-09-10 11:26:21.420000000,0.2922431962853489,-0.2252261004662273,0.9294445211488956
2025-09-10 11:26:21.430000128,0.2788688272973537,-0.2359200294501444,0.9308995202845696
2025-09-10 11:26:21.440000000,0.2765475796408173,-0.2396472309859565,0.9306399093503188
2025-09-10 11:26:21.450000128,0.2746589314574966,-0.2374632051091937,0.9317583901365716
2025-09-10 11:26:21.460000000,0.2785531259834204,-0.2372578669535013,0.930653996162666
2025-09-10 11:26:21.470000128,0.2797381387944847,-0.2372491967715828,0.930300699954072
2025-09-10 11:26:21.480000000,0.2815731586230626,-0.2374559992301038,0.9296941458203686
2025-09-10 11:26:21.489999872,0.2838848165612524,-0.2362638959690574,0.9292947769074712
2025-09-10 11:26:21.500000000,0.285431803589018,-0.2326619546773458,0.929729584527478
2025-09-10 11:26:21.510000128,0.2886260990341279,-0.2267358763485614,0.930207405546092
2025-09-10 11:26:21.520000000,0.289152643776496,-0.2226193811316998,0.9310377864198648
2025-09-10 11:26:21.529999872,0.2893103119157461,-0.2236483690811165,0.9307421503437838
2025-09-10 11:26:21.540000000,0.2902399460389099,-0.2240575158059198,0.9303542354040264
2025-09-10 11:26:21.550000128,0.2941893501602133,-0.2270964816445189,0.9283748242369524
2025-09-10 11:26:21.560000000,0.2962991248529744,-0.2267623468243444,0.9277853559278016
2025-09-10 11:26:21.570000128,0.2985212179711018,-0.2272527025616183,0.9269526911334206
2025-09-10 11:26:21.580000000,0.2992519301338194,-0.2220641733078109,0.9279740218585336
2025-09-10 11:26:21.590000128,0.3030563724451733,-0.2248021289997458,0.92607820291677
2025-09-10 11:26:21.600000000,0.3045554036048771,-0.227383856058256,0.9249554519754716
2025-09-10 11:26:21.610000128,0.3065951102390323,-0.2211211253681459,0.9257995929430084
2025-09-10 11:26:21.620000000,0.304016941109013,-0.2218853826706714,0.926466716334596
2025-09-10 11:26:21.629999872,0.303438090191074,-0.2217905816955448,0.9266791587665848
2025-09-10 11:26:21.640000000,0.3035069978969243,-0.2240130520961706,0.9261218357852032
2025-09-10 11:26:21.649999872,0.3051179416540118,-0.2232720856225594,0.9257713634923967
2025-09-10 11:26:21.660000000,0.3072823394899617,-0.2205903845547246,0.9256983558803454
2025-09-10 11:26:21.670000128,0.3099369093911862,-0.2206492978151132,0.9247988968260814
2025-09-10 11:26:21.680000000,0.3088135147092085,-0.2179539539028024,0.9258133111546196
2025-09-10 11:26:21.689999872,0.308528454944499,-0.211173546989311,0.927478261492696
2025-09-10 11:26:21.700000000,0.3057165191468137,-0.216002632063986,0.9272972947562104
2025-09-10 11:26:21.710000128,0.3435363166466952,-0.2415264468345345,0.9075504253893036
2025-09-10 11:26:21.720000000,0.379018221754364,-0.2684463315858025,0.8855968352677673
2025-09-10 11:26:21.730000128,0.4021515200898022,-0.2850773018595001,0.870060392647527
2025-09-10 11:26:21.740000000,0.4164850109635394,-0.2812166949493484,0.864556190264384
2025-09-10 11:26:21.750000128,0.4157275702500418,-0.2889707100063304,0.8623610126231552
2025-09-10 11:26:21.760000000,0.4140665750075701,-0.2902057996922143,0.8627453073106238
2025-09-10 11:26:21.769999872,0.4127355065291496,-0.2926237109931757,0.8625663831930321
2025-09-10 11:26:21.780000000,0.4076012702992421,-0.2953103217221763,0.864090862314137
2025-09-10 11:26:21.790000128,0.4068801766389879,-0.2923223510665517,0.86544564527482
2025-09-10 11:26:21.800000000,0.4121428639518187,-0.2858933944364271,0.8651030150861861
2025-09-10 11:26:21.809999872,0.4130029753552789,-0.2877766012053906,0.8640678041371294
2025-09-10 11:26:21.820000000,0.4106063412945964,-0.2899663716522743,0.864477839970164
2025-09-10 11:26:21.830000128,0.4115002090387041,-0.2885812392438917,0.8645163077221636
2025-09-10 11:26:21.840000000,0.4115879681280495,-0.287681917082716,0.864774224335946
2025-09-10 11:26:21.849999872,0.4119967511028186,-0.2864593999337079,0.8649853693966981
2025-09-10 11:26:21.860000000,0.4131379482925034,-0.2882387784346344,0.8638492011266611
2025-09-10 11:26:21.870000128,0.4127402713536896,-0.2858158029872257,0.8648437981309979
2025-09-10 11:26:21.880000000,0.4085947073055313,-0.285712057835106,0.8668442681182914
2025-09-10 11:26:21.890000128,0.3850567123428748,-0.2772945638368759,0.8802494266662224
2025-09-10 11:26:21.900000000,0.3758001715263648,-0.2730915145052085,0.8855479974490408
2025-09-10 11:26:21.909999872,0.3794940417910027,-0.2770457909100725,0.8827399968190754
2025-09-10 11:26:21.920000000,0.3780160005979723,-0.2780608364940699,0.8830549668622741
2025-09-10 11:26:21.929999872,0.3787527805954798,-0.2801737422933425,0.882070861847582
2025-09-10 11:26:21.940000000,0.3802577114690647,-0.2782573661050946,0.8820299944313487
2025-09-10 11:26:21.950000128,0.3845669967555173,-0.2739267646740191,0.8815170744810712
2025-09-10 11:26:21.960000000,0.3859913599620606,-0.2736326584224364,0.8809857196795583
2025-09-10 11:26:21.969999872,0.386273796991392,-0.2742285744636476,0.8806765823532998
2025-09-10 11:26:21.980000000,0.3901969025016332,-0.2735493138987137,0.879157067959801
2025-09-10 11:26:21.990000128,0.3907311913139445,-0.2739450892957157,0.8787964634573515
2025-09-10 11:26:22.000000000,0.3915339014585861,-0.2724778252429867,0.8788953514267046
2025-09-10 11:26:22.010000128,0.3937251085873932,-0.2717451902365245,0.8781429783646628
2025-09-10 11:26:22.020000000,0.3968373359484189,-0.2654405273662392,0.8786702767414489
2025-09-10 11:26:22.030000128,0.4021379793621121,-0.2678659557308326,0.8755186321917798
2025-09-10 11:26:22.040000000,0.4066949255109772,-0.2627422307364624,0.8749661466315416
2025-09-10 11:26:22.049999872,0.4157410043508895,-0.269042457979284,0.8687782070849722
2025-09-10 11:26:22.060000000,0.4271556910182543,-0.2695414038557315,0.8630674638973475
2025-09-10 11:26:22.070000128,0.4031472484939719,-0.2729330349262833,0.8734871804884534
2025-09-10 11:26:22.080000000,0.3252373611249007,-0.2083229295917973,0.9224002471458916
2025-09-10 11:26:22.089999872,0.2320490175825873,-0.1319512624659709,0.9637126738673684
2025-09-10 11:26:22.100000000,0.1546714015365156,-0.0587596830459865,0.9862170436547248
2025-09-10 11:26:22.110000128,0.0604151602598841,0.0146803310018172,0.9980653767626896
2025-09-10 11:26:22.120000000,0.0131431126479025,0.0646476702422595,0.9978215959389596
2025-09-10 11:26:22.129999872,-0.0717235824981732,0.1140688393103557,0.9908804305323706
2025-09-10 11:26:22.140000000,-0.1255891457406139,0.1387072535434796,0.9823378564865388
2025-09-10 11:26:22.150000128,-0.1873603857993394,0.1151392725022775,0.975519878711228
2025-09-10 11:26:22.160000000,-0.3128449505877411,0.0632069522855159,0.9476987485876144
2025-09-10 11:26:22.170000128,-0.3437227886139377,0.0561437825235338,0.9373913378474372
2025-09-10 11:26:22.180000000,-0.3560263915582996,0.0857198769364337,0.9305360343436352
2025-09-10 11:26:22.189999872,-0.4984268048139317,0.0462255724621519,0.8656985137410838
2025-09-10 11:26:22.200000000,-0.5567350148095401,0.0751598962890868,0.8272829704972989
2025-09-10 11:26:22.209999872,-0.5372878117704609,0.1088253678127362,0.8363485198428537
2025-09-10 11:26:22.220000000,-0.5691400393613183,0.0982609570209907,0.8163482099699345
2025-09-10 11:26:22.230000128,-0.5519315836504554,0.0850910290280519,0.8295366440055845
2025-09-10 11:26:22.240000000,-0.5739654316967494,0.0513138494353062,0.8172701952679388
2025-09-10 11:26:22.249999872,-0.5933016984342664,0.0322548671153089,0.8043337107086763
2025-09-10 11:26:22.260000000,-0.6159254977193086,-0.0150275572612796,0.7876610652952075
2025-09-10 11:26:22.270000128,-0.6285363019999697,-0.0399000293092443,0.7767561423827458
2025-09-10 11:26:22.280000000,-0.6339168517150678,-0.0607317656719315,0.7710130204802162
2025-09-10 11:26:22.290000128,-0.634868493087124,-0.0681023753118635,0.769612930610035
2025-09-10 11:26:22.300000000,-0.6281330353894871,-0.081935666505379,0.7737799664030522
2025-09-10 11:26:22.310000128,-0.6127937251206749,-0.0956149454068655,0.7844371438602132
2025-09-10 11:26:22.320000000,-0.5912470963701562,-0.1034285372253366,0.7998308625711353
2025-09-10 11:26:22.329999872,-0.5684538897344992,-0.1160623102946388,0.8144873942393392
2025-09-10 11:26:22.340000000,-0.5397052649982395,-0.1200532746798616,0.8332499253956293
2025-09-10 11:26:22.349999872,-0.5300506307484751,-0.1303781432600116,0.8378829683214808
2025-09-10 11:26:22.360000000,-0.5201282436516224,-0.1325579369995957,0.8437387056988022
2025-09-10 11:26:22.369999872,-0.4984217937259576,-0.1385017351316294,0.8557996172612646
2025-09-10 11:26:22.380000000,-0.4974831424058396,-0.1389438849042521,0.8562739747707653
2025-09-10 11:26:22.390000128,-0.4901143544001965,-0.1322407014296074,0.8615685210685706
2025-09-10 11:26:22.400000000,-0.4825422478251277,-0.1276176458217339,0.8665256577498391
2025-09-10 11:26:22.409999872,-0.4733875602951746,-0.1187221950774346,0.8728168525835062
2025-09-10 11:26:22.420000000,-0.468239439490829,-0.1211218734487055,0.8752607149173269
2025-09-10 11:26:22.430000128,-0.459397188345365,-0.1167017352067079,0.8805310490494453
2025-09-10 11:26:22.440000000,-0.4486800503529458,-0.1114622782775305,0.8867143694203113
2025-09-10 11:26:22.450000128,-0.4459052600503397,-0.1000675080137,0.8894689386928398
2025-09-10 11:26:22.460000000,-0.4410462686022738,-0.0930311011642444,0.8926496530936306
2025-09-10 11:26:22.470000128,-0.43897078423529,-0.0787704915862545,0.8950418203878041
2025-09-10 11:26:22.480000000,-0.4370848721421632,-0.0674271558333315,0.8968892870364192
2025-09-10 11:26:22.489999872,-0.4370890950598169,-0.0511279294020989,0.8979638399261098
2025-09-10 11:26:22.500000000,-0.4386863289547464,-0.0503819650441699,0.8972268176924362
2025-09-10 11:26:22.510000128,-0.4377556392118638,-0.0521777153308707,0.8975786797607569
2025-09-10 11:26:22.520000000,-0.4371731554069271,-0.0531519404023,0.8978053817075399
2025-09-10 11:26:22.529999872,-0.4354621112620849,-0.0412615471126767,0.8992609378734496
2025-09-10 11:26:22.540000000,-0.4221631789817442,-0.0336385442654218,0.9058955230332753
2025-09-10 11:26:22.550000128,-0.3760495988157589,-0.0258224518701499,0.926239655926003
2025-09-10 11:26:22.560000000,-0.3728576233209756,-0.020364500444508,0.9276650687899588
2025-09-10 11:26:22.570000128,-0.3848666533426108,-0.012942132731504,0.9228814443606604
2025-09-10 11:26:22.580000000,-0.3828258163253909,-0.0126996455890375,0.9237332479437508
2025-09-10 11:26:22.590000128,-0.3827463652408713,-0.0147490702421324,0.9237357223913636
2025-09-10 11:26:22.600000000,-0.3836985365351045,-0.0114420557679308,0.9233875201780792
2025-09-10 11:26:22.610000128,-0.3808053735151005,-0.0114219676621489,0.9245846668406036
2025-09-10 11:26:22.620000000,-0.3784465877012794,-0.0117413315144091,0.9255486596562746
2025-09-10 11:26:22.629999872,-0.3805390351338732,-0.0134403844927048,0.9246671827225564
2025-09-10 11:26:22.640000000,-0.3810881113909115,-0.0219731989038112,0.9242775718832746
2025-09-10 11:26:22.649999872,-0.3805817192034155,-0.0266122246975983,0.9243642920974486
2025-09-10 11:26:22.660000000,-0.3787486529703633,-0.0265880006394229,0.9251175796054972
2025-09-10 11:26:22.670000128,-0.3745185236241506,-0.0301653743584232,0.9267286148879847
2025-09-10 11:26:22.680000000,-0.3710757222190811,-0.0363356049622121,0.927891444184942
2025-09-10 11:26:22.689999872,-0.3681692229668279,-0.0400817185235116,0.9288944391588336
2025-09-10 11:26:22.700000000,-0.367263174423757,-0.0445301277663448,0.9290504983225067
2025-09-10 11:26:22.710000128,-0.3701646477404786,-0.0404157023560218,0.9280865824729052
2025-09-10 11:26:22.720000000,-0.3704626536522089,-0.0400669786678001,0.9279827905028184
2025-09-10 11:26:22.730000128,-0.3702014520740271,-0.0432582397765264,0.9279437534536876
2025-09-10 11:26:22.740000000,-0.3698191886193495,-0.0445318805888305,0.9280359256732188
2025-09-10 11:26:22.750000128,-0.3698873510178344,-0.0473140100038349,0.9278710751038456
2025-09-10 11:26:22.760000000,-0.3679945115512306,-0.0453042780162055,0.9287236197392644
2025-09-10 11:26:22.769999872,-0.3670871795002674,-0.0431541656179649,0.92918497654469
2025-09-10 11:26:22.780000000,-0.367440236074722,-0.0413790732835417,0.9291261729213895
2025-09-10 11:26:22.790000128,-0.3679776736269195,-0.0399180085796235,0.9289773863249616
2025-09-10 11:26:22.800000000,-0.3693713719541938,-0.0453791862443466,0.9281732160736366
2025-09-10 11:26:22.809999872,-0.3715313292862783,-0.048901209158454,0.9271316751689654
2025-09-10 11:26:22.820000000,-0.3679616485144017,-0.0487570496840364,0.92856177787408
2025-09-10 11:26:22.830000128,-0.3670843883437354,-0.0519436446970752,0.9287361894584972
2025-09-10 11:26:22.840000000,-0.3673222353116112,-0.0503866647622704,0.9287279254226266
2025-09-10 11:26:22.849999872,-0.3675543094654691,-0.0475783747705473,0.9287842202834604
2025-09-10 11:26:22.860000000,-0.3640111300224941,-0.0488276373737848,0.9301138419829268
2025-09-10 11:26:22.870000128,-0.3675334982509973,-0.0472990505770767,0.9288067223474922
2025-09-10 11:26:22.880000000,-0.3750316506440355,-0.0607424301834013,0.9250197934047816
2025-09-10 11:26:22.890000128,-0.3903079867505279,-0.1059409810715262,0.914568851431292
2025-09-10 11:26:22.900000000,-0.3942801743831046,-0.1066579208762286,0.9127799471958118
2025-09-10 11:26:22.909999872,-0.3906048471554513,-0.0967072950510408,0.915464664780994
2025-09-10 11:26:22.920000000,-0.3882230292906422,-0.0960002729732008,0.9165515954475604
2025-09-10 11:26:22.929999872,-0.3869757699243695,-0.0937628407557576,0.9173103527077692
2025-09-10 11:26:22.940000000,-0.3871542460137739,-0.0938533509086111,0.9172257837177994
2025-09-10 11:26:22.950000128,-0.385697377842377,-0.0946988899308865,0.9177525009344146
2025-09-10 11:26:22.960000000,-0.3850864757396617,-0.0935466155855379,0.9181271354855484
2025-09-10 11:26:22.969999872,-0.3857334546508642,-0.0890043766549856,0.9183070961826264
2025-09-10 11:26:22.980000000,-0.3876592273980999,-0.0907213467656832,0.9173276190402908
2025-09-10 11:26:22.990000128,-0.3869275430773988,-0.0904470567292803,0.9176635583573634
2025-09-10 11:26:23.000000000,-0.3843490530564764,-0.0899311740132137,0.918797142657287
2025-09-10 11:26:23.010000128,-0.3869909876618457,-0.0930481696249259,0.9173767021229392
2025-09-10 11:26:23.020000000,-0.3873871928796237,-0.0887668884990629,0.9176336972338364
2025-09-10 11:26:23.030000128,-0.386707760124729,-0.088211645732194,0.9179737544268536
2025-09-10 11:26:23.040000000,-0.3870652586249667,-0.088587563674442,0.9177868647609936
2025-09-10 11:26:23.049999872,-0.3845501055581363,-0.0868908962577229,0.9190055432165554
2025-09-10 11:26:23.060000000,-0.3840075203303482,-0.0875724191988325,0.9191677190401114
2025-09-10 11:26:23.070000128,-0.3862329343624241,-0.0912244675337164,0.9178791951760218
2025-09-10 11:26:23.080000000,-0.385845929033789,-0.0925020108296715,0.9179141011230406
2025-09-10 11:26:23.089999872,-0.3903209512960246,-0.0989371034520089,0.9153474774859508
2025-09-10 11:26:23.100000000,-0.3901739550600082,-0.1142823507241395,0.913621272248953
2025-09-10 11:26:23.110000128,-0.3899384602289333,-0.1236027192851924,0.9125077342245348
2025-09-10 11:26:23.120000000,-0.3904313090804907,-0.1286453595124626,0.9115995636054262
2025-09-10 11:26:23.129999872,-0.3935196207781485,-0.1357266864888334,0.909241758080536
2025-09-10 11:26:23.140000000,-0.398066897667215,-0.1406020506083812,0.9065174065324488
2025-09-10 11:26:23.150000128,-0.402046202599899,-0.1464740880726367,0.9038275236450208
2025-09-10 11:26:23.160000000,-0.403841332212631,-0.1468231286801529,0.902970180726528
2025-09-10 11:26:23.170000128,-0.4114981156756661,-0.1444454091656176,0.8998915626709441
2025-09-10 11:26:23.180000000,-0.4154512288591344,-0.1525232694270991,0.8967368224416257
2025-09-10 11:26:23.189999872,-0.4147740804005786,-0.15722777550671,0.8962376296703158
2025-09-10 11:26:23.200000000,-0.4259906151525106,-0.16816913806102,0.888960705996502
2025-09-10 11:26:23.209999872,-0.4351326481589846,-0.1709512367877345,0.8839882652766908
2025-09-10 11:26:23.220000000,-0.4435761408568954,-0.1761357841799341,0.8787584382490011
2025-09-10 11:26:23.230000128,-0.4224937408007462,-0.1546828265093894,0.893069013104395
2025-09-10 11:26:23.240000000,-0.3462377924230387,-0.1063012782929253,0.9321048381653808
2025-09-10 11:26:23.249999872,-0.2575572210293691,-0.0487734891437977,0.9650313076021776
2025-09-10 11:26:23.260000000,-0.17736013270399,-0.0016348630867027,0.9841446593615752
2025-09-10 11:26:23.270000128,-0.100001908018744,0.0246766557678036,0.9946811956867024
2025-09-10 11:26:23.280000000,-0.0011678359271491,0.0490499340241394,0.9987956448300496
2025-09-10 11:26:23.290000128,0.0016442129946062,0.081602256237846,0.9966636184493348
2025-09-10 11:26:23.300000000,-0.0455616800584093,-0.0598770477893569,0.9971654188038646
2025-09-10 11:26:23.310000128,-0.0275410944498019,-0.0231352226438108,0.9993529154356476
2025-09-10 11:26:23.320000000,-0.0451599055072653,-0.0147952683399721,0.9988702032643296
2025-09-10 11:26:23.329999872,-0.0095019665520918,0.0019398187552175,0.9999529737616863
2025-09-10 11:26:23.340000000,0.0771875762126292,0.0290584710112978,0.9965930379753338
2025-09-10 11:26:23.349999872,0.220144198076971,0.0522286601623417,0.974068118311391
2025-09-10 11:26:23.360000000,0.2689580300758454,0.032747893177287,0.9625950101419444
2025-09-10 11:26:23.369999872,0.3871539240258789,0.0099969372238448,0.9219608995817048
2025-09-10 11:26:23.380000000,0.4828357050905991,0.0134905548246275,0.8756070390421652
2025-09-10 11:26:23.390000128,0.452865243315073,0.0708881561405408,0.8887564012237404
2025-09-10 11:26:23.400000000,0.4887403524757557,0.088829857816888,0.8678952265234009
2025-09-10 11:26:23.409999872,0.4754159451781375,0.097343760305375,0.8743591203847467
2025-09-10 11:26:23.420000000,0.4358403493358902,0.1195947355450852,0.8920427619350265
2025-09-10 11:26:23.430000128,0.4184067429484113,0.1278897628532053,0.8992107684034112
2025-09-10 11:26:23.440000000,0.3883171457929064,0.1604611923818089,0.9074480701520384
2025-09-10 11:26:23.450000128,0.3713817338854435,0.1725372170035654,0.912308345070298
2025-09-10 11:26:23.460000000,0.3551930503231426,0.1852821123394333,0.9162469295169176
2025-09-10 11:26:23.470000128,0.3283791155643159,0.2173845023502184,0.9191904778657934
2025-09-10 11:26:23.480000000,0.299194851614386,0.2263069237475418,0.9269668910114158
2025-09-10 11:26:23.489999872,0.2818215308406585,0.251039029340635,0.9260432120059732
2025-09-10 11:26:23.500000000,0.2738765441745749,0.2458972282836007,0.9297990060617588
2025-09-10 11:26:23.510000128,0.2522351554136133,0.2420186771321913,0.9369121550565211
2025-09-10 11:26:23.520000000,0.2372128095960954,0.2592153107795479,0.9362358173136665
2025-09-10 11:26:23.529999872,0.2306910505682234,0.2530420214303441,0.9395484950646108
2025-09-10 11:26:23.540000000,0.2240275132798983,0.2528597842016153,0.941208586248095
2025-09-10 11:26:23.550000128,0.2129532987547906,0.2364674995301818,0.9480158301502124
2025-09-10 11:26:23.560000000,0.2051336756602955,0.2437900106470848,0.9478853336869344
2025-09-10 11:26:23.570000128,0.1953753026396692,0.2404021736130962,0.9508077019253454
2025-09-10 11:26:23.580000000,0.178545867192302,0.2245004116939416,0.9579775250274924
2025-09-10 11:26:23.590000128,0.1744179130803064,0.21239407182085,0.9614921475769164
2025-09-10 11:26:23.600000000,0.1758431160340547,0.206844062341703,0.9624420670447732
2025-09-10 11:26:23.610000128,0.166661123482854,0.1896348505050675,0.96760668321036
2025-09-10 11:26:23.620000000,0.1549517853790324,0.1795756899754449,0.9714641093615828
2025-09-10 11:26:23.629999872,0.1489465859179244,0.1623265088064062,0.9754306838941034
2025-09-10 11:26:23.640000000,0.1411721516466336,0.1464681611220245,0.9790901395566154
2025-09-10 11:26:23.649999872,0.1337236791609345,0.137752709388175,0.981398068414586
2025-09-10 11:26:23.660000000,0.1349818171682026,0.1173232589761674,0.9838776153247828
2025-09-10 11:26:23.670000128,0.1270295909473283,0.1149428707785976,0.9852165343115844
2025-09-10 11:26:23.680000000,0.1189225046653347,0.1112676063268825,0.9866493590259964
2025-09-10 11:26:23.689999872,0.1096629296798879,0.0984209570155851,0.9890841001017864
2025-09-10 11:26:23.700000000,0.0994727202871985,0.0897369995913981,0.9909855946596794
2025-09-10 11:26:23.710000128,0.0934069627523464,0.0889575544803444,0.9916459513406276
2025-09-10 11:26:23.720000000,0.0889614868740269,0.0927148778566377,0.9917105451073872
2025-09-10 11:26:23.730000128,0.0829455632394636,0.1019771753050288,0.9913226968327192
2025-09-10 11:26:23.740000000,0.0795213301229264,0.105909031459367,0.9911910184776794
2025-09-10 11:26:23.750000128,0.0744390865761849,0.1120242652066769,0.9909134101396588
2025-09-10 11:26:23.760000000,0.0745410955434622,0.1167481530918632,0.990360284858404
2025-09-10 11:26:23.769999872,0.0727391693201729,0.1212844130203666,0.9899490413172368
2025-09-10 11:26:23.780000000,0.0673075126385547,0.1403471962118548,0.9878119068212744
2025-09-10 11:26:23.790000128,0.0641544988015496,0.168109331843876,0.9836785312440888
2025-09-10 11:26:23.800000000,0.0636005525243493,0.1708109375601075,0.9832489986409518
2025-09-10 11:26:23.809999872,0.0634405035239037,0.1703433915005134,0.983340445362
2025-09-10 11:26:23.820000000,0.0612181442116098,0.1716731232209303,0.9832500585216652
2025-09-10 11:26:23.830000128,0.0624068021462597,0.1729770555700951,0.9829467581167242
2025-09-10 11:26:23.840000000,0.0650218356675418,0.1717184873110204,0.9829979257363864
2025-09-10 11:26:23.850000128,0.0649289090133709,0.1691222142645523,0.9834540728557628
2025-09-10 11:26:23.860000000,0.066645978621574,0.1672949976903586,0.9836517154365948
2025-09-10 11:26:23.870000128,0.0688885826176203,0.1706595940743027,0.982918951966707
2025-09-10 11:26:23.880000000,0.0700041545432913,0.1704175908032297,0.9828821206490136
2025-09-10 11:26:23.890000128,0.0702362942197228,0.1622468179228113,0.9842473434295886
2025-09-10 11:26:23.900000000,0.0686309302839696,0.1588985527642823,0.9849066175723328
2025-09-10 11:26:23.909999872,0.074157367890961,0.1465565941294063,0.9864186988823118
2025-09-10 11:26:23.920000000,0.0788624002645663,0.1351075144209367,0.9876875423794248
2025-09-10 11:26:23.929999872,0.0800604358950508,0.1275362146907486,0.9885974107525518
2025-09-10 11:26:23.940000000,0.0475503981694703,0.1081770342214295,0.9929938010385466
2025-09-10 11:26:23.950000128,-0.016354366108387,0.0302275538196411,0.9994092403511556
2025-09-10 11:26:23.960000000,-0.0737233309955957,-0.0512940534341881,0.99595872934033
2025-09-10 11:26:23.969999872,-0.1435685945710753,-0.1233109888712053,0.9819279294716552
2025-09-10 11:26:23.980000000,-0.1865422961209087,-0.1785355143074877,0.9660885269419672
2025-09-10 11:26:23.990000128,-0.2072991536216462,-0.2040633862283982,0.9567576471127622
2025-09-10 11:26:24.000000000,-0.2081842431428037,-0.2129196025370031,0.9546332090193296
2025-09-10 11:26:24.010000128,-0.1978572346739281,-0.2196887825331125,0.9552954273502542
2025-09-10 11:26:24.020000000,-0.1950624486686751,-0.2217272143504852,0.9553992273053996
2025-09-10 11:26:24.030000128,-0.1899398607825519,-0.2154904585605619,0.9578552664965954
2025-09-10 11:26:24.040000000,-0.185810607456672,-0.2095965816351915,0.9599706720121324
2025-09-10 11:26:24.049999872,-0.1803289015743863,-0.204253278908169,0.962165310802794
2025-09-10 11:26:24.060000000,-0.1789433482740949,-0.2025261095687801,0.962788893294574
2025-09-10 11:26:24.070000128,-0.1750804909922919,-0.1973664133736787,0.9645689817456854
2025-09-10 11:26:24.080000000,-0.166868888036799,-0.195854224525415,0.9663311528357712
2025-09-10 11:26:24.089999872,-0.1609916776734537,-0.1928277432950697,0.967935504636346
2025-09-10 11:26:24.100000000,-0.152705000352987,-0.1884960478202796,0.9701290753416936
2025-09-10 11:26:24.110000128,-0.1481891600748476,-0.1909659067308411,0.9703463275051742
2025-09-10 11:26:24.120000000,-0.1416337420305786,-0.1914428396266592,0.971230931485451
2025-09-10 11:26:24.129999872,-0.137912939300499,-0.1898187820316125,0.9720847962814418
2025-09-10 11:26:24.140000000,-0.1339253402219934,-0.1862211228387836,0.9733374012412582
2025-09-10 11:26:24.150000128,-0.1253146870261093,-0.1803574843271081,0.9755856738712112
2025-09-10 11:26:24.160000000,-0.1166061823600402,-0.1771576882003296,0.9772503014821392
2025-09-10 11:26:24.170000128,-0.1128893214524161,-0.1768548621137106,0.9777414580801784
2025-09-10 11:26:24.180000000,-0.112241465478049,-0.1766703618672216,0.9778493936517244
2025-09-10 11:26:24.189999872,-0.1118897741672648,-0.173598407221566,0.978439712729882
2025-09-10 11:26:24.200000000,-0.1080740917589536,-0.1733470339097202,0.9789130689316492
2025-09-10 11:26:24.209999872,-0.0963763789269222,-0.169838490091745,0.9807479191251391
2025-09-10 11:26:24.220000000,-0.1168983721506227,-0.1938429425041202,0.974042958102916
2025-09-10 11:26:24.230000128,-0.154666881984184,-0.2466725274799924,0.9566769673217408
2025-09-10 11:26:24.240000000,-0.1856803642554269,-0.2835895233514895,0.9407974195198704
2025-09-10 11:26:24.249999872,-0.1843093281322452,-0.2887858724899758,0.9394853864822188
2025-09-10 11:26:24.260000000,-0.1753578161717411,-0.2867234162157624,0.9418276481931502
2025-09-10 11:26:24.270000128,-0.1726327384299757,-0.2833603919352478,0.9433476696873058
2025-09-10 11:26:24.280000000,-0.1712152828764503,-0.281671892006594,0.9441113663985636
2025-09-10 11:26:24.290000128,-0.1671561594632458,-0.2778035827246956,0.9459830800700512
2025-09-10 11:26:24.300000000,-0.1631917591769718,-0.2712859262035113,0.948563332614448
2025-09-10 11:26:24.310000128,-0.1591222151219,-0.2709149578599243,0.9493604195785998
2025-09-10 11:26:24.320000000,-0.1559901904247481,-0.2690787420806179,0.9504018576642006
2025-09-10 11:26:24.329999872,-0.1535781056687931,-0.2688483027827931,0.9508597980512148
2025-09-10 11:26:24.340000000,-0.1497731574855597,-0.2695129083766451,0.9512785047057292
2025-09-10 11:26:24.350000128,-0.1450939045718304,-0.2646846746282416,0.9533571114084388
2025-09-10 11:26:24.360000000,-0.1414897651395028,-0.2656581211268103,0.9536280244624428
2025-09-10 11:26:24.369999872,-0.1358255921192722,-0.2677350980235609,0.9538707070729048
2025-09-10 11:26:24.380000000,-0.132810837158264,-0.2659306279809288,0.9547995510236638
2025-09-10 11:26:24.390000128,-0.132506619179134,-0.266220676830406,0.9547609895160548
2025-09-10 11:26:24.400000000,-0.1261824590806767,-0.2677580115507027,0.9551877481787376
2025-09-10 11:26:24.409999872,-0.1183463806112011,-0.2616607224311354,0.957876714683599
2025-09-10 11:26:24.420000000,-0.1162282268638099,-0.2599863503452617,0.9585917258740791
2025-09-10 11:26:24.430000128,-0.1140388292047763,-0.2618109357255902,0.9583580642787406
2025-09-10 11:26:24.440000000,-0.1365361196561193,-0.2677720173340177,0.953758897605742
2025-09-10 11:26:24.449999872,-0.164416238378525,-0.2607222256901101,0.9513102656802624
2025-09-10 11:26:24.460000000,-0.1619758124320212,-0.2630355772941252,0.9510920677119188
2025-09-10 11:26:24.470000128,-0.157225647947519,-0.2697789497705546,0.9499996915200444
2025-09-10 11:26:24.480000000,-0.1488400187038214,-0.2746789348197723,0.9499463835388404
2025-09-10 11:26:24.489999872,-0.1415851644756657,-0.2744848196052098,0.9511107848230376
2025-09-10 11:26:24.500000000,-0.1355113307458645,-0.2732214596103148,0.952358500380972
2025-09-10 11:26:24.510000128,-0.1308386651484989,-0.2763530981003121,0.9521082968194944
2025-09-10 11:26:24.520000000,-0.1279440583259302,-0.2814731767527233,0.9510011402242488
2025-09-10 11:26:24.529999872,-0.1239703666389564,-0.2830275520780448,0.9510661138743786
2025-09-10 11:26:24.540000000,-0.1188223696626224,-0.2840555500466134,0.9514166747306226
2025-09-10 11:26:24.550000128,-0.1110679684378873,-0.2867374222267422,0.9515490303089188
2025-09-10 11:26:24.560000000,-0.0944103872323818,-0.2920914783390124,0.9517191009244071
2025-09-10 11:26:24.570000128,-0.0888279810916187,-0.2927782683219476,0.9520454166548932
2025-09-10 11:26:24.580000000,-0.085855999934125,-0.2952479212820785,0.95155525969537
2025-09-10 11:26:24.590000128,-0.0811549574691196,-0.3088861879493668,0.9476303054315506
2025-09-10 11:26:24.600000000,-0.0668744152104188,-0.3135194738054031,0.947224024259862
2025-09-10 11:26:24.609999872,-0.0483766070646428,-0.3148558422607905,0.947905851064947
2025-09-10 11:26:24.620000000,-0.0324664200425678,-0.3119694499707197,0.949537252483854
2025-09-10 11:26:24.630000128,-0.0209966733415504,-0.3119521929521837,0.9498657636850124
2025-09-10 11:26:24.640000000,-0.0588804327712104,-0.2703317020481927,0.9609650698669552
2025-09-10 11:26:24.649999872,-0.1448647429947444,-0.17402551303435,0.974027374897748
2025-09-10 11:26:24.660000000,-0.2177238874256488,-0.1456515194701746,0.9650813145638522
2025-09-10 11:26:24.670000128,-0.3412207410435707,-0.0832219027256136,0.9362918993499864
2025-09-10 11:26:24.680000000,-0.2816452349509072,-0.1035726259794759,0.9539122982628768
2025-09-10 11:26:24.689999872,-0.3944541188818519,-0.1143504164383363,0.9117729598740693
2025-09-10 11:26:24.700000000,-0.5448828693935559,-0.0741712648797729,0.835225288235204
2025-09-10 11:26:24.710000128,-0.5382661084613165,-0.0173968557010466,0.842595363085762
2025-09-10 11:26:24.720000000,-0.5417435993698012,0.0211185904304963,0.8402784524668484
2025-09-10 11:26:24.729999872,-0.5828571306867758,0.0254025623259402,0.8121774898597323
2025-09-10 11:26:24.740000000,-0.5989091271176736,0.0285354740669658,0.8003084306534074
2025-09-10 11:26:24.750000128,-0.6111764548523807,0.0376299980623139,0.7905993449781666
2025-09-10 11:26:24.760000000,-0.59399444169472,0.0515461457603992,0.802816042498545
2025-09-10 11:26:24.769999872,-0.5666039097420816,0.0564097625826044,0.8220571440905804
2025-09-10 11:26:24.780000000,-0.5540274097847004,0.0417356382764136,0.831451601540893
2025-09-10 11:26:24.790000128,-0.5366643649352678,0.0460107557907911,0.8425404261874833
2025-09-10 11:26:24.800000000,-0.5146265869986718,0.0384444751045852,0.8565520989922513
2025-09-10 11:26:24.809999872,-0.491087324519493,0.0348094575871648,0.870414580162105
2025-09-10 11:26:24.820000000,-0.4783395862146546,0.0346938735141487,0.8774893591380908
2025-09-10 11:26:24.830000128,-0.4634749005678182,0.0308425737390385,0.8855731207465611
2025-09-10 11:26:24.840000000,-0.4504371742325058,0.0317641345982248,0.8922428995641609
2025-09-10 11:26:24.850000128,-0.4368414932553902,0.0296669186403374,0.8990491553351176
2025-09-10 11:26:24.860000000,-0.4267847051576195,0.0255022262384946,0.9039936127542078
2025-09-10 11:26:24.870000128,-0.4244385355298689,0.0224673319921841,0.9051779651264238
2025-09-10 11:26:24.880000000,-0.4125388699453371,0.0202380719412061,0.910715159217374
2025-09-10 11:26:24.889999872,-0.4010005739762212,0.0150123837946183,0.9159547849121944
2025-09-10 11:26:24.900000000,-0.3947088078223947,0.0105339616805803,0.918745880360144
2025-09-10 11:26:24.910000128,-0.3825796648616144,0.0059212624191135,0.9239035332142306
2025-09-10 11:26:24.920000000,-0.3757227221687872,0.013121836176415,0.9266392250824674
2025-09-10 11:26:24.929999872,-0.3705192923830372,0.0165496047132426,0.9286773199318528
2025-09-10 11:26:24.940000000,-0.3694661503766613,0.0117020173046145,0.9291705045452384
2025-09-10 11:26:24.950000128,-0.3648303877455773,0.0125663547137632,0.9309891916164332
2025-09-10 11:26:24.960000000,-0.3643526572345807,0.0149025788225588,0.931141801397906
2025-09-10 11:26:24.969999872,-0.3650243438543074,0.0143114226898475,0.9308879694003596
2025-09-10 11:26:24.980000000,-0.3657236533471645,0.0120931628319993,0.9306449187499612
2025-09-10 11:26:24.990000128,-0.3645684897473302,0.0051641566177266,0.9311622564138746
2025-09-10 11:26:25.000000000,-0.3637588989875264,0.0055862396425444,0.9314763858166448
2025-09-10 11:26:25.009999872,-0.3784353725669459,-0.000132414219014,0.925627706616754
2025-09-10 11:26:25.020000000,-0.3921846977425681,-0.0148304568313201,0.919766938091789
2025-09-10 11:26:25.030000128,-0.3853966370522403,-0.0178333439632964,0.9225786708958268
2025-09-10 11:26:25.040000000,-0.3824072542308467,-0.014910502503218,0.9238735675549584
2025-09-10 11:26:25.049999872,-0.3834702236726219,-0.0083318834071599,0.9235156562156156
2025-09-10 11:26:25.060000000,-0.3819877063259469,-0.0047971899579618,0.924154954098256
2025-09-10 11:26:25.070000128,-0.3769349360841912,-0.0018494779659001,0.9262378924393346
2025-09-10 11:26:25.080000000,-0.3735301653579057,-0.000962829989688,0.9276175335374524
2025-09-10 11:26:25.089999872,-0.3726546991453652,0.001734122907727,0.927968462838376
2025-09-10 11:26:25.100000000,-0.369049316025762,-0.0025435560168167,0.9294063334536228
2025-09-10 11:26:25.110000128,-0.3685077984593293,-0.003878279928788,0.9296165668809117
2025-09-10 11:26:25.120000000,-0.3717295588767986,-0.0002017215534141,0.9283410442104107
2025-09-10 11:26:25.129999872,-0.3728373214047737,-0.0049669512399038,0.9278834308053432
2025-09-10 11:26:25.140000000,-0.3714025006921939,-0.0074054908967635,0.9284424275011148
2025-09-10 11:26:25.150000128,-0.3725264283846969,-0.0062267334435673,0.9280006939359282
2025-09-10 11:26:25.160000000,-0.3703763573911358,-0.0054573724466444,0.9288657443202716
2025-09-10 11:26:25.169999872,-0.3702031372518816,-0.0071159207981562,0.9289235710434196
2025-09-10 11:26:25.180000000,-0.369053031109879,-0.007593010960123,0.9293773218737212
2025-09-10 11:26:25.190000128,-0.3699174133955689,-0.0108204530563051,0.929001628126877
2025-09-10 11:26:25.200000000,-0.3670896820697468,-0.0137260359171849,0.930084276426568
2025-09-10 11:26:25.209999872,-0.3697698673642864,-0.0147683839549069,0.9290059956882724
2025-09-10 11:26:25.220000000,-0.3708734491777722,-0.0197582895178762,0.928473206231774
2025-09-10 11:26:25.230000128,-0.3713663044597327,-0.0212003895531928,0.9282443705160373
2025-09-10 11:26:25.240000000,-0.3741770107238535,-0.0226364325533247,0.927080987059394
2025-09-10 11:26:25.249999872,-0.3747578173656695,-0.022170242868653,0.926857625881378
2025-09-10 11:26:25.260000000,-0.3755231158426673,-0.0257544010286707,0.9264551258941088
2025-09-10 11:26:25.270000128,-0.374571274120837,-0.0316952323105474,0.926656232295598
2025-09-10 11:26:25.280000000,-0.3737119106695261,-0.0386472652727305,0.926739335903398
2025-09-10 11:26:25.289999872,-0.3757760620523911,-0.0410078162900284,0.9258027382717772
2025-09-10 11:26:25.300000000,-0.3781059124538183,-0.0379038824209296,0.9249860618760078
2025-09-10 11:26:25.310000128,-0.3748628110683516,-0.0362788368710879,0.9263701845769944
2025-09-10 11:26:25.320000000,-0.3705485970799815,-0.0357939130244558,0.9281231238324232
2025-09-10 11:26:25.329999872,-0.363122732081564,-0.0287072780120061,0.9312989711337396
2025-09-10 11:26:25.340000000,-0.3625501747885825,-0.0246004701111313,0.9316395159239864
2025-09-10 11:26:25.350000128,-0.3610813397283617,-0.0276516709093994,0.932124268108008
2025-09-10 11:26:25.360000000,-0.3619234135626888,-0.0249895081332557,0.931872827803445
2025-09-10 11:26:25.369999872,-0.3630002478129627,-0.0230214681052678,0.9315046065876464
2025-09-10 11:26:25.380000000,-0.3635288533378622,-0.0256464193583108,0.93122985023299
2025-09-10 11:26:25.390000128,-0.3652400671847901,-0.0283623645361972,0.9304812032495692
2025-09-10 11:26:25.400000000,-0.3696393702379126,-0.0270513323833708,0.9287814389760404
2025-09-10 11:26:25.409999872,-0.369074723240423,-0.023556721688511,0.929101140634482
2025-09-10 11:26:25.420000000,-0.3660318255116216,-0.0166032959893882,0.9304542080483696
2025-09-10 11:26:25.430000128,-0.3662445038142448,-0.0224941486979912,0.9302467289381944
2025-09-10 11:26:25.440000000,-0.3669894059304211,-0.0244496406808238,0.9299037536247584
2025-09-10 11:26:25.449999872,-0.3704509394706929,-0.0230697641561259,0.928565499804436
2025-09-10 11:26:25.460000000,-0.3703258925726811,-0.0229350084415422,0.9286187154467832
2025-09-10 11:26:25.470000128,-0.3740083573780763,-0.0178344311888021,0.9272538388572598
2025-09-10 11:26:25.480000000,-0.3754480298648105,-0.0158320542939701,0.9267082188733762
2025-09-10 11:26:25.489999872,-0.3720132422426243,-0.0167088497686073,0.928077023708453
2025-09-10 11:26:25.500000000,-0.371994361309887,-0.016165502379603,0.9280942148760892
2025-09-10 11:26:25.510000128,-0.3724845579787345,-0.0150138602054842,0.9279169348972554
2025-09-10 11:26:25.520000000,-0.3761070989922614,-0.0098048211515479,0.926524320009902
2025-09-10 11:26:25.529999872,-0.3755035865164651,-0.0103998004641508,0.926762591316448
2025-09-10 11:26:25.540000000,-0.3744502842080583,-0.011846625442304,0.927171312175983
2025-09-10 11:26:25.550000128,-0.3769775402355462,-0.012303010688841,0.9261406859035766
2025-09-10 11:26:25.560000000,-0.3762857218220499,-0.0081043084800027,0.9264682270520236
2025-09-10 11:26:25.570000128,-0.3738710498912892,-0.0064672658393719,0.9274581459698048
2025-09-10 11:26:25.580000000,-0.3750143175642773,-0.009000009336165,0.9269753294741712
2025-09-10 11:26:25.590000128,-0.3736249051027019,-0.0163515826917384,0.9274357422649142
2025-09-10 11:26:25.600000000,-0.3751323842278885,-0.0150481689363554,0.9268490960858532
2025-09-10 11:26:25.609999872,-0.3786136073605725,-0.0121234426135967,0.9254754229371028
2025-09-10 11:26:25.620000000,-0.3791504894982576,-0.0124649115958308,0.9252510644642024
2025-09-10 11:26:25.630000128,-0.3792810808752135,-0.0134286191249933,0.925184054055476
2025-09-10 11:26:25.640000000,-0.3800226741460769,-0.011184529857479,0.924909548781248
2025-09-10 11:26:25.649999872,-0.3804048569745284,-0.0130426862034412,0.924728086048427
2025-09-10 11:26:25.660000000,-0.379386775129829,-0.0102539984755941,0.9251813499913684
2025-09-10 11:26:25.670000128,-0.3803417496898815,-0.0108222039403702,0.924782695201804
2025-09-10 11:26:25.680000000,-0.3808356973978792,-0.0112961231170674,0.9245737229610168
2025-09-10 11:26:25.689999872,-0.3813848794136548,-0.0099279839966966,0.9243630287329722
2025-09-10 11:26:25.700000000,-0.3797534496333664,-0.0112614827452743,0.9250191870971846
2025-09-10 11:26:25.710000128,-0.3797864352321387,-0.0108215955842093,0.9250108954399814
2025-09-10 11:26:25.720000000,-0.3824563193466218,-0.0040026046318337,0.9239649035261004
2025-09-10 11:26:25.729999872,-0.3812903667953708,-0.005343259052625,0.9244398875923454
2025-09-10 11:26:25.740000000,-0.3783225999260133,-0.0065253948703447,0.9256508140800224
2025-09-10 11:26:25.750000128,-0.3789241148778394,-0.0097736878911091,0.9253761344388848
2025-09-10 11:26:25.760000000,-0.3813334692039392,-0.0131073486252582,0.9243446233288234
2025-09-10 11:26:25.769999872,-0.3810142763927744,-0.0104496588334637,0.9245101004397706
2025-09-10 11:26:25.780000000,-0.3782552948914478,-0.0105904931245903,0.9256407366478432
2025-09-10 11:26:25.790000128,-0.3806630013495101,-0.0133931156725707,0.9246168416464
2025-09-10 11:26:25.800000000,-0.3819130872554516,-0.0129177676239316,0.9241079618002564
2025-09-10 11:26:25.809999872,-0.3836915749535705,-0.0116038059301444,0.9233883944460122
2025-09-10 11:26:25.820000000,-0.3861428178824243,-0.0157128088182498,0.9223051728342752
2025-09-10 11:26:25.830000128,-0.3837666276885221,-0.0108231117191299,0.9233666854101324
2025-09-10 11:26:25.840000000,-0.3859786074648527,-0.0105804872812838,0.9224470542358428
2025-09-10 11:26:25.850000128,-0.3906179209675792,-0.009070401108181,0.9205082116106856
2025-09-10 11:26:25.860000000,-0.3912860775659649,-0.0116859305553172,0.920194894862006
2025-09-10 11:26:25.870000128,-0.3909284282151378,-0.0158847068161386,0.9202839996993358
2025-09-10 11:26:25.880000000,-0.399000651528092,-0.0120331437920989,0.916871683241792
2025-09-10 11:26:25.889999872,-0.3958062794837562,-0.0089280920375899,0.9182906284471136
2025-09-10 11:26:25.900000000,-0.3379241971128706,0.0037172256545332,0.941165989206503
2025-09-10 11:26:25.910000128,-0.2539452107306169,0.0373361308160236,0.9664977202677052
2025-09-10 11:26:25.920000000,-0.1676090823535625,0.0497679158928107,0.9845965417673792
2025-09-10 11:26:25.929999872,-0.0794095634197556,0.0550852047326872,0.9953189144475464
2025-09-10 11:26:25.940000000,-0.0083719658973552,0.0700633953261538,0.9975074089060116
2025-09-10 11:26:25.950000128,0.0607848425717816,0.0828834226346283,0.9947037454266942
2025-09-10 11:26:25.960000000,0.1269965090687099,0.0840316332123456,0.9883372760874836
2025-09-10 11:26:25.969999872,0.1262317287428444,0.0652698081658062,0.9898512023534608
2025-09-10 11:26:25.980000000,0.099173628521171,0.05791324414525,0.9933834343084836
2025-09-10 11:26:25.990000128,0.0932938137571073,0.0456039464486302,0.994593657924162
2025-09-10 11:26:26.000000000,0.1049531913961406,-0.0223325769080908,0.9942263744361288
2025-09-10 11:26:26.009999872,0.1973669465655692,-0.0709994781420504,0.9777552671844526
2025-09-10 11:26:26.020000000,0.2262015383752098,-0.0649783677771492,0.9719108373496542
2025-09-10 11:26:26.030000128,0.1472448095059405,-0.0749421078017733,0.9862568866942256
2025-09-10 11:26:26.040000000,0.2214740288826485,-0.0969583330012625,0.9703341363633996
2025-09-10 11:26:26.049999872,0.3343141023686798,-0.0367087409095827,0.941746541962463
2025-09-10 11:26:26.060000000,0.3782621564503564,-0.1223999000799321,0.9175707086965824
2025-09-10 11:26:26.070000128,0.3971789423857083,-0.1201956226120377,0.9098361940647748
2025-09-10 11:26:26.080000000,0.4050502613150846,-0.2268504772707764,0.8857048869519704
2025-09-10 11:26:26.089999872,0.455814838820974,-0.1466493999877978,0.8779104659325051
2025-09-10 11:26:26.100000000,0.4965339144131849,-0.0819399440952368,0.8641411443735273
2025-09-10 11:26:26.110000128,0.5290974664412766,-0.1140522149265972,0.8408614411874048
2025-09-10 11:26:26.120000000,0.5770094271189249,-0.1713208920767073,0.7985670121874129
2025-09-10 11:26:26.129999872,0.628563251002546,-0.1802507793414134,0.7565830397490574
2025-09-10 11:26:26.140000000,0.6344911089042891,-0.160522548394787,0.756077736861924
2025-09-10 11:26:26.150000128,0.6094682873934936,-0.1778263672482284,0.7726099855508859
2025-09-10 11:26:26.160000000,0.608617674925716,-0.174030044729256,0.7741434423280665
2025-09-10 11:26:26.169999872,0.6013518598912604,-0.1665896961705792,0.7814242213645005
2025-09-10 11:26:26.180000000,0.5632841417330607,-0.1507912550107557,0.8123872063765716
2025-09-10 11:26:26.190000128,0.5549790409033796,-0.132713518466211,0.8212097090112146
2025-09-10 11:26:26.200000000,0.5298230152184705,-0.1177186727150348,0.8398987359432201
2025-09-10 11:26:26.209999872,0.514969799354103,-0.1114636632156313,0.8499305604199365
2025-09-10 11:26:26.220000000,0.5022954953587434,-0.1051970094964082,0.8582731642870626
2025-09-10 11:26:26.230000128,0.4712344839124327,-0.0935744332406367,0.8770301514859549
2025-09-10 11:26:26.240000000,0.4476145820669488,-0.0898615726412839,0.8896999964501888
2025-09-10 11:26:26.249999872,0.4370352133463271,-0.0932310756567632,0.894599457202615
2025-09-10 11:26:26.260000000,0.4221256401255967,-0.0679256554151356,0.9039889652451404
2025-09-10 11:26:26.270000128,0.4043090580432291,-0.0726396553480995,0.91173333056059
2025-09-10 11:26:26.280000000,0.3887343859784817,-0.0807238979572536,0.91780674951567
2025-09-10 11:26:26.289999872,0.3778302978838083,-0.0772501861363591,0.9226465600341937
2025-09-10 11:26:26.300000000,0.3714391336405689,-0.0857322142691796,0.9244906475659164
2025-09-10 11:26:26.310000128,0.3580212388400922,-0.0861916546092173,0.9297267293216492
2025-09-10 11:26:26.320000000,0.345633573147881,-0.0918148647610757,0.933866941122735
2025-09-10 11:26:26.329999872,0.3291468812188015,-0.1033963552243146,0.938600833320674
2025-09-10 11:26:26.340000000,0.3193516329687545,-0.1040631589500298,0.941905193461386
2025-09-10 11:26:26.350000128,0.3181003167856001,-0.1024862716257457,0.9425013276325688
2025-09-10 11:26:26.360000000,0.3015856899365763,-0.1056369866759688,0.9475689413818398
2025-09-10 11:26:26.369999872,0.2839020132897691,-0.127738730698624,0.9503065103057646
2025-09-10 11:26:26.380000000,0.2774331651313859,-0.1400734361492716,0.95047896945199
2025-09-10 11:26:26.390000128,0.2642480250365213,-0.1339977039276956,0.9551008305966464
2025-09-10 11:26:26.400000000,0.2553563403973465,-0.1269847907645789,0.9584717013732594
2025-09-10 11:26:26.409999872,0.2555681871117362,-0.1351270288489461,0.9573012001511731
2025-09-10 11:26:26.420000000,0.2509274733468007,-0.1399419631915034,0.9578369642365544
2025-09-10 11:26:26.430000128,0.2448606163713477,-0.1458714650974758,0.9585221928680416
2025-09-10 11:26:26.440000000,0.2393995771285718,-0.1449364829711496,0.9600423211372584
2025-09-10 11:26:26.449999872,0.2317176351820367,-0.1411166414133431,0.9624931329946528
2025-09-10 11:26:26.460000000,0.2210173917722973,-0.1353802292658104,0.9658278863535198
2025-09-10 11:26:26.470000128,0.2149210128036028,-0.132449466863422,0.9676084419759208
2025-09-10 11:26:26.480000000,0.2066379486935342,-0.1308402408549661,0.9696296146120656
2025-09-10 11:26:26.489999872,0.2025960381139358,-0.1328976359327517,0.9702025890008862
2025-09-10 11:26:26.500000000,0.1987835815211371,-0.1314976193334867,0.9711814783176492
2025-09-10 11:26:26.510000128,0.2333616130375614,-0.1303224724441894,0.9636173570129072
2025-09-10 11:26:26.520000000,0.2760835734295145,-0.1232179810325445,0.9532025963207682
2025-09-10 11:26:26.529999872,0.2793523181002399,-0.111715634295238,0.9536676042657812
2025-09-10 11:26:26.540000000,0.2824099033346705,-0.111724551954895,0.9527655907876712
2025-09-10 11:26:26.550000128,0.2841170481019945,-0.1082680295065342,0.9526570929587316
2025-09-10 11:26:26.560000000,0.282559069652734,-0.1099272452048577,0.9529304134713368
2025-09-10 11:26:26.570000128,0.2790390692644094,-0.1127869816315008,0.9536332075795744
2025-09-10 11:26:26.580000000,0.2778535024191277,-0.115017640086599,0.9537129409116422
2025-09-10 11:26:26.590000128,0.2750690395785513,-0.1137410562399447,0.9546727164797134
2025-09-10 11:26:26.600000000,0.2715521928563479,-0.1131301025310786,0.9557515296645968
2025-09-10 11:26:26.609999872,0.2717178641946888,-0.111623777808556,0.9558815483652892
2025-09-10 11:26:26.620000000,0.2690460938889785,-0.10879006172608,0.9569633858370542
2025-09-10 11:26:26.630000128,0.2632845848150133,-0.1091374900596752,0.958525031317524
2025-09-10 11:26:26.640000000,0.2647249457221919,-0.1150173085419768,0.9574401923087116
2025-09-10 11:26:26.649999872,0.2668139357725574,-0.111528213026711,0.95727309654906
2025-09-10 11:26:26.660000000,0.2679741193436408,-0.1097483852503943,0.957154722757471
2025-09-10 11:26:26.670000128,0.2687189517701679,-0.109957501245784,0.9569218739684684
2025-09-10 11:26:26.680000000,0.2708156294386047,-0.1146694260262569,0.9557770752568724
2025-09-10 11:26:26.689999872,0.2720402379005704,-0.1175309938224316,0.9550814491204992
2025-09-10 11:26:26.700000000,0.2717140985676272,-0.1133908336139595,0.9556746138157658
2025-09-10 11:26:26.710000128,0.2730225693327194,-0.1162894733433104,0.9549531061913438
2025-09-10 11:26:26.720000000,0.2457320806924895,-0.1185523597782977,0.9620608517705816
2025-09-10 11:26:26.729999872,0.2270515131669602,-0.1201255374033339,0.9664457903225374
2025-09-10 11:26:26.740000000,0.2284430961343417,-0.1190910787782429,0.9662458624925596
2025-09-10 11:26:26.750000128,0.2297925174522265,-0.1157576057783359,0.9663309865814278
2025-09-10 11:26:26.760000000,0.2358444052231653,-0.1146080913593922,0.9650090164966796
2025-09-10 11:26:26.769999872,0.2370619313292327,-0.110189469940105,0.9652253215849514
2025-09-10 11:26:26.780000000,0.2401852977827512,-0.1104318809040238,0.9644251253513728
2025-09-10 11:26:26.790000128,0.2382590489252947,-0.1090781896208693,0.9650567725031765
2025-09-10 11:26:26.800000000,0.239468928159991,-0.1111075799489276,0.9645256544663796
2025-09-10 11:26:26.809999872,0.2407908168611433,-0.1085634052747025,0.9644862723494328
2025-09-10 11:26:26.820000000,0.2420796949081838,-0.1059382507239523,0.9644555502182098
2025-09-10 11:26:26.830000128,0.2430062579523576,-0.1034302834221215,0.9644947563710298
2025-09-10 11:26:26.840000000,0.244008009107557,-0.1038873484467217,0.96419267282223
2025-09-10 11:26:26.850000128,0.2470901091534615,-0.1020738724194201,0.963601267396341
2025-09-10 11:26:26.860000000,0.2496682193654853,-0.1047599273483544,0.962647982317958
2025-09-10 11:26:26.870000128,0.2507961656245474,-0.1058231632114393,0.9622384015595872
2025-09-10 11:26:26.880000000,0.2541426157373902,-0.1056246673191472,0.96138179747688
2025-09-10 11:26:26.889999872,0.2544802170665601,-0.1052560897753763,0.9613329156369058
2025-09-10 11:26:26.900000000,0.2557320987008433,-0.1045814711450251,0.9610742997225576
2025-09-10 11:26:26.910000128,0.2603319835951301,-0.1036632124804157,0.9599381212847342
2025-09-10 11:26:26.920000000,0.2581271165008811,-0.1018753228446314,0.9607246277275516
2025-09-10 11:26:26.929999872,0.256568033994899,-0.0997702774090779,0.9613629573047362
2025-09-10 11:26:26.940000000,0.2676675837631689,-0.0890093417412335,0.9593911619799192
2025-09-10 11:26:26.950000128,0.2860444912222653,-0.0848218827549867,0.9544547119938666
2025-09-10 11:26:26.960000000,0.2905482918651727,-0.0995583679533988,0.951666864750836
2025-09-10 11:26:26.969999872,0.2902478635272007,-0.097023041613358,0.9520203291495346
2025-09-10 11:26:26.980000000,0.2901971358231578,-0.0972071047230058,0.9520170172593588
2025-09-10 11:26:26.990000128,0.289503006887772,-0.0953078048593058,0.9524203018288928
2025-09-10 11:26:27.000000000,0.2834908152437496,-0.090826460284696,0.9546640832170168
2025-09-10 11:26:27.009999872,0.2856256534388434,-0.0881278815501968,0.9542805995047308
2025-09-10 11:26:27.020000000,0.2875968265887531,-0.0908829421445532,0.9534297856492782
2025-09-10 11:26:27.030000128,0.2850341626013222,-0.0898923773559933,0.9542928725729072
2025-09-10 11:26:27.040000000,0.2845205507730774,-0.0869359519164294,0.9547199570827924
2025-09-10 11:26:27.049999872,0.2853615841905708,-0.0880298816680692,0.9543686427171388
2025-09-10 11:26:27.060000000,0.2814486216682882,-0.0869074994326897,0.9556326490359032
2025-09-10 11:26:27.070000128,0.2828977733065217,-0.0835832362962765,0.9555012781092722
2025-09-10 11:26:27.080000000,0.2991710372523818,-0.1024229852419179,0.9486865776237524
2025-09-10 11:26:27.089999872,0.3322211965535939,-0.1635479863121218,0.9289139533529188
2025-09-10 11:26:27.100000000,0.3416138235547761,-0.1905522472943331,0.9203205075447172
2025-09-10 11:26:27.110000128,0.3304272440049542,-0.1950669380749908,0.9234536946102594
2025-09-10 11:26:27.120000000,0.3295784791362664,-0.1909545222830585,0.924615810220588
2025-09-10 11:26:27.129999872,0.3282856495245561,-0.1863412595638474,0.9260159109326356
2025-09-10 11:26:27.140000000,0.3279827035870921,-0.1870438457709113,0.9259816120781932
2025-09-10 11:26:27.150000128,0.331194458418069,-0.180608538713768,0.9261159681469916
2025-09-10 11:26:27.160000000,0.3419059355396122,-0.187054698437423,0.9209293518154732
2025-09-10 11:26:27.169999872,0.343407074403348,-0.1872427607233078,0.9203324018018968
2025-09-10 11:26:27.180000000,0.3428859048714386,-0.1859486134280283,0.920788992877678
2025-09-10 11:26:27.190000128,0.3452126325469252,-0.1841944463090122,0.9202720490588302
2025-09-10 11:26:27.200000000,0.3420922140738416,-0.1790753120898507,0.9224450930380516
2025-09-10 11:26:27.209999872,0.3425738375464981,-0.1819876967428072,0.9216960692456672
2025-09-10 11:26:27.220000000,0.3445782393985568,-0.1821666050775969,0.9209132233427284
2025-09-10 11:26:27.230000128,0.3436586210109535,-0.1797470009434821,0.9217319392625352
2025-09-10 11:26:27.240000000,0.3411376487849107,-0.1815317275400279,0.9223184571924364
2025-09-10 11:26:27.249999872,0.3422221201548621,-0.1821377913841727,0.9217970738868762
2025-09-10 11:26:27.260000000,0.3434293750758641,-0.1752294905057701,0.9226867778353008
2025-09-10 11:26:27.270000128,0.3403148101471998,-0.1744398561287857,0.9239894840247068
2025-09-10 11:26:27.280000000,0.3409322853472787,-0.1751575029353377,0.9236260206237908
2025-09-10 11:26:27.289999872,0.3403643562987274,-0.1721810344666762,0.9243948270794998
2025-09-10 11:26:27.300000000,0.3419066880612941,-0.1740092101266008,0.9234828701443648
2025-09-10 11:26:27.310000128,0.3408932042256961,-0.1744468205631612,0.9237749347693636
2025-09-10 11:26:27.320000000,0.339638651939986,-0.172312264355302,0.9246372638289772
2025-09-10 11:26:27.329999872,0.338401252951651,-0.1692783951433732,0.9256508072369608
2025-09-10 11:26:27.340000000,0.3384786572314679,-0.168653937764487,0.9257364894370942
2025-09-10 11:26:27.350000128,0.3314963197742431,-0.1627017898700652,0.929321428543004
2025-09-10 11:26:27.360000000,0.3299353989173632,-0.1606455924248257,0.9302341781378048
2025-09-10 11:26:27.369999872,0.3296788561080205,-0.1628429578480725,0.9299430213268972
2025-09-10 11:26:27.380000000,0.327935924799461,-0.1626206378598196,0.9305979568900782
2025-09-10 11:26:27.390000128,0.3224003350575459,-0.1625771516572471,0.9325377706633652
2025-09-10 11:26:27.400000000,0.2763077833830287,-0.1543496068880275,0.9485938054275228
2025-09-10 11:26:27.409999872,0.1979405342899158,-0.1492861749028856,0.968779222974919
2025-09-10 11:26:27.420000000,0.1259561303631947,-0.1463940665751426,0.9811747196577798
2025-09-10 11:26:27.430000128,0.0911913017379657,-0.142042522737896,0.9856510884798888
2025-09-10 11:26:27.440000000,0.0910254798889909,-0.1446606492648594,0.9852855720882387
2025-09-10 11:26:27.449999872,0.0929232000924907,-0.1506759598562756,0.9842062964673418
2025-09-10 11:26:27.460000000,0.0936133349721035,-0.1461279780784535,0.9848264606204
2025-09-10 11:26:27.470000128,0.0962259143426484,-0.14236381746915,0.9851259396059632
2025-09-10 11:26:27.480000000,0.0965435410978714,-0.1394584053854514,0.9855103742932548
2025-09-10 11:26:27.489999872,0.0992066676490374,-0.1356421716371742,0.985778493561066
2025-09-10 11:26:27.500000000,0.0981397964923065,-0.1390509781205276,0.9854102728448558
2025-09-10 11:26:27.510000128,0.1014125595376063,-0.1388174374789444,0.9851117763075472
2025-09-10 11:26:27.520000000,0.1003332186329535,-0.1425887257557228,0.9846835534963054
2025-09-10 11:26:27.529999872,0.0991752180996226,-0.1402244637013306,0.9851402823428584
2025-09-10 11:26:27.540000000,0.098878319142878,-0.1412998156546902,0.985016466917904
2025-09-10 11:26:27.550000128,0.0977998808385126,-0.1372310795783632,0.9856991498960164
2025-09-10 11:26:27.560000000,0.0988358496258762,-0.1377357544453987,0.9855254115323908
2025-09-10 11:26:27.570000128,0.1020426481611543,-0.1435038537014012,0.984374899075096
2025-09-10 11:26:27.580000000,0.104380963981001,-0.1402985072738255,0.9845917647508196
2025-09-10 11:26:27.590000128,0.1056321146831104,-0.1399711073030746,0.9845049240445298
2025-09-10 11:26:27.600000000,0.1060381099156228,-0.1418694337603974,0.9841895056390444
2025-09-10 11:26:27.609999872,0.1103895910959382,-0.138468176531686,0.9841954593807378
2025-09-10 11:26:27.620000000,0.1110393140904466,-0.1401631664236556,0.9838823900774004
2025-09-10 11:26:27.630000128,0.1107681512689322,-0.1414563235838798,0.9837278715084756
2025-09-10 11:26:27.640000000,0.1132891308467208,-0.1411709517576503,0.9834817411685048
2025-09-10 11:26:27.649999872,0.117142420723351,-0.1391250365751458,0.9833218585310904
2025-09-10 11:26:27.660000000,0.1195946759743056,-0.1407621525921097,0.9827935336967966
2025-09-10 11:26:27.670000128,0.1209704711051637,-0.1408290039378884,0.9826155589906244
2025-09-10 11:26:27.680000000,0.1229111557369904,-0.1442494022461028,0.9818782805149726
2025-09-10 11:26:27.689999872,0.1061070698109747,-0.1510316884103055,0.9828177444633676
2025-09-10 11:26:27.700000000,0.0708129293053693,-0.157166663132926,0.9850300345892272
2025-09-10 11:26:27.710000128,0.0656713264385984,-0.1592336739306273,0.9850542695559212
2025-09-10 11:26:27.720000000,0.0646676265363286,-0.1559981807650572,0.9856382022203432
2025-09-10 11:26:27.729999872,0.0675317206950317,-0.1534043235734773,0.9858532244755972
2025-09-10 11:26:27.740000000,0.0700937731194411,-0.1503360433051014,0.9861470159429816
2025-09-10 11:26:27.750000128,0.067826608569388,-0.1494575944792981,0.9864390394861898
2025-09-10 11:26:27.760000000,0.0705963967595781,-0.14987066654506,0.9861819974395718
2025-09-10 11:26:27.769999872,0.0734054136643624,-0.1493999590931589,0.9860483241037056
2025-09-10 11:26:27.780000000,0.0729303052079016,-0.1506954702802739,0.9858864264301894
2025-09-10 11:26:27.790000128,0.0742144372494179,-0.147889938645342,0.9862153838544748
2025-09-10 11:26:27.800000000,0.0755595099806371,-0.1465439026748591,0.9863141715702496
2025-09-10 11:26:27.809999872,0.077380949145216,-0.1460078597632192,0.9862524492221804
2025-09-10 11:26:27.820000000,0.0788165082299186,-0.1449352571738437,0.9862969782263328
2025-09-10 11:26:27.830000128,0.076885982902804,-0.1420826682534942,0.9868642566305852
2025-09-10 11:26:27.840000000,0.0674961010497918,-0.1426131111196182,0.9874744436591056
2025-09-10 11:26:27.850000128,0.0575055345716746,-0.1442156262427825,0.9878739629330392
2025-09-10 11:26:27.860000000,0.0545177840842287,-0.1467702640171882,0.9876671002007056
2025-09-10 11:26:27.870000128,0.0537511737724056,-0.1447969195250924,0.98800033573584
2025-09-10 11:26:27.880000000,0.0525682138939906,-0.1436346576910352,0.9882336100325544
2025-09-10 11:26:27.889999872,0.0508913237450525,-0.1430353980508133,0.9884082901675408
2025-09-10 11:26:27.900000000,0.0480866399982866,-0.142984173454161,0.9885561193960136
2025-09-10 11:26:27.910000128,0.0499589552045076,-0.1462134658807819,0.987990751571088
2025-09-10 11:26:27.920000000,0.0500664244607322,-0.1459003042983867,0.9880316059455568
2025-09-10 11:26:27.929999872,0.0484402513224818,-0.1460096720972164,0.9880965123437478
2025-09-10 11:26:27.940000000,0.0489772271293661,-0.1485242194660638,0.987695189547218
2025-09-10 11:26:27.950000128,0.0476742333155444,-0.1484714425837844,0.9877668744267876
2025-09-10 11:26:27.960000000,0.0489286483544157,-0.1453149755660494,0.988174855603222
2025-09-10 11:26:27.969999872,0.049087498957697,-0.146551046051956,0.9879844170568458
2025-09-10 11:26:27.980000000,0.0487087770835311,-0.1508297781016502,0.9873590193403988
2025-09-10 11:26:27.990000128,0.0490836140780055,-0.1521010137496171,0.987145420110624
2025-09-10 11:26:28.000000000,0.0479361925575684,-0.1523672204457742,0.9871607526521264
2025-09-10 11:26:28.009999872,0.0467690813563368,-0.1523987024221698,0.9872118762095212
2025-09-10 11:26:28.020000000,0.0496695785310222,-0.1564782388067532,0.9864316974572986
2025-09-10 11:26:28.030000128,0.0503457692178959,-0.1531472326101024,0.9869200720756092
2025-09-10 11:26:28.040000000,0.0511633492019614,-0.15207070986597,0.9870444827358584
2025-09-10 11:26:28.049999872,0.0543936828123574,-0.1531195650049435,0.9867095449435996
2025-09-10 11:26:28.060000000,0.0562749159325113,-0.1581932141523109,0.9858032465116708
2025-09-10 11:26:28.070000128,0.0563181159180664,-0.1562190764144831,0.9861155459598256
2025-09-10 11:26:28.080000000,0.058427258514539,-0.1538368449417468,0.9863673152537266
2025-09-10 11:26:28.089999872,0.0595620617697866,-0.1541731333733978,0.9862469293962648
2025-09-10 11:26:28.100000000,0.0616062704742985,-0.1549937936421526,0.985992693365758
2025-09-10 11:26:28.110000128,0.063421269865373,-0.1514367973927945,0.986430250410072
2025-09-10 11:26:28.120000000,0.0670356190593723,-0.1543135460768234,0.98574517765725
2025-09-10 11:26:28.129999872,0.0695302085073717,-0.1546834335934948,0.985514376088268
2025-09-10 11:26:28.140000000,0.0674989406030545,-0.1515299542995431,0.9861453067207914
2025-09-10 11:26:28.150000128,0.068025084826009,-0.1545922509988778,0.9856337168367943
2025-09-10 11:26:28.160000000,0.0682162297917475,-0.1538092886931126,0.9857429932313586
2025-09-10 11:26:28.169999872,0.0708181307890369,-0.1527376047250991,0.9857261366395772
2025-09-10 11:26:28.180000000,0.0742174279396126,-0.1515604952818156,0.985657744686237
2025-09-10 11:26:28.190000128,0.0746656781019488,-0.1481180800909468,0.986147083788087
2025-09-10 11:26:28.200000000,0.080734219858521,-0.1503144275915218,0.9853362667646356
2025-09-10 11:26:28.209999872,0.0803311717703274,-0.1505523342427778,0.985332886640884
2025-09-10 11:26:28.220000000,0.0800786137016943,-0.153401841425687,0.98491384936695
2025-09-10 11:26:28.230000128,0.0809481601532235,-0.1529264870590188,0.9849166893314356
2025-09-10 11:26:28.240000000,0.0840581941641246,-0.1510855131587287,0.984940296519251
2025-09-10 11:26:28.249999872,0.0824747200628896,-0.150949368580443,0.985095025200977
2025-09-10 11:26:28.260000000,0.0829990990793766,-0.1522235245994851,0.9848548868287764
2025-09-10 11:26:28.270000128,0.085930677262355,-0.1488710826148388,0.9851158913885812
2025-09-10 11:26:28.280000000,0.0832563759734807,-0.1475585534149477,0.9855429210206172
2025-09-10 11:26:28.289999872,0.0848114229746482,-0.145707772674168,0.9856856839354768
2025-09-10 11:26:28.300000000,0.087117691543942,-0.1431213510631654,0.9858634726420836
2025-09-10 11:26:28.310000128,0.0851343768724028,-0.1415563869933107,0.9862626055853216
2025-09-10 11:26:28.320000000,0.084099933680847,-0.1391126899368903,0.9866989716491044
2025-09-10 11:26:28.329999872,0.0995325070017597,-0.1159573782650747,0.9882546060989724
2025-09-10 11:26:28.340000000,0.1325579689816008,-0.0479668673578044,0.990013921364418
2025-09-10 11:26:28.350000128,0.1512647353518096,0.0004557636382925,0.9884931826363058
2025-09-10 11:26:28.360000000,0.1516596429512944,0.0050114727154451,0.9884200715490902
2025-09-10 11:26:28.369999872,0.1517787955452057,0.0020482777640448,0.9884123642392624
2025-09-10 11:26:28.380000000,0.1503878322247167,0.0025489833623603,0.9886237922498976
2025-09-10 11:26:28.390000128,0.1459834713451726,0.0018770257423568,0.9892852484841648
2025-09-10 11:26:28.400000000,0.1407413224166579,0.0080610319887622,0.9900135857288456
2025-09-10 11:26:28.409999872,0.1440102506188809,0.0048907267705606,0.98956411035786
2025-09-10 11:26:28.420000000,0.1440020948508078,0.0056350899184055,0.9895613383920122
2025-09-10 11:26:28.430000128,0.1405035556496453,0.0057329413149834,0.9900635758544428
2025-09-10 11:26:28.440000000,0.1412292462864173,0.0070840047884398,0.9899515729920974
2025-09-10 11:26:28.449999872,0.1404027132549446,0.0082754720813399,0.99005989448744
2025-09-10 11:26:28.460000000,0.139289555975334,0.0081703277636947,0.9902179887986424
2025-09-10 11:26:28.470000128,0.1363233471305941,0.0085455918464073,0.99062753741611
2025-09-10 11:26:28.480000000,0.1338062214363049,0.011449279488588,0.9909413752105272
2025-09-10 11:26:28.489999872,0.1314045113923878,0.0089591383813218,0.9912883476694316
2025-09-10 11:26:28.500000000,0.1275538868313271,0.0103908093349607,0.9917772113915432
2025-09-10 11:26:28.510000128,0.1312972474912938,0.0066000889405404,0.9913210739347706
2025-09-10 11:26:28.520000000,0.1271131646692768,0.0127757895815354,0.9918059399743128
2025-09-10 11:26:28.529999872,0.1795098734637189,-0.0242606530164599,0.9834569772207906
2025-09-10 11:26:28.540000000,0.2579752163266289,-0.1291645280622677,0.9574786224515308
2025-09-10 11:26:28.550000128,0.3293795640664573,-0.1898293266483327,0.9249183366760718
2025-09-10 11:26:28.560000000,0.396796433879606,-0.244879686779378,0.8846392084139506
2025-09-10 11:26:28.570000128,0.4259259120174473,-0.3061999690534761,0.8513687194299283
2025-09-10 11:26:28.580000000,0.4563943175733028,-0.3491371192988873,0.8184176799253995
2025-09-10 11:26:28.590000128,0.4709810284833683,-0.384842363017313,0.7937715202978747
2025-09-10 11:26:28.600000000,0.4575318003732231,-0.3958029208185908,0.7962441205551909
2025-09-10 11:26:28.609999872,0.4480422628417211,-0.3893590759691818,0.804771794155396
2025-09-10 11:26:28.620000000,0.4453349363652397,-0.3870708825520711,0.8073740931767186
2025-09-10 11:26:28.630000128,0.4428040573442425,-0.3939601621317357,0.8054315349256035
2025-09-10 11:26:28.640000000,0.4322524416112991,-0.3843508759476645,0.815740296221373
2025-09-10 11:26:28.649999872,0.4197293735847975,-0.3760264354213274,0.8260940459865594
2025-09-10 11:26:28.660000000,0.4244221364517001,-0.3790288742163974,0.8223156100914204
2025-09-10 11:26:28.670000128,0.4192879626832771,-0.3788352045417584,0.82503423695548
2025-09-10 11:26:28.680000000,0.4139405776371943,-0.3795976354387847,0.8273807064191606
2025-09-10 11:26:28.689999872,0.4026355555189196,-0.381894665605008,0.8318900611345288
2025-09-10 11:26:28.700000000,0.3997658099749936,-0.3797490436861099,0.8342529358620935
2025-09-10 11:26:28.710000128,0.3890365975791597,-0.3750025478817596,0.8414413912009675
2025-09-10 11:26:28.720000000,0.3793458433195666,-0.3652441751989755,0.8501137709973807
2025-09-10 11:26:28.729999872,0.3791953848378411,-0.3729694815654241,0.8468203032158007
2025-09-10 11:26:28.740000000,0.3787598853130614,-0.384980622295791,0.8416239479330315
2025-09-10 11:26:28.750000128,0.3822214637879066,-0.3806276505225712,0.8420388021210765
2025-09-10 11:26:28.760000000,0.3794317531439175,-0.3846737810046799,0.8414616015681862
2025-09-10 11:26:28.769999872,0.382266913886423,-0.3776981278094949,0.843336309426407
2025-09-10 11:26:28.780000000,0.3791293638302639,-0.3743003551855829,0.8462624708620877
2025-09-10 11:26:28.790000128,0.3778062084979448,-0.3783622968522845,0.8450470052849554
2025-09-10 11:26:28.800000000,0.3447341482693254,-0.368854835082033,0.8631943452396044
2025-09-10 11:26:28.809999872,0.2564909967223407,-0.3000398210291017,0.918797297774218
2025-09-10 11:26:28.820000000,0.161255383468637,-0.2056784823843462,0.9652424893188524
2025-09-10 11:26:28.830000128,0.0699376294196845,-0.1371006201651756,0.9880850914478364
2025-09-10 11:26:28.840000000,-0.0261934943742076,-0.0922438560614271,0.9953918684977224
2025-09-10 11:26:28.850000128,-0.1026818599019365,-0.0626201867517228,0.9927412290512864
2025-09-10 11:26:28.860000000,-0.1789408178458157,-0.0483109999301572,0.982673003086184
2025-09-10 11:26:28.870000128,-0.2025562673467003,-0.0481777865629303,0.9780847915392964
2025-09-10 11:26:28.880000000,-0.1889935886031216,-0.0560231583572547,0.9803789212312716
2025-09-10 11:26:28.889999872,-0.1714105209308415,-0.0589461712262919,0.983434686296949
2025-09-10 11:26:28.900000000,-0.1606362375388225,-0.0689957157497835,0.984599202923477
2025-09-10 11:26:28.910000128,-0.1562714327873383,-0.0751389717036862,0.9848519554866636
2025-09-10 11:26:28.920000000,-0.1471486513678287,-0.0729681502783955,0.9864192432457808
2025-09-10 11:26:28.929999872,-0.1420558253183861,-0.0707921979796473,0.9873239626375544
2025-09-10 11:26:28.940000000,-0.1380036686122944,-0.0713638937534418,0.9878573693190204
2025-09-10 11:26:28.950000128,-0.1328415440050961,-0.0746059685777132,0.9883253885431272
2025-09-10 11:26:28.960000000,-0.1244451656856648,-0.0765792397798206,0.9892669107840474
2025-09-10 11:26:28.969999872,-0.1155795097023143,-0.0828962915963882,0.9898331080422292
2025-09-10 11:26:28.980000000,-0.1031784980744835,-0.0848239052966343,0.9910394051829228
2025-09-10 11:26:28.990000128,-0.0939447289681225,-0.0843442815079422,0.9919982006415208
2025-09-10 11:26:29.000000000,-0.0880665929181643,-0.0982402429274013,0.9912583567775616
2025-09-10 11:26:29.009999872,-0.073238217973229,-0.115051638460414,0.99065598666524
2025-09-10 11:26:29.020000000,-0.0656005424645471,-0.1207675221651245,0.9905108653712252
2025-09-10 11:26:29.030000128,-0.0619739721279858,-0.1214411541864584,0.9906620376538816
2025-09-10 11:26:29.040000000,-0.0609171933028503,-0.112402802119159,0.9917936809820196
2025-09-10 11:26:29.049999872,-0.0514357548728032,-0.1109644691289139,0.9924924431508804
2025-09-10 11:26:29.060000000,-0.0416724428366235,-0.1063832987250939,0.9934515595943246
2025-09-10 11:26:29.070000128,-0.0359316562733257,-0.1056726957126595,0.9937515773362452
2025-09-10 11:26:29.080000000,-0.0316421025558009,-0.1030514047718482,0.9941726134431572
2025-09-10 11:26:29.089999872,-0.0251581121005969,-0.1080470548739837,0.9938274011761762
2025-09-10 11:26:29.100000000,-0.0211673015281673,-0.1070712164235489,0.9940260056757052
2025-09-10 11:26:29.110000128,-0.017742741322756,-0.1076428348526312,0.99403129489732
2025-09-10 11:26:29.120000000,-0.0105255598336598,-0.1054081741198618,0.9943733350301108
2025-09-10 11:26:29.129999872,-0.0082981955728271,-0.1041451121761909,0.9945274936169656
2025-09-10 11:26:29.140000000,-0.0012913567143944,-0.1037972939781109,0.9945976343027656
2025-09-10 11:26:29.150000128,-0.0001775159369245,-0.1005390581676315,0.994933096379278
2025-09-10 11:26:29.160000000,0.0039125670722068,-0.1011652845357451,0.9948619386747626
2025-09-10 11:26:29.169999872,0.0080497951882461,-0.1011159239950916,0.9948420833037
2025-09-10 11:26:29.180000000,0.0148897499284006,-0.1046583253023748,0.9943967670361624
2025-09-10 11:26:29.190000128,0.041785080736698,-0.1169300090634326,0.9922607419465174
2025-09-10 11:26:29.200000000,0.0916014895989898,-0.1196006102657404,0.9885873057688476
2025-09-10 11:26:29.209999872,0.1155380003733054,-0.1193675823352891,0.9861046347914436
2025-09-10 11:26:29.220000000,0.1151111046963633,-0.1215824633641328,0.9858839374783892
2025-09-10 11:26:29.230000128,0.1127689335886903,-0.1184641721895354,0.9865340376919176
2025-09-10 11:26:29.240000000,0.1134496847382547,-0.1190781053890919,0.9863820628183256
2025-09-10 11:26:29.249999872,0.1100449439268418,-0.1172310689004875,0.9869888483668836
2025-09-10 11:26:29.260000000,0.1076648786127348,-0.1108448703464106,0.9879887087569336
2025-09-10 11:26:29.270000128,0.1071209790715751,-0.106431159721616,0.9885330060665952
2025-09-10 11:26:29.280000000,0.1065834628337041,-0.1000997832626409,0.9892522422724898
2025-09-10 11:26:29.289999872,0.1023373022502072,-0.0943877471265087,0.9902615966301692
2025-09-10 11:26:29.300000000,0.1019898068043717,-0.0937987642011749,0.9903534071947948
2025-09-10 11:26:29.310000128,0.1043079795400336,-0.096232458161376,0.9898783558602012
2025-09-10 11:26:29.320000000,0.1031748682927962,-0.0965637039074319,0.989964846669033
2025-09-10 11:26:29.329999872,0.1062831740488685,-0.0959420115802708,0.9896964268542296
2025-09-10 11:26:29.340000000,0.1046731065526415,-0.0962850751273304,0.9898346958317554
2025-09-10 11:26:29.350000128,0.1007234940891608,-0.0912193407644983,0.9907238816183656
2025-09-10 11:26:29.360000000,0.1036368910344812,-0.0875479972019284,0.9907546330967312
2025-09-10 11:26:29.369999872,0.1082106120531526,-0.0908955106532023,0.9899638728671748
2025-09-10 11:26:29.380000000,0.1050400057511898,-0.0869554705827988,0.9906590449430692
2025-09-10 11:26:29.390000128,0.1057213924562916,-0.0861265324702786,0.9906589764302088
2025-09-10 11:26:29.400000000,0.1041066070394617,-0.0870442188196186,0.990749775846966
2025-09-10 11:26:29.409999872,0.1024809086788238,-0.0872409499640927,0.9909019527711738
2025-09-10 11:26:29.420000000,0.1025503111988429,-0.0812517454063643,0.9914038468461982
2025-09-10 11:26:29.430000128,0.1071293333945088,-0.0754256059945646,0.99137998965422
2025-09-10 11:26:29.440000000,0.1078282738579292,-0.081011949391844,0.9908633242847132
2025-09-10 11:26:29.449999872,0.1059350128273505,-0.0802966861976182,0.9911257312989862
2025-09-10 11:26:29.460000000,0.1043650204290171,-0.079792296432799,0.9913330075917132
2025-09-10 11:26:29.470000128,0.1040938815612704,-0.078423984781987,0.9914706967088956
2025-09-10 11:26:29.480000000,0.1032949760327422,-0.0778257751259908,0.991601379916564
2025-09-10 11:26:29.489999872,0.1020390033325365,-0.0787177761762988,0.9916610073572324
2025-09-10 11:26:29.500000000,0.1025253920664777,-0.0771928707236895,0.9917307117817068
2025-09-10 11:26:29.510000128,0.1024940470324436,-0.0792427769800964,0.9915722629336674
2025-09-10 11:26:29.520000000,0.1031937704887341,-0.0811875756159454,0.9913423340591906
2025-09-10 11:26:29.529999872,0.1039793120471836,-0.0772768303788966,0.9915727881264116
2025-09-10 11:26:29.540000000,0.1029540235856089,-0.0738916020240648,0.9919377501526248
2025-09-10 11:26:29.550000128,0.1018790653165304,-0.0707727889425778,0.9922761049201576
2025-09-10 11:26:29.560000000,0.1001292494450673,-0.0674702858944794,0.9926841863991208
2025-09-10 11:26:29.570000128,0.0911783018601147,-0.0651628516760836,0.9937003170128036
2025-09-10 11:26:29.580000000,0.0797416222199557,-0.0637816259189254,0.9947729277985344
2025-09-10 11:26:29.590000128,0.0802630733486543,-0.0624582712890712,0.994814959378984
2025-09-10 11:26:29.600000000,0.0792521129980039,-0.0671938806945328,0.994587394341272
2025-09-10 11:26:29.609999872,0.0784996436106162,-0.069738598008901,0.9944718869333408
2025-09-10 11:26:29.620000000,0.0814547561212483,-0.0705031999335214,0.9941802761593904
2025-09-10 11:26:29.630000128,0.0786416656323079,-0.0698464074167621,0.9944530998481268
2025-09-10 11:26:29.640000000,0.0775044209488386,-0.0674248559464851,0.9947094819765122
2025-09-10 11:26:29.649999872,0.0770243946282881,-0.0679393214310855,0.9947117628919592
2025-09-10 11:26:29.660000000,0.0774774151945928,-0.0650933754578254,0.994866876826378
2025-09-10 11:26:29.670000128,0.0789430950039041,-0.0618662712562063,0.9949575630307346
2025-09-10 11:26:29.680000000,0.0794338395116271,-0.0630194219160092,0.9948461276005518
2025-09-10 11:26:29.689999872,0.0787796735251408,-0.0620886665585405,0.994956662636245
2025-09-10 11:26:29.700000000,0.0802305837165817,-0.0615393503002182,0.9948748473054908
2025-09-10 11:26:29.710000128,0.0795897921799773,-0.0597800879572374,0.9950335703204052
2025-09-10 11:26:29.720000000,0.0809050178797318,-0.0621135777003018,0.9947845402634428
2025-09-10 11:26:29.729999872,0.0813926394102833,-0.0611712854385945,0.9948031524314837
2025-09-10 11:26:29.740000000,0.0743562081405528,-0.0577527569999129,0.9955580210966448
2025-09-10 11:26:29.750000128,0.0730731538856903,-0.0542585228936044,0.9958495503210324
2025-09-10 11:26:29.760000000,0.0750246755081725,-0.0546008161901395,0.995685717953343
2025-09-10 11:26:29.769999872,0.0738677254632356,-0.0554005921877271,0.9957280419472664
2025-09-10 11:26:29.780000000,0.073686163152357,-0.0560081745078755,0.9957075041136224
2025-09-10 11:26:29.790000128,0.0757342198594205,-0.0533673378547638,0.9956988777700718
2025-09-10 11:26:29.800000000,0.0756917599192795,-0.0508853451299639,0.9958320335936812
2025-09-10 11:26:29.809999872,0.075091297844935,-0.0520063067148451,0.9958195825800198
2025-09-10 11:26:29.820000000,0.0745301778479273,-0.0531989791727008,0.9957987352898872
2025-09-10 11:26:29.830000128,0.0756256061158039,-0.05337352948156,0.9957068012473844
2025-09-10 11:26:29.840000000,0.0778998633295316,-0.0522035732306244,0.99559349045441
2025-09-10 11:26:29.850000128,0.0786280811437802,-0.0517896570381437,0.9955578618440613
2025-09-10 11:26:29.860000000,0.0802278584014476,-0.0521139546164345,0.9954132943006908
2025-09-10 11:26:29.870000128,0.0805918943818772,-0.0546761086434631,0.9952464366696064
2025-09-10 11:26:29.880000000,0.0798038164347043,-0.0558579395506959,0.995244312453785
2025-09-10 11:26:29.889999872,0.0785406391765648,-0.0538286187161015,0.99545660267279
2025-09-10 11:26:29.900000000,0.0783954307995268,-0.0526175280858308,0.9955327981377076
2025-09-10 11:26:29.910000128,0.0795784147461329,-0.0519526108515623,0.9954738580857856
2025-09-10 11:26:29.920000000,0.0815815913673741,-0.0535818933914865,0.995225313509735
2025-09-10 11:26:29.929999872,0.0826219605675263,-0.0541853006578762,0.9951068107618366
2025-09-10 11:26:29.940000000,0.084574840201491,-0.060337553991958,0.994588596346831
2025-09-10 11:26:29.950000128,0.0838427033584922,-0.057194479210793,0.9948362642371588
2025-09-10 11:26:29.960000000,0.0841576903645564,-0.0570404274430932,0.9948185124883898
2025-09-10 11:26:29.969999872,0.0823759581775767,-0.0575499480173195,0.9949382920551054
2025-09-10 11:26:29.980000000,0.0818014710030843,-0.0565904093302071,0.9950407252537816
2025-09-10 11:26:29.990000128,0.0817843364392605,-0.0562608543220947,0.9950608215501896
2025-09-10 11:26:30.000000000,0.079745484452439,-0.0571825166578527,0.9951737624646864
2025-09-10 11:26:30.009999872,0.0810855309702725,-0.0559406848748771,0.9951360592617468
2025-09-10 11:26:30.020000000,0.0816172901912478,-0.0524553025184519,0.9952824017230164
2025-09-10 11:26:30.030000128,0.0804469051144061,-0.0550728853490246,0.9952362899115198
2025-09-10 11:26:30.040000000,0.081955177108661,-0.0582056838355682,0.9949348960179868
2025-09-10 11:26:30.049999872,0.0822788365900021,-0.0570464346484273,0.994975324992182
2025-09-10 11:26:30.060000000,0.0806968892806895,-0.0561651403024501,0.9951550075617498
2025-09-10 11:26:30.070000128,0.0809405120173225,-0.0546676554197445,0.9952186096357332
2025-09-10 11:26:30.080000000,0.0814154522416804,-0.0555207999405251,0.9951326368430728
2025-09-10 11:26:30.089999872,0.0806320139217999,-0.0548278009072523,0.995234841923548
2025-09-10 11:26:30.100000000,0.079868750039924,-0.0559114603257532,0.995236098305976
2025-09-10 11:26:30.110000128,0.0785689889887542,-0.0535178911016279,0.9954711192703278
2025-09-10 11:26:30.120000000,0.0800369562264219,-0.0510201261007202,0.9954853250403428
2025-09-10 11:26:30.129999872,0.0824335451207249,-0.0504334865153254,0.995319634126012
2025-09-10 11:26:30.140000000,0.0823268795469999,-0.0515431910149425,0.995271613361926
2025-09-10 11:26:30.150000128,0.0826421665709354,-0.0524014985972613,0.9952006607962152
2025-09-10 11:26:30.160000000,0.0834857984998653,-0.049662652052358,0.9952706880241003
2025-09-10 11:26:30.169999872,0.0854580696215176,-0.0543707289974626,0.9948571466119388
2025-09-10 11:26:30.180000000,0.0864430186609127,-0.0578382276825692,0.994576464603566
2025-09-10 11:26:30.190000128,0.0848438499626581,-0.0595048916752375,0.9946158499592858
2025-09-10 11:26:30.200000000,0.0848069691610589,-0.0583548086549664,0.9946871338710266
2025-09-10 11:26:30.209999872,0.0857017602711555,-0.0604560032725682,0.9944849319897876
2025-09-10 11:26:30.220000000,0.0875025627340943,-0.0613573333936343,0.9942728896805888
2025-09-10 11:26:30.230000128,0.0876356649796605,-0.0557023780528197,0.9945940052618624
2025-09-10 11:26:30.240000000,0.0894121083837787,-0.0544031310089143,0.9945078050024516
2025-09-10 11:26:30.249999872,0.0863296837011492,-0.0564984276842525,0.9946633165957548
2025-09-10 11:26:30.260000000,0.0856828447839724,-0.0588687859301388,0.9945817795198328
2025-09-10 11:26:30.270000128,0.0859726893120156,-0.0601609342577557,0.994479441055316
2025-09-10 11:26:30.280000000,0.0853112376144848,-0.0577818927767726,0.994677458075641
2025-09-10 11:26:30.289999872,0.0860400080942429,-0.056891486824076,0.9946660121538732
2025-09-10 11:26:30.300000000,0.085494105465334,-0.0571852218614014,0.9946962392265012
2025-09-10 11:26:30.310000128,0.0845215821513516,-0.0562510172756361,0.9948326116518742
2025-09-10 11:26:30.320000000,0.0849481633385259,-0.055332312996473,0.9948477997582704
2025-09-10 11:26:30.329999872,0.0850920838400448,-0.0565925650867648,0.9947646047405684
2025-09-10 11:26:30.340000000,0.085291937525084,-0.0581900789968058,0.9946553172328406
2025-09-10 11:26:30.350000128,0.0841872223878515,-0.0582297995147004,0.9947471045623084
2025-09-10 11:26:30.360000000,0.084326616772196,-0.0559902312234056,0.9948638679293288
2025-09-10 11:26:30.369999872,0.0855502627108015,-0.0540976357047818,0.9948641105001556
2025-09-10 11:26:30.380000000,0.084484670718116,-0.0570942252178679,0.9947877109516496
2025-09-10 11:26:30.390000128,0.0844668275152066,-0.0579893562971092,0.9947374475738628
2025-09-10 11:26:30.400000000,0.0842808208789686,-0.0577077202060287,0.9947696026018236
2025-09-10 11:26:30.409999872,0.0848725445759534,-0.0560782784709343,0.9948124837681418
2025-09-10 11:26:30.420000000,0.0853798846504013,-0.0586090943038117,0.9946231695280232
2025-09-10 11:26:30.430000128,0.0879410449129253,-0.0650273912661441,0.994000910967763
2025-09-10 11:26:30.440000000,0.088533659662317,-0.0594321649341301,0.9942985511796943
2025-09-10 11:26:30.449999872,0.0847398781610906,-0.0637896845973233,0.9943591047444668
2025-09-10 11:26:30.460000000,0.0840272596213287,-0.0650422133242715,0.9943384384234624
2025-09-10 11:26:30.470000128,0.0851431492929813,-0.0614937407481234,0.9944692875988056
2025-09-10 11:26:30.480000000,0.0841936896975547,-0.0633152455817834,0.9944358211026142
2025-09-10 11:26:30.489999872,0.0844403823404553,-0.0627095955913795,0.9944532811806512
2025-09-10 11:26:30.500000000,0.0874488915012602,-0.0629554153892762,0.9941777039585854
2025-09-10 11:26:30.510000128,0.0866511492821923,-0.0618947560409361,0.994314144273684
2025-09-10 11:26:30.520000000,0.0869862855048279,-0.0632374391577438,0.99420038846444
2025-09-10 11:26:30.529999872,0.0883491988869066,-0.063665313307938,0.9940528894065164
2025-09-10 11:26:30.540000000,0.0847984616585245,-0.0615921825060902,0.994492646505988
2025-09-10 11:26:30.550000128,0.086816051300397,-0.0591387213721618,0.9944674880915276
2025-09-10 11:26:30.560000000,0.0893484588363279,-0.0591503452401335,0.9942424702061092
2025-09-10 11:26:30.570000128,0.0896699366671244,-0.0595939495256007,0.994187036546974
2025-09-10 11:26:30.580000000,0.0885259209938773,-0.0596655901198053,0.9942852602084782
2025-09-10 11:26:30.590000128,0.0885620142679683,-0.0591994765433079,0.9943099072250052
2025-09-10 11:26:30.600000000,0.0889272594836446,-0.0599512694755434,0.994232260495001
2025-09-10 11:26:30.609999872,0.0875597579953842,-0.0603283582695013,0.9943308191785551
2025-09-10 11:26:30.620000000,0.0868552092994409,-0.062574891107231,0.994253768220402
2025-09-10 11:26:30.630000128,0.0886774793078801,-0.0625873879000435,0.994092110188714
2025-09-10 11:26:30.640000000,0.0893310011798625,-0.0634817916010363,0.9939768781834546
2025-09-10 11:26:30.649999872,0.0885050605354186,-0.0671464845782419,0.993809943534681
2025-09-10 11:26:30.660000000,0.088180612278342,-0.0672272490265225,0.9938333243590408
2025-09-10 11:26:30.670000128,0.0883605277957614,-0.0588277963080386,0.9943498918937914
2025-09-10 11:26:30.680000000,0.0899000294913079,-0.0548577699829017,0.9944388416438514
2025-09-10 11:26:30.689999872,0.0894100382551163,-0.057325977368787,0.994343792346456
2025-09-10 11:26:30.700000000,0.0876275061442524,-0.0626659717332892,0.9941802634098414
2025-09-10 11:26:30.710000128,0.0881492529336757,-0.0663056364948007,0.9938980188008496
2025-09-10 11:26:30.720000000,0.0887272696053013,-0.0653303223981802,0.9939111733971694
2025-09-10 11:26:30.729999872,0.0897948384170474,-0.0682370079762961,0.9936199463256056
2025-09-10 11:26:30.740000000,0.0888866123592234,-0.070622606516433,0.9935349101023708
2025-09-10 11:26:30.750000128,0.0886569129909289,-0.0718146967630988,0.9934699799730956
2025-09-10 11:26:30.760000000,0.089192190948358,-0.0677458833496137,0.993707828470226
2025-09-10 11:26:30.769999872,0.0888714630935906,-0.0634650208503674,0.9940191417553622
2025-09-10 11:26:30.780000000,0.0880958456499027,-0.0620768491537232,0.9941758329281468
2025-09-10 11:26:30.790000128,0.0889130490230324,-0.0626887329888849,0.9940646822363604
2025-09-10 11:26:30.800000000,0.0907792534456698,-0.0624538927261407,0.9939107799129652
2025-09-10 11:26:30.809999872,0.0900956294656532,-0.0635373689562156,0.9939043114391392
2025-09-10 11:26:30.820000000,0.0888495612283507,-0.0641337358916429,0.993978178528136
2025-09-10 11:26:30.830000128,0.0874730721413515,-0.0602735376325512,0.9943417733915292
2025-09-10 11:26:30.840000000,0.0870026613035808,-0.0616131401694794,0.9943009392958204
2025-09-10 11:26:30.850000128,0.0881732758201211,-0.0625117799666043,0.9941417156505182
2025-09-10 11:26:30.860000000,0.0856509351254592,-0.0656579772492308,0.9941594174656668
2025-09-10 11:26:30.870000128,0.0842380355464134,-0.0649184511219644,0.9943286921693482
2025-09-10 11:26:30.880000000,0.0850085834760866,-0.0632267680069203,0.9943721217646784
2025-09-10 11:26:30.889999872,0.0855379406164218,-0.0587880115313261,0.9945990299690094
2025-09-10 11:26:30.900000000,0.086790936673349,-0.0597358330127065,0.9944339915578312
2025-09-10 11:26:30.910000128,0.0870064947704323,-0.0596984441467969,0.994417400106321
2025-09-10 11:26:30.920000000,0.0851082789653893,-0.0588427951031782,0.994632648929239
2025-09-10 11:26:30.929999872,0.0851466669641945,-0.0590174795072827,0.9946190136014372
2025-09-10 11:26:30.940000000,0.0851269364405774,-0.0597653305258872,0.9945760453375968
2025-09-10 11:26:30.950000128,0.084497318764095,-0.0610064886038105,0.9945543783373096
2025-09-10 11:26:30.960000000,0.0867191382125362,-0.0623726749953666,0.994278351610653
2025-09-10 11:26:30.969999872,0.0852194793871664,-0.062452134335651,0.9944030225466444
2025-09-10 11:26:30.980000000,0.0848381947389334,-0.0610869809995637,0.9945204178224788
2025-09-10 11:26:30.990000128,0.0862261268965572,-0.0634352654214117,0.994254002828922
2025-09-10 11:26:31.000000000,0.0862527115416132,-0.0625069289522119,0.9943104915390776
2025-09-10 11:26:31.009999872,0.0859513145924279,-0.0584057787623671,0.9945859120895464
2025-09-10 11:26:31.020000000,0.0860956021387674,-0.0596348744693904,0.994500492226818
2025-09-10 11:26:31.030000128,0.0856419919498984,-0.0599955062425486,0.9945179678847206
2025-09-10 11:26:31.040000000,0.0900085077839061,-0.0631403776899915,0.9939375036850554
2025-09-10 11:26:31.049999872,0.0947479976552372,-0.0656278459517222,0.9933356949068428
2025-09-10 11:26:31.060000000,0.093640398788307,-0.0619635680778656,0.9936759994816352
2025-09-10 11:26:31.070000128,0.0911328160393372,-0.0611105076509511,0.9939619286951504
2025-09-10 11:26:31.080000000,0.0933991807831977,-0.0628662499419585,0.9936420017527756
2025-09-10 11:26:31.089999872,0.0955518923944404,-0.0664861739728277,0.9932016031653876
2025-09-10 11:26:31.100000000,0.0934586573471194,-0.0659674339705566,0.9934353411381208
2025-09-10 11:26:31.110000128,0.0928367741708914,-0.0649130608699562,0.9935630970854524
2025-09-10 11:26:31.120000000,0.0930971073617299,-0.0639034177445832,0.993604187693188
2025-09-10 11:26:31.129999872,0.0932192351370763,-0.0636429093466395,0.993609457629281
2025-09-10 11:26:31.140000000,0.0932316661575381,-0.0636029593934349,0.9936108493680444
2025-09-10 11:26:31.150000128,0.0925567005265197,-0.0604957202571655,0.9938679615613992
2025-09-10 11:26:31.160000000,0.089692379636814,-0.0633140341475262,0.9939550342520792
2025-09-10 11:26:31.169999872,0.0902023551617859,-0.0599199489978244,0.9941192759600656
2025-09-10 11:26:31.180000000,0.0901927965684819,-0.0577648573887677,0.9942476958474744
2025-09-10 11:26:31.190000128,0.0888271926723865,-0.0590285077886252,0.9942964171262968
2025-09-10 11:26:31.200000000,0.091058933662849,-0.0603743779972933,0.994013684554506
2025-09-10 11:26:31.209999872,0.090134348592425,-0.0602606633790461,0.9941048494263252
2025-09-10 11:26:31.220000000,0.0500391019406802,-0.0865158697955464,0.9949930113073612
2025-09-10 11:26:31.230000128,-0.0037294840266974,-0.1047828917165706,0.9944881279092316
2025-09-10 11:26:31.240000000,-0.0266516256383249,-0.1014156805166777,0.9944870791499376
2025-09-10 11:26:31.249999872,-0.0301480215205729,-0.1044838639827467,0.9940695242112748
2025-09-10 11:26:31.260000000,-0.0272621555725146,-0.105577475422557,0.994037308936108
2025-09-10 11:26:31.270000128,-0.0283117583843465,-0.1063148088441193,0.9939293766448524
2025-09-10 11:26:31.280000000,-0.0276054045276146,-0.1053598874668652,0.9940509221130656
2025-09-10 11:26:31.289999872,-0.0266999716054108,-0.1035110625395589,0.994269868520716
2025-09-10 11:26:31.300000000,-0.025783113373609,-0.103857913391353,0.9942578965694756
2025-09-10 11:26:31.310000128,-0.0245723403158324,-0.1032346319812387,0.994353463739681
2025-09-10 11:26:31.320000000,-0.0264683257117052,-0.1023025919563499,0.9944011300340682
2025-09-10 11:26:31.329999872,-0.0263647981080874,-0.1040532310543248,0.994222219892452
2025-09-10 11:26:31.340000000,-0.0238424035555112,-0.1039208758964011,0.9942997492434668
2025-09-10 11:26:31.350000128,-0.0226396984037788,-0.1040377104708269,0.9943156434735272
2025-09-10 11:26:31.360000000,-0.0206965581865456,-0.1032525892787428,0.9944398198415358
2025-09-10 11:26:31.369999872,-0.0245478607260287,-0.1072733984773645,0.993926466350953
2025-09-10 11:26:31.380000000,-0.0252499865362702,-0.1079304686641582,0.9938377393286358
2025-09-10 11:26:31.390000128,-0.0225822439773889,-0.1098421382291712,0.9936924810655404
2025-09-10 11:26:31.400000000,-0.0272158249940016,-0.1101277230032877,0.9935447566647448
2025-09-10 11:26:31.409999872,-0.0331531488576868,-0.1044144577276522,0.9939811314799996
2025-09-10 11:26:31.420000000,-0.0329934609746132,-0.1028659322301418,0.9941478921766824
2025-09-10 11:26:31.430000128,-0.0317516871488009,-0.1028305088283133,0.9941919919297856
2025-09-10 11:26:31.440000000,-0.0304284453078645,-0.099266138722189,0.9945955677657796
2025-09-10 11:26:31.449999872,-0.0267312691254603,-0.1017288540140805,0.9944529549012986
2025-09-10 11:26:31.460000000,-0.0246017751697376,-0.1042805888243725,0.9942435875845214
2025-09-10 11:26:31.470000128,-0.0262877131419352,-0.1057931695291446,0.994040623625989
2025-09-10 11:26:31.480000000,-0.0280098723940078,-0.1043423322472685,0.994146933179232
2025-09-10 11:26:31.489999872,-0.0269993581423148,-0.1049433574681485,0.9941116267216754
2025-09-10 11:26:31.500000000,-0.0249281859138112,-0.1073349055919594,0.9939103599362528
2025-09-10 11:26:31.510000128,-0.0268243033539369,-0.1020079009046994,0.9944218646543292
2025-09-10 11:26:31.520000000,-0.0277124305628988,-0.0994330643643591,0.9946582764464436
2025-09-10 11:26:31.529999872,-0.0253731784505563,-0.1005162218882704,0.9946118292844824
2025-09-10 11:26:31.540000000,-0.0221237998692094,-0.1053137650353433,0.994192913057334
2025-09-10 11:26:31.550000128,-0.0204007859192613,-0.1057411752788547,0.9941843952630331
2025-09-10 11:26:31.560000000,-0.02142834987767,-0.1069046720800663,0.994038337746072
2025-09-10 11:26:31.570000128,-0.0221341778267958,-0.1089581670342901,0.9937998772431296
2025-09-10 11:26:31.580000000,-0.0201200176922209,-0.1067169547501217,0.9940858496412296
2025-09-10 11:26:31.590000128,-0.0175607709900792,-0.1065788971736722,0.9941491628520732
2025-09-10 11:26:31.600000000,-0.0166804909716343,-0.1081083209618107,0.9939991711061752
2025-09-10 11:26:31.609999872,-0.0175167022205573,-0.1098345131035032,0.99379552468032
2025-09-10 11:26:31.620000000,-0.0182765861086782,-0.1103316825643706,0.9937267663813466
2025-09-10 11:26:31.630000128,-0.0169916443077343,-0.1090618965137457,0.993889725649956
2025-09-10 11:26:31.640000000,-0.0172772620155783,-0.1094200095016,0.993845439561864
2025-09-10 11:26:31.649999872,-0.0154196581023002,-0.1080139934211658,0.994029783944737
2025-09-10 11:26:31.660000000,-0.0145182780590815,-0.1075761562652552,0.994090835993066
2025-09-10 11:26:31.670000128,-0.014434068403271,-0.1082331339634528,0.9940207474604236
2025-09-10 11:26:31.680000000,-0.0140468876540204,-0.1072717140400231,0.9941305066811656
2025-09-10 11:26:31.689999872,-0.011077704447414,-0.1053799603836823,0.9943703276011956
2025-09-10 11:26:31.700000000,-0.0102994233950979,-0.1095289314683189,0.9939302465712254
2025-09-10 11:26:31.710000128,-0.0110360681770514,-0.1120181209107058,0.9936448791126667
2025-09-10 11:26:31.720000000,-0.0108660838347414,-0.1098254574405079,0.9938914916227424
2025-09-10 11:26:31.729999872,-0.0122278766708862,-0.111551605507165,0.993683409512756
2025-09-10 11:26:31.740000000,-0.0112088588557769,-0.1094988528879924,0.993923720765012
2025-09-10 11:26:31.750000128,-0.0088821128026373,-0.1072029352210081,0.9941974847846689
2025-09-10 11:26:31.760000000,-0.0062577260595276,-0.106675488378193,0.9942741981183248
2025-09-10 11:26:31.769999872,-0.0075215886727634,-0.1063548606400809,0.9942997884552056
2025-09-10 11:26:31.780000000,-0.0111988132989264,-0.1052189743646694,0.9943860186136684
2025-09-10 11:26:31.790000128,-0.0102745149427239,-0.1078605204223819,0.9941129425155396
2025-09-10 11:26:31.800000000,-0.0099201543321573,-0.1063459527156196,0.9942797035437432
2025-09-10 11:26:31.809999872,-0.0096053095042582,-0.1050943843914252,0.994415862905814
2025-09-10 11:26:31.820000000,-0.0104873936404138,-0.105392952630899,0.9943753517210552
2025-09-10 11:26:31.830000128,-0.0084689896176638,-0.1063635550294001,0.9942912402190638
2025-09-10 11:26:31.840000000,-0.0051777622961988,-0.1044386961172699,0.994517847768922
2025-09-10 11:26:31.850000128,0.0110565385123521,-0.1069776735620714,0.9941999448377434
2025-09-10 11:26:31.860000000,0.0417094183473695,-0.116308172380414,0.9923370059907328
2025-09-10 11:26:31.870000128,0.0546145759575991,-0.1169869055081366,0.9916306328631654
2025-09-10 11:26:31.880000000,0.0553837396755034,-0.1142094143394432,0.9919117153536384
2025-09-10 11:26:31.889999872,0.0550596744128394,-0.1152294160008124,0.9918117835263222
2025-09-10 11:26:31.900000000,0.0537060610212888,-0.1129722584917829,0.9921456182541168
2025-09-10 11:26:31.910000128,0.0522958703053056,-0.1126417485914723,0.992258523986197
2025-09-10 11:26:31.920000000,0.0524066579792044,-0.1157613449966011,0.991893569494242
2025-09-10 11:26:31.929999872,0.0508103606794306,-0.116881774377897,0.9918452288869976
2025-09-10 11:26:31.940000000,0.0516412996831019,-0.1152382477824949,0.9919946181381532
2025-09-10 11:26:31.950000128,0.0497386745429071,-0.114067755444274,0.9922270966984424
2025-09-10 11:26:31.960000000,0.0484999402758518,-0.1047737291648818,0.993312751086043
2025-09-10 11:26:31.969999872,0.0482555289908517,-0.1046570784016844,0.9933369518256314
2025-09-10 11:26:31.980000000,0.0471179553713095,-0.108161274936471,0.9930161312313835
2025-09-10 11:26:31.990000128,0.0493332124030348,-0.1081729140115447,0.9929072740333048
2025-09-10 11:26:32.000000000,0.0502505435781573,-0.1089997681300652,0.9927708363049812
2025-09-10 11:26:32.009999872,0.0492036295397409,-0.1069910841207619,0.993041746735141
2025-09-10 11:26:32.020000000,0.0474573611426948,-0.1117358974785985,0.9926040943336996
2025-09-10 11:26:32.030000128,0.0494584130209902,-0.1155647330686466,0.9920678695796058
2025-09-10 11:26:32.040000000,0.0538507720550792,-0.1092841990843509,0.9925507836778752
2025-09-10 11:26:32.049999872,0.0859565282792885,-0.0980212146088108,0.9914652372790412
2025-09-10 11:26:32.060000000,0.1192413359277851,-0.0889257750668552,0.9888749720439466
2025-09-10 11:26:32.070000128,0.1238699289441948,-0.0997350769841724,0.9872735968931416
2025-09-10 11:26:32.080000000,0.125714015664637,-0.1014910773369572,0.9868614631681872
2025-09-10 11:26:32.089999872,0.1245590690896738,-0.1003292259839551,0.98712668119192
2025-09-10 11:26:32.100000000,0.1234357921761968,-0.0987877767794773,0.9874232022637522
2025-09-10 11:26:32.110000128,0.1204620177049194,-0.0990897668142984,0.987760153277681
2025-09-10 11:26:32.120000000,0.1216316108401061,-0.098610206949632,0.9876648107175794
2025-09-10 11:26:32.129999872,0.1210142589303788,-0.0992311962570641,0.9876784491042232
2025-09-10 11:26:32.140000000,0.1188661304639147,-0.0968952051122803,0.9881711199254838
2025-09-10 11:26:32.150000128,0.1170575264871276,-0.0965059991011301,0.9884250743633572
2025-09-10 11:26:32.160000000,0.1139020287861134,-0.0985018212131025,0.9885968435394225
2025-09-10 11:26:32.169999872,0.113121341819817,-0.0973867006084153,0.988796942030815
2025-09-10 11:26:32.180000000,0.1143044579516458,-0.0968827777213841,0.9887103813925336
2025-09-10 11:26:32.190000128,0.112965535123874,-0.0981627833905748,0.9887380117256502
2025-09-10 11:26:32.200000000,0.1135785572482525,-0.0987164052284347,0.9886126555290404
2025-09-10 11:26:32.209999872,0.1157004170624885,-0.0981336281868858,0.9884246073982802
2025-09-10 11:26:32.220000000,0.1139516362522526,-0.0964937610193043,0.9887891477356452
2025-09-10 11:26:32.230000128,0.1150024806805796,-0.0947822116539973,0.988833030289386
2025-09-10 11:26:32.240000000,0.1167566232940458,-0.0961417713677115,0.988496156145916
2025-09-10 11:26:32.249999872,0.1142568795606192,-0.0999630387303947,0.9884092049150776
2025-09-10 11:26:32.260000000,0.1126541824000488,-0.0987729956499522,0.9887127644154856
2025-09-10 11:26:32.270000128,0.1128442985368998,-0.0998041380032356,0.9885875268913452
2025-09-10 11:26:32.280000000,0.1116262213414222,-0.0940026625045917,0.9892942363882868
2025-09-10 11:26:32.289999872,0.1112775084477777,-0.0941995630769298,0.9893147923839866
2025-09-10 11:26:32.300000000,0.1100529049161038,-0.0960849932773815,0.9892704545201038
2025-09-10 11:26:32.310000128,0.1090607851550871,-0.0970987109448178,0.9892813479866134
2025-09-10 11:26:32.320000000,0.108448317724164,-0.0978868660374899,0.9892710062668152
2025-09-10 11:26:32.329999872,0.1076472149732913,-0.09717565882501,0.9894286070457128
2025-09-10 11:26:32.340000000,0.1089127312328732,-0.0999305341106353,0.9890156244103322
2025-09-10 11:26:32.350000128,0.1077550690846401,-0.0999238780504395,0.9891430956549844
2025-09-10 11:26:32.360000000,0.1075630189407558,-0.096832137344074,0.9894714417979577
2025-09-10 11:26:32.369999872,0.1070920583765278,-0.0988622665832304,0.9893217592263422
2025-09-10 11:26:32.380000000,0.1060009319343609,-0.0984637289497963,0.9894790025616248
2025-09-10 11:26:32.390000128,0.1162961729381162,-0.1002994570997905,0.9881372470792886
2025-09-10 11:26:32.400000000,0.1342775424731239,-0.106625656391508,0.9851905962738676
2025-09-10 11:26:32.409999872,0.1429366388116634,-0.1058886882768528,0.9840511688831184
2025-09-10 11:26:32.420000000,0.1461419221049524,-0.1062090444912763,0.9835457170216948
2025-09-10 11:26:32.430000128,0.1431272150270984,-0.1074154118822284,0.9838579824389077
2025-09-10 11:26:32.440000000,0.1415909542362286,-0.1087396246481207,0.9839348025707092
2025-09-10 11:26:32.449999872,0.1419012681161021,-0.1092124065658853,0.983837730705186
2025-09-10 11:26:32.460000000,0.1416241383930626,-0.1104524342496088,0.9837392251977952
2025-09-10 11:26:32.470000128,0.1418949517012701,-0.1152318167310201,0.9831517945335616
2025-09-10 11:26:32.480000000,0.1412825552533957,-0.1133313513787196,0.98346085045402
2025-09-10 11:26:32.489999872,0.1399136723295191,-0.1137709033589885,0.9836057878256654
2025-09-10 11:26:32.500000000,0.1411505691178045,-0.112129270840614,0.983617579884821
2025-09-10 11:26:32.510000128,0.1414371238207981,-0.1118486834169406,0.9836083631319924
2025-09-10 11:26:32.520000000,0.1418657099387922,-0.112091516133732,0.9835189944044822
2025-09-10 11:26:32.529999872,0.1433205087347814,-0.112429349530196,0.983269481444543
2025-09-10 11:26:32.540000000,0.1410864120995835,-0.1125797222409712,0.9835753303438494
2025-09-10 11:26:32.550000128,0.1409029535403221,-0.110880845920877,0.9837945901922232
2025-09-10 11:26:32.560000000,0.141579897934053,-0.1093639853456605,0.9838671918558404
2025-09-10 11:26:32.570000128,0.1418708988366925,-0.1077118480249696,0.9840075232732296
2025-09-10 11:26:32.580000000,0.1330371524214481,-0.105853730636469,0.9854420854550175
2025-09-10 11:26:32.590000128,0.0956790936624564,-0.1038082680019776,0.9899845223690926
2025-09-10 11:26:32.600000000,0.0657711197415803,-0.1061319745372625,0.9921744623748188
2025-09-10 11:26:32.609999872,0.0639723749093554,-0.1030754478473068,0.9926142187675604
2025-09-10 11:26:32.620000000,0.0685221444462749,-0.101894718783852,0.9924324571498272
2025-09-10 11:26:32.630000128,0.0679920447445318,-0.1024815147577968,0.9924084950182588
2025-09-10 11:26:32.640000000,0.0716045817142003,-0.1052864820410083,0.9918606457446344
2025-09-10 11:26:32.649999872,0.0722840633093649,-0.1034922516064103,0.9920001855085124
2025-09-10 11:26:32.660000000,0.0728630375371662,-0.0983439288401547,0.9924814604924064
2025-09-10 11:26:32.670000128,0.0728714370697799,-0.0972861548244767,0.9925850884125016
2025-09-10 11:26:32.680000000,0.0724399542897896,-0.0974217318539533,0.9926033745585744
2025-09-10 11:26:32.689999872,0.0739254840811106,-0.0983014674957221,0.992407096050588
2025-09-10 11:26:32.700000000,0.0743130109744534,-0.099824527679699,0.9922261033017804
2025-09-10 11:26:32.710000128,0.0718341943166654,-0.0999852487410211,0.992392461963044
2025-09-10 11:26:32.720000000,0.0744843165285115,-0.0988813160883144,0.9923077002220246
2025-09-10 11:26:32.729999872,0.0777787634564336,-0.0995408514183013,0.9919889529899552
2025-09-10 11:26:32.740000000,0.0787186873911616,-0.0978994095107143,0.9920781591552482
2025-09-10 11:26:32.750000128,0.079292007135594,-0.0964162536656292,0.9921777480035994
2025-09-10 11:26:32.760000000,0.0793060740394101,-0.0961810106753433,0.9921994556569386
2025-09-10 11:26:32.769999872,0.0795387733751091,-0.0954222026898838,0.9922540938508612
2025-09-10 11:26:32.780000000,0.0798133599732771,-0.0942691744537743,0.9923422546266888
2025-09-10 11:26:32.790000128,0.0798700680979183,-0.0900735355609101,0.9927273192642536
2025-09-10 11:26:32.800000000,0.0807507638368394,-0.0929417146646362,0.992391632277784
2025-09-10 11:26:32.809999872,0.0804378894422673,-0.0963557088749974,0.9920913885873974
2025-09-10 11:26:32.820000000,0.0811679814421182,-0.0972324851491022,0.991946370838838
2025-09-10 11:26:32.830000128,0.0817238651951131,-0.091045101866369,0.9924877829392732
2025-09-10 11:26:32.840000000,0.0819930508434093,-0.090805066805687,0.9924875714364412
2025-09-10 11:26:32.850000128,0.0831798205201173,-0.0952729282740025,0.9919698516569634
2025-09-10 11:26:32.860000000,0.0846494041700371,-0.0924159441606823,0.9921158055582764
2025-09-10 11:26:32.870000128,0.0842402544279366,-0.0931639851638563,0.9920806677898252
2025-09-10 11:26:32.880000000,0.0824463701428818,-0.0939030361909851,0.9921616883574864
2025-09-10 11:26:32.889999872,0.0805161372937328,-0.0944023702877945,0.9922728173840816
2025-09-10 11:26:32.900000000,0.0812411806459634,-0.0934023518572271,0.9923083549153402
2025-09-10 11:26:32.910000128,0.0816668241862937,-0.0914241132748113,0.9924576370501864
2025-09-10 11:26:32.920000000,0.08161171021299,-0.092413194820638,0.9923705609192331
2025-09-10 11:26:32.929999872,0.0820677383040729,-0.0915123269568475,0.9924164349428104
2025-09-10 11:26:32.940000000,0.082166541562023,-0.0924236580556292,0.9923238014274134
2025-09-10 11:26:32.950000128,0.0822087759882517,-0.0927129564448731,0.9922933159392764
2025-09-10 11:26:32.960000000,0.0824966722965134,-0.0914440587276713,0.9923871639553848
2025-09-10 11:26:32.969999872,0.0801574179738424,-0.0941447148489581,0.9923263379603382
2025-09-10 11:26:32.980000000,0.0782466377135994,-0.0935257802325267,0.992537350490355
2025-09-10 11:26:32.990000128,0.0826483329120727,-0.0848505228620549,0.9929600404028812
2025-09-10 11:26:33.000000000,0.0812459999173366,-0.0927620602398935,0.9923680202815296
2025-09-10 11:26:33.009999872,0.0825497169613362,-0.0930397105092712,0.9922344261806048
2025-09-10 11:26:33.020000000,0.1237096640147753,-0.108642452730338,0.9863532513729998
2025-09-10 11:26:33.030000128,0.1429970358372913,-0.116734696639472,0.9828147629854972
2025-09-10 11:26:33.040000000,0.1429624368140931,-0.114256456879472,0.9831109824030682
2025-09-10 11:26:33.049999872,0.1430727395011688,-0.1159777934834971,0.9828933526229232
2025-09-10 11:26:33.060000000,0.1427947399925619,-0.1151298037130982,0.9830334635847552
2025-09-10 11:26:33.070000128,0.1420827498634521,-0.1128906677068186,0.9833962524516496
2025-09-10 11:26:33.080000000,0.1408634929426838,-0.1109351038917867,0.9837941243372544
2025-09-10 11:26:33.089999872,0.1423912668492864,-0.1084560279105336,0.9838506071223032
2025-09-10 11:26:33.100000000,0.1438821696880435,-0.109811055953985,0.983483326364068
2025-09-10 11:26:33.110000128,0.144175252688965,-0.1101689794099116,0.9834003724261304
2025-09-10 11:26:33.120000000,0.1435286763166791,-0.1078231930357223,0.9837548872144743
2025-09-10 11:26:33.129999872,0.1409050588508141,-0.1110490088795779,0.98377532090265
2025-09-10 11:26:33.140000000,0.1402185280125136,-0.1099743665992066,0.9839941072451132
2025-09-10 11:26:33.150000128,0.1440345140091571,-0.1090817446211681,0.983542186062473
2025-09-10 11:26:33.160000000,0.142581842169469,-0.1095952340161804,0.983696753560008
2025-09-10 11:26:33.169999872,0.1421123552507854,-0.1110344254084465,0.983603291403242
2025-09-10 11:26:33.180000000,0.1402813205459405,-0.1149666986544307,0.983414362975439
2025-09-10 11:26:33.190000128,0.1423735793909741,-0.1095407890130346,0.9837329817759513
2025-09-10 11:26:33.200000000,0.1437378251243978,-0.1088514304703303,0.983611103898828
2025-09-10 11:26:33.209999872,0.1414660832075311,-0.1104667089267131,0.9837603638695862
2025-09-10 11:26:33.220000000,0.1419149400272203,-0.1108009838143004,0.983658117326774
2025-09-10 11:26:33.230000128,0.142382658992435,-0.1097684099079263,0.983706294889145
2025-09-10 11:26:33.240000000,0.1446457242899874,-0.1103021108507159,0.9833163574285244
2025-09-10 11:26:33.249999872,0.1443010693232176,-0.1106283441609831,0.983330346760627
2025-09-10 11:26:33.260000000,0.1441702683469905,-0.1083829743923852,0.9835995448283904
2025-09-10 11:26:33.270000128,0.1424226780419019,-0.1132850202653744,0.9833017263092984
2025-09-10 11:26:33.280000000,0.1710960621846313,-0.103170975212865,0.9798376842000616
2025-09-10 11:26:33.289999872,0.2259473409178349,-0.1095511411929884,0.9679598889393474
2025-09-10 11:26:33.300000000,0.2599541348170985,-0.1068515618365247,0.959690883318472
2025-09-10 11:26:33.310000128,0.2770684779166044,-0.1125856821746761,0.954231377976138
2025-09-10 11:26:33.320000000,0.2713574518547919,-0.1154473092355302,0.9555297233017664
2025-09-10 11:26:33.329999872,0.2719029066952882,-0.1150053738986395,0.9554279529640566
2025-09-10 11:26:33.340000000,0.2710849706683143,-0.1180606983787562,0.9552877106799184
2025-09-10 11:26:33.350000128,0.2726517689421963,-0.1136134092030909,0.9553810790160868
2025-09-10 11:26:33.360000000,0.2705473249343998,-0.1132607174260155,0.9560210012646084
2025-09-10 11:26:33.369999872,0.2668268068593827,-0.1126949018671029,0.9571328613282432
2025-09-10 11:26:33.380000000,0.2669868798515756,-0.112099343088863,0.9571581600060493
2025-09-10 11:26:33.390000128,0.2679440623249634,-0.1126875516166721,0.9568215586907708
2025-09-10 11:26:33.400000000,0.269184054913139,-0.113254368918171,0.956406499612726
2025-09-10 11:26:33.409999872,0.2716659359557409,-0.1134756673060321,0.955678236735954
2025-09-10 11:26:33.420000000,0.2694193859364341,-0.1156463157636218,0.956053933694086
2025-09-10 11:26:33.430000128,0.2680915115446957,-0.1207179232494709,0.9558002534232848
2025-09-10 11:26:33.440000000,0.2655770639481788,-0.1207092676359983,0.9565030558296436
2025-09-10 11:26:33.449999872,0.2612927846784798,-0.1228754739509653,0.9574067571185672
2025-09-10 11:26:33.460000000,0.2596410617378746,-0.1354392336412984,0.956160411777379
2025-09-10 11:26:33.470000128,0.2560489077366804,-0.1303472292604481,0.9578353494578165
2025-09-10 11:26:33.480000000,0.2579985091279997,-0.1367380786607247,0.9564201310783368
2025-09-10 11:26:33.489999872,0.26267128421054,-0.1397903271032241,0.9547054314811242
2025-09-10 11:26:33.500000000,0.2598997495990611,-0.1326057621546507,0.9564872356710934
2025-09-10 11:26:33.510000128,0.2590102730338643,-0.137987137110414,0.9559671691302976
2025-09-10 11:26:33.520000000,0.2586257237109501,-0.1392556707609075,0.9558873328985572
2025-09-10 11:26:33.529999872,0.2598256219148606,-0.147240041048694,0.9543641949007384
2025-09-10 11:26:33.540000000,0.2632911109272282,-0.152313510916135,0.9526165993195302
2025-09-10 11:26:33.550000128,0.2662580818879591,-0.1606866828452601,0.9504138171267986
2025-09-10 11:26:33.560000000,0.267420471932732,-0.1615221361980288,0.9499457304021636
2025-09-10 11:26:33.570000128,0.2696674105203447,-0.1768139992566768,0.9465813738766
2025-09-10 11:26:33.580000000,0.2708274250607697,-0.1874325538556531,0.9442041853275704
2025-09-10 11:26:33.590000128,0.2831022166245676,-0.1921532502328202,0.9396436895798428
2025-09-10 11:26:33.600000000,0.2825207547091433,-0.2120091565959161,0.9355394917789758
2025-09-10 11:26:33.609999872,0.2513481828406893,-0.2345482813421,0.9390480257697956
2025-09-10 11:26:33.620000000,0.1978536707262875,-0.2385795916153045,0.9507542813181586
2025-09-10 11:26:33.630000128,0.1883870430238071,-0.2617923518868152,0.9465596053679431
2025-09-10 11:26:33.640000000,0.1933333168589405,-0.2602616246300062,0.9459842045918476
2025-09-10 11:26:33.649999872,0.1978450394551912,-0.2608692279278939,0.9448833717889624
2025-09-10 11:26:33.660000000,0.2122868695259037,-0.2833312774211459,0.935231346919998
2025-09-10 11:26:33.670000128,0.2195479933138614,-0.2892850659865844,0.931725726396451
2025-09-10 11:26:33.680000000,0.2243049589008358,-0.2999405972696816,0.9272124478899112
2025-09-10 11:26:33.689999872,0.2290257676978677,-0.3016561128880408,0.9255002902688252
2025-09-10 11:26:33.700000000,0.2346940304847376,-0.3056334125293698,0.9227713309376712
2025-09-10 11:26:33.710000128,0.2427331071132946,-0.3083974373421886,0.9197671767093544
2025-09-10 11:26:33.720000000,0.251234271208277,-0.3218853666424339,0.9128368702631988
2025-09-10 11:26:33.729999872,0.2597192240465792,-0.3366019852747516,0.9051215543614785
2025-09-10 11:26:33.740000000,0.2745621466006476,-0.347490217979605,0.8965858442238152
2025-09-10 11:26:33.750000128,0.2784500769510423,-0.3582295619459756,0.8911437233095192
2025-09-10 11:26:33.760000000,0.2924332245499508,-0.3652850864003691,0.8837701142450977
2025-09-10 11:26:33.769999872,0.3030697665172195,-0.3742047261361925,0.8764242919730918
2025-09-10 11:26:33.780000000,0.3080160987968742,-0.3747162468292717,0.8744791691310541
2025-09-10 11:26:33.790000128,0.3089828201341296,-0.378398224877025,0.8725505144528175
2025-09-10 11:26:33.800000000,0.3150822902299892,-0.395261830909945,0.862839055333695
2025-09-10 11:26:33.809999872,0.3145906608541542,-0.4022717621230005,0.8597733105312136
2025-09-10 11:26:33.820000000,0.3113481023257918,-0.4025951111847906,0.8608016819385488
2025-09-10 11:26:33.830000128,0.3144317242750005,-0.407150230839792,0.8575321453429919
2025-09-10 11:26:33.840000000,0.3150949693938782,-0.409453563588106,0.8561909480528697
2025-09-10 11:26:33.850000128,0.3121979901991007,-0.4098294337245722,0.857071904899839
2025-09-10 11:26:33.860000000,0.3147641138410684,-0.4136526679902718,0.854292118014896
2025-09-10 11:26:33.870000128,0.31686275497151,-0.4151374611723121,0.8527947483675495
2025-09-10 11:26:33.880000000,0.3199187584677246,-0.416964227824372,0.8507601428694781
2025-09-10 11:26:33.889999872,0.3246439800961859,-0.4227319364921375,0.8461111014854461
2025-09-10 11:26:33.900000000,0.3296331363102018,-0.426764448252088,0.8421485030292407
2025-09-10 11:26:33.910000128,0.3283994208755165,-0.4310802499985579,0.8404306267799896
2025-09-10 11:26:33.920000000,0.3315778680822854,-0.4338142646242474,0.8377716283131877
2025-09-10 11:26:33.929999872,0.3340094271682182,-0.4372539020899347,0.8350130104794082
2025-09-10 11:26:33.940000000,0.336999046356122,-0.4352704311319944,0.8348480667386325
2025-09-10 11:26:33.950000128,0.3424472539527057,-0.4333174482654101,0.8336461283356416
2025-09-10 11:26:33.960000000,0.3479384516697436,-0.4313084931026067,0.832413249310233
2025-09-10 11:26:33.969999872,0.348513599185824,-0.4273388066935917,0.8342180862797449
2025-09-10 11:26:33.980000000,0.3557777669563325,-0.4326164559231522,0.8284112400275946
2025-09-10 11:26:33.990000128,0.3688912157634954,-0.4365018629073224,0.8206006303988364
2025-09-10 11:26:34.000000000,0.3755432488318789,-0.4278470961800851,0.8221399701675297
2025-09-10 11:26:34.009999872,0.3750866488903494,-0.4268277478035501,0.8228779250466968
2025-09-10 11:26:34.020000000,0.3759589596403677,-0.4247579303282101,0.8235505821073943
2025-09-10 11:26:34.030000128,0.3792890704883122,-0.4254364105357216,0.8216712612709497
2025-09-10 11:26:34.040000000,0.3826812360885526,-0.4202992129165186,0.8227415409273391
2025-09-10 11:26:34.049999872,0.3900757043769043,-0.4083553391143272,0.825279868815231
2025-09-10 11:26:34.060000000,0.3855472707395384,-0.4027114953494249,0.8301667022584821
2025-09-10 11:26:34.070000128,0.3656140759902431,-0.3633813503528778,0.8569015939146803
2025-09-10 11:26:34.080000000,0.3468557110610645,-0.3180598870646172,0.8823429174333336
2025-09-10 11:26:34.089999872,0.336271230100001,-0.2892052270656539,0.8962600049343582
2025-09-10 11:26:34.100000000,0.3267957969357782,-0.2766297234842957,0.9037037696004768
2025-09-10 11:26:34.110000128,0.3361239256593861,-0.2826896916989914,0.8983914763656502
2025-09-10 11:26:34.120000000,0.3348531231458549,-0.2807187984704035,0.8994833751130702
2025-09-10 11:26:34.129999872,0.3420736779646,-0.2888716414135213,0.8941693204482187
2025-09-10 11:26:34.140000000,0.3572163520686105,-0.2941917269306917,0.8864805162102165
2025-09-10 11:26:34.150000128,0.3559514711163887,-0.2873043913097991,0.8892439130768254
2025-09-10 11:26:34.160000000,0.3599700713106106,-0.2766169102598873,0.8910132618086598
2025-09-10 11:26:34.169999872,0.360362744247625,-0.2539110103112185,0.8975900464026197
2025-09-10 11:26:34.180000000,0.3634084608903895,-0.2431591502469568,0.8993374884905312
2025-09-10 11:26:34.190000128,0.3806906652610951,-0.23246476420929,0.8950054473488885
2025-09-10 11:26:34.200000000,0.3870335338595059,-0.2182475172848167,0.8958644232623799
2025-09-10 11:26:34.209999872,0.3931202696375457,-0.2094259386938037,0.8953196243813282
2025-09-10 11:26:34.220000000,0.3942050220257774,-0.2089175801621952,0.8949613652604391
2025-09-10 11:26:34.230000128,0.3853242916317493,-0.2038194506116606,0.8999904565220964
2025-09-10 11:26:34.240000000,0.3898113910348193,-0.1914102332947665,0.9007825497918698
2025-09-10 11:26:34.249999872,0.3948418948812284,-0.184440331162597,0.900045355683386
2025-09-10 11:26:34.260000000,0.3953867024320415,-0.1722293005276955,0.9022230453605457
2025-09-10 11:26:34.270000128,0.3989840960075627,-0.1515910728222097,0.9043405540910124
2025-09-10 11:26:34.280000000,0.4049912985157323,-0.1460969446058134,0.9025728396663544
2025-09-10 11:26:34.289999872,0.4080106988086937,-0.1458029602609707,0.9012595444358852
2025-09-10 11:26:34.300000000,0.4078150124012126,-0.1400596738105287,0.9022583906134024
2025-09-10 11:26:34.310000128,0.4105488800120646,-0.1369871863393607,0.9014899488622514
2025-09-10 11:26:34.320000000,0.4160207175922483,-0.1272496242935555,0.9004078496165945
2025-09-10 11:26:34.329999872,0.417954560307973,-0.1240369644254365,0.8999604530055151
2025-09-10 11:26:34.340000000,0.4286626961558104,-0.1195663904838193,0.895517822933247
2025-09-10 11:26:34.350000128,0.4517897090623778,-0.1338846687491391,0.8820209488777834
2025-09-10 11:26:34.360000000,0.4786950445142234,-0.1142928873892566,0.8705103045052093
2025-09-10 11:26:34.369999872,0.5037306990726083,-0.1052837608254347,0.8574209657561879
2025-09-10 11:26:34.380000000,0.5069017660646332,-0.1203036708327686,0.8535675874497091
2025-09-10 11:26:34.390000128,0.5116640247298465,-0.1206340741406728,0.850674641654186
2025-09-10 11:26:34.400000000,0.5133428589482093,-0.1137611958879036,0.8506100748739301
2025-09-10 11:26:34.409999872,0.5188104229636047,-0.1111052494022633,0.8476387016763608
2025-09-10 11:26:34.420000000,0.5191039710947372,-0.1003822977888214,0.8487958891773162
2025-09-10 11:26:34.430000128,0.524111876310569,-0.102489825242378,0.8454599794384129
2025-09-10 11:26:34.440000000,0.5295508449493573,-0.1018291056207721,0.8421441301000057
2025-09-10 11:26:34.449999872,0.5316960484816599,-0.0919709271649266,0.8419267548815706
2025-09-10 11:26:34.460000000,0.530660038867022,-0.0910455805233331,0.8426806188686317
2025-09-10 11:26:34.470000128,0.5293442482775113,-0.0941959050512727,0.8431617865434178
2025-09-10 11:26:34.480000000,0.5289942988241847,-0.0950811602747264,0.8432820434305008
2025-09-10 11:26:34.489999872,0.5305987743654039,-0.0969858150591993,0.8420562287158939
2025-09-10 11:26:34.500000000,0.5317628260458137,-0.0997343475130952,0.8410002121057443
2025-09-10 11:26:34.510000128,0.5347469793493558,-0.1001233346524338,0.8390595842577669
2025-09-10 11:26:34.520000000,0.539188883741423,-0.1009317033926809,0.8361149077130069
2025-09-10 11:26:34.529999872,0.5392369403272466,-0.0998517850330731,0.8362135751183537
2025-09-10 11:26:34.540000000,0.5449795010162188,-0.099856488549094,0.8324818467490795
2025-09-10 11:26:34.550000128,0.5483269648769493,-0.0985507475362015,0.830436806595715
2025-09-10 11:26:34.560000000,0.5501631201189152,-0.1015382899396205,0.8288609756389533
2025-09-10 11:26:34.570000128,0.5522759375105895,-0.1028236774904446,0.8272959447465825
2025-09-10 11:26:34.580000000,0.5552492102666304,-0.1011932678216785,0.8255048376877349
2025-09-10 11:26:34.590000128,0.5604265616312337,-0.1043186162131847,0.8216079937108447
2025-09-10 11:26:34.600000000,0.5621515490863869,-0.1045561165210389,0.8203984729128978
2025-09-10 11:26:34.609999872,0.5619511668908107,-0.1028556784333847,0.8207506292681501
2025-09-10 11:26:34.620000000,0.5621417571813587,-0.1034594042600275,0.8205442075252343
2025-09-10 11:26:34.630000128,0.5616339963964884,-0.1055476470554061,0.8206259490734964
2025-09-10 11:26:34.640000000,0.5682128477017017,-0.1109945205201693,0.8153615002691877
2025-09-10 11:26:34.649999872,0.5691143766176066,-0.1223533377999314,0.8131042289008027
2025-09-10 11:26:34.660000000,0.5307545147073714,-0.1663419299005644,0.8310415197056633
2025-09-10 11:26:34.670000128,0.5052210810071491,-0.2267243152273666,0.8326750531814011
2025-09-10 11:26:34.680000000,0.4945105117320506,-0.2322345868688764,0.8375717583875114
2025-09-10 11:26:34.689999872,0.4964593204639552,-0.241565400257516,0.83377113197981
2025-09-10 11:26:34.700000000,0.4997822069591518,-0.2392488423310743,0.8324528437396802
2025-09-10 11:26:34.710000128,0.5003446619015807,-0.2425147784157486,0.8311689368332731
2025-09-10 11:26:34.720000000,0.5025994174767551,-0.2449371313381368,0.8290956683301819
2025-09-10 11:26:34.729999872,0.5061151969260559,-0.2427245613873201,0.8276063041929009
2025-09-10 11:26:34.740000000,0.511741623314545,-0.2324686911322773,0.827090574611173
2025-09-10 11:26:34.750000128,0.5165710796707175,-0.2305454841581177,0.8246230043978451
2025-09-10 11:26:34.760000000,0.5155003470045207,-0.2284269400735119,0.8258816654260288
2025-09-10 11:26:34.769999872,0.5131905754058892,-0.2291329087429786,0.8271236566835423
2025-09-10 11:26:34.780000000,0.5129864760570321,-0.2300519059976829,0.8269951607654192
2025-09-10 11:26:34.790000128,0.5161275331839291,-0.2339608173964241,0.8239385325451586
2025-09-10 11:26:34.800000000,0.5194576169671293,-0.2434648344464821,0.8190779319227066
2025-09-10 11:26:34.809999872,0.5257973552779852,-0.2451765820156106,0.8145094135820768
2025-09-10 11:26:34.820000000,0.5274431927703808,-0.2420901665481103,0.8143684851840075
2025-09-10 11:26:34.830000128,0.5291303244992436,-0.2430057497970207,0.8130001877373173
2025-09-10 11:26:34.840000000,0.5308861629506268,-0.2472092387960934,0.8105846496458076
2025-09-10 11:26:34.850000128,0.5337477828788445,-0.2495824258463095,0.8079739581079265
2025-09-10 11:26:34.860000000,0.5300866197337027,-0.2599789681643376,0.807105390696595
2025-09-10 11:26:34.870000128,0.5315587737366967,-0.266687778519486,0.803942099191155
2025-09-10 11:26:34.880000000,0.5357198538110508,-0.2713766040729076,0.7995992602513604
2025-09-10 11:26:34.889999872,0.5412593627601727,-0.2777608970244558,0.7936543241919756
2025-09-10 11:26:34.900000000,0.544058521136293,-0.279749759468498,0.7910375450358266
2025-09-10 11:26:34.910000128,0.5399674035226091,-0.2804439198810636,0.7935908334493257
2025-09-10 11:26:34.920000000,0.5378691526976993,-0.2825871142176417,0.7942551840903556
2025-09-10 11:26:34.929999872,0.5406394430196583,-0.2886478656797377,0.7901844103055474
2025-09-10 11:26:34.940000000,0.5707958465187428,-0.2947059161554969,0.7663814484836523
2025-09-10 11:26:34.950000128,0.5898497885221092,-0.2952240787004621,0.7516115820926965
2025-09-10 11:26:34.960000000,0.5829618461430001,-0.2909145710265645,0.758633111791184
2025-09-10 11:26:34.969999872,0.584575405864574,-0.2770735098940399,0.7625626957655783
2025-09-10 11:26:34.980000000,0.588417450783512,-0.2918502513551969,0.7540479655813294
2025-09-10 11:26:34.990000128,0.5899757074157265,-0.2977158105635001,0.7505291205541803
2025-09-10 11:26:35.000000000,0.5927512537329119,-0.2888118112304035,0.7518202503869358
2025-09-10 11:26:35.009999872,0.5921098910660347,-0.2886048832820617,0.7524048765442155
2025-09-10 11:26:35.020000000,0.5920279109441071,-0.2932327701624135,0.7506780236333241
2025-09-10 11:26:35.030000128,0.5912534449057737,-0.2970951186305181,0.7497692007364489
2025-09-10 11:26:35.040000000,0.5824896117301511,-0.3006314432297626,0.7551997004554808
2025-09-10 11:26:35.049999872,0.5827934680186336,-0.3018940075899867,0.7544612526936496
2025-09-10 11:26:35.060000000,0.5857806506892824,-0.2966334521321047,0.7542344624546342
2025-09-10 11:26:35.070000128,0.5856154001389785,-0.2902413359880224,0.7568451426837276
2025-09-10 11:26:35.080000000,0.589511912732507,-0.294577943295329,0.7521300021075844
2025-09-10 11:26:35.089999872,0.5881836531685067,-0.3040014224288473,0.7494151888683517
2025-09-10 11:26:35.100000000,0.5863228193735772,-0.3063683360193784,0.7499093239629286
2025-09-10 11:26:35.110000128,0.5873007113563827,-0.3039483096145166,0.7501288552793878
2025-09-10 11:26:35.120000000,0.5850595687712643,-0.2989367971912547,0.7538846677537732
2025-09-10 11:26:35.129999872,0.5860948772659016,-0.2943847422776132,0.7548711269857995
2025-09-10 11:26:35.140000000,0.5903175061761023,-0.297754064067595,0.7502451327621246
2025-09-10 11:26:35.150000128,0.5816645646395293,-0.2988193056535066,0.7565536047177774
2025-09-10 11:26:35.160000000,0.5407071942404036,-0.2985955940647342,0.7864327061496099
2025-09-10 11:26:35.169999872,0.5020568895974672,-0.3108590812301054,0.8070350123907212
2025-09-10 11:26:35.180000000,0.5018044692992364,-0.3190934830094717,0.8039724023200024
2025-09-10 11:26:35.190000128,0.5067804099607368,-0.3190053673802255,0.8008802605025516
2025-09-10 11:26:35.200000000,0.497222421950896,-0.3131237544445528,0.8091497868206063
2025-09-10 11:26:35.209999872,0.4944897193974192,-0.314248597428132,0.8103873989794718
2025-09-10 11:26:35.220000000,0.4901968182066361,-0.3196228195574599,0.8108935396451433
2025-09-10 11:26:35.230000128,0.4905830125635707,-0.3165464871587286,0.8118661399833845
2025-09-10 11:26:35.240000000,0.4911499120753388,-0.3141342808574496,0.812460102071825
2025-09-10 11:26:35.249999872,0.4958577647813625,-0.3176578523575859,0.8082193798354487
2025-09-10 11:26:35.260000000,0.496650829582906,-0.3169889010444289,0.8079950433568616
2025-09-10 11:26:35.270000128,0.4975945919577248,-0.3137872794267688,0.808663814773712
2025-09-10 11:26:35.280000000,0.4963193066662044,-0.3108167639052426,0.8105924284779934
2025-09-10 11:26:35.289999872,0.500799890218533,-0.3203453802121455,0.8041009310614192
2025-09-10 11:26:35.300000000,0.514448842660228,-0.3189872215562996,0.7959833797067274
2025-09-10 11:26:35.310000128,0.5082309442099034,-0.3017576435697636,0.8066248396217003
2025-09-10 11:26:35.320000000,0.4440599222938221,-0.2402827351128882,0.8631772660462476
2025-09-10 11:26:35.329999872,0.3554187592049794,-0.2297526247224011,0.9060304835039272
2025-09-10 11:26:35.340000000,0.2514507960692504,-0.1032822462658163,0.9623436365261776
2025-09-10 11:26:35.350000128,0.0686404804669905,-0.0232445677529352,0.9973706304635404
2025-09-10 11:26:35.360000000,-0.029406256602138,-0.0578484988971133,0.9978921901929084
2025-09-10 11:26:35.369999872,-0.0862227882692092,-0.1427928833499704,0.9859897683280924
2025-09-10 11:26:35.380000000,-0.1390056618042463,-0.2603901089255611,0.9554446175263628
2025-09-10 11:26:35.390000128,-0.1510068221626308,-0.2411715688530028,0.9586622001713246
2025-09-10 11:26:35.400000000,-0.2113250223487823,-0.2199630571384453,0.9523434193732824
2025-09-10 11:26:35.409999872,-0.225463588733174,-0.0585906140921301,0.9724882056332949
2025-09-10 11:26:35.420000000,-0.2720850412996691,0.0738187527151555,0.9594376071681452
2025-09-10 11:26:35.430000128,-0.4377237469017281,0.0808897398746023,0.8954634394442529
2025-09-10 11:26:35.440000000,-0.4368937784155554,0.1016393989544552,0.8937523476679413
2025-09-10 11:26:35.449999872,-0.462895415176854,0.0824543651066766,0.8825696076135314
2025-09-10 11:26:35.460000000,-0.5074379365658979,0.0354768746957898,0.8609576829877084
2025-09-10 11:26:35.470000128,-0.5274659728195428,0.030508927946034,0.8490281814127946
2025-09-10 11:26:35.480000000,-0.5530279720233726,0.0153760568672487,0.8330207914781785
2025-09-10 11:26:35.489999872,-0.5745618041237316,-0.0014156956316177,0.8184599740048144
2025-09-10 11:26:35.500000000,-0.5705312504415512,-0.0058103114770732,0.8212553394347821
2025-09-10 11:26:35.510000128,-0.5366781863178529,-0.0099916129666876,0.843727854228426
2025-09-10 11:26:35.520000000,-0.5238796295379307,-0.0024407480089771,0.851788809802264
2025-09-10 11:26:35.529999872,-0.524080699833738,-0.0027317201574689,0.8516642283005439
2025-09-10 11:26:35.540000000,-0.5175161007237787,-5.72531349614214e-05,0.8556734670502144
2025-09-10 11:26:35.550000128,-0.5122111689610066,-0.0035362373271843,0.8588522651871887
2025-09-10 11:26:35.560000000,-0.5052430128123673,-0.0071493604108737,0.8629474982002078
2025-09-10 11:26:35.570000128,-0.5006126799712233,-0.0057074221800817,0.8656525688658747
2025-09-10 11:26:35.580000000,-0.4966640625513788,-0.0067100738915222,0.8679169222214362
2025-09-10 11:26:35.590000128,-0.4986546362791637,-0.0088173734806838,0.8667559100705325
2025-09-10 11:26:35.600000000,-0.5006095956411436,-0.0073133928756701,0.8656422742892452
2025-09-10 11:26:35.609999872,-0.498459386402083,-0.0079467589565089,0.8668766285520368
2025-09-10 11:26:35.620000000,-0.4970086651828083,-0.0082042825233835,0.867706791768671
2025-09-10 11:26:35.630000128,-0.4914249792619271,-0.012866378104565,0.8708248653270558
2025-09-10 11:26:35.640000000,-0.4892846307552704,-0.0215301921996759,0.871858360589909
2025-09-10 11:26:35.649999872,-0.487427299850183,-0.0498474946436928,0.8717395566558321
2025-09-10 11:26:35.660000000,-0.4771002111564103,-0.0585567883974332,0.8768959408316855
2025-09-10 11:26:35.670000128,-0.4747792059462311,-0.0539283045826778,0.8784511617420199
2025-09-10 11:26:35.680000000,-0.4715334234119075,-0.0571585049932142,0.8799938272012977
2025-09-10 11:26:35.689999872,-0.4646620367987818,-0.056715590020127,0.883669923334882
2025-09-10 11:26:35.700000000,-0.4606948253695499,-0.0547281832578941,0.8858696878407176
2025-09-10 11:26:35.710000128,-0.4565304121293626,-0.0580081499343474,0.8878147539561327
2025-09-10 11:26:35.720000000,-0.4479735892482074,-0.0645864378796375,0.8917108586184751
2025-09-10 11:26:35.729999872,-0.4355683691708238,-0.0566733763817227,0.898369814824254
2025-09-10 11:26:35.740000000,-0.4262560687395987,-0.0609934925804435,0.9025439367285684
2025-09-10 11:26:35.750000128,-0.4224449798953908,-0.0617801181786559,0.9042806289858332
2025-09-10 11:26:35.760000000,-0.4178103221223415,-0.0579982756207159,0.9066811648826996
2025-09-10 11:26:35.769999872,-0.4120901947166325,-0.0518342851134084,0.90966745479059
2025-09-10 11:26:35.780000000,-0.4031135322097064,-0.0511612631086851,0.9137187780200964
2025-09-10 11:26:35.790000128,-0.3944367832739556,-0.0495934670955163,0.917583844682294
2025-09-10 11:26:35.800000000,-0.3879505809451771,-0.0427577777763468,0.9206878511112916
2025-09-10 11:26:35.809999872,-0.3838327934136705,-0.0468724609466605,0.9222122093667284
2025-09-10 11:26:35.820000000,-0.3826918247286986,-0.0466800728382521,0.9226960160776866
2025-09-10 11:26:35.830000128,-0.3800916727706742,-0.048993491228796,0.923650344073776
2025-09-10 11:26:35.840000000,-0.3774964224787632,-0.0472923786364691,0.924802617826442
2025-09-10 11:26:35.850000128,-0.3786143907221594,-0.0429770350841205,0.9245561733034214
2025-09-10 11:26:35.860000000,-0.3671357758552438,-0.0453662625118762,0.9290603986355632
2025-09-10 11:26:35.870000128,-0.3605101475952579,-0.0444388064086306,0.9316961017229928
2025-09-10 11:26:35.880000000,-0.3662175388181176,-0.0379747877801687,0.9297540695017428
2025-09-10 11:26:35.889999872,-0.3676458760295785,-0.0370426940837,0.9292278238696176
2025-09-10 11:26:35.900000000,-0.369807204096273,-0.0371014208229481,0.9283674468503385
2025-09-10 11:26:35.910000128,-0.3760578655728466,-0.0282566067510822,0.9261652368318029
2025-09-10 11:26:35.920000000,-0.3777590795934917,-0.0231538618572428,0.9256143778408876
2025-09-10 11:26:35.929999872,-0.3784380056168893,-0.0214970844886901,0.925376977919376
2025-09-10 11:26:35.940000000,-0.3784183476160584,-0.0164775033655766,0.9254880042822649
2025-09-10 11:26:35.950000128,-0.3789622529315941,-0.0141809535580045,0.9253034699001168
2025-09-10 11:26:35.960000000,-0.3785832865162307,-0.0163692375772698,0.9254224674340408
2025-09-10 11:26:35.969999872,-0.3763509040994667,-0.0159736513217702,0.9263394839080136
2025-09-10 11:26:35.980000000,-0.3800178762548188,-0.0152530023445887,0.9248533719710672
2025-09-10 11:26:35.990000128,-0.3819606996672016,-0.0139694512943675,0.9240729832325346
2025-09-10 11:26:36.000000000,-0.3756304206985282,-0.0132806351722702,0.9266743828202374
2025-09-10 11:26:36.009999872,-0.375422593080068,-0.0134057450415482,0.9267567979814978
2025-09-10 11:26:36.020000000,-0.376412238585222,-0.0118059458196589,0.9263770540587484
2025-09-10 11:26:36.030000128,-0.3737353404245991,-0.010900798758803,0.9274713299634276
2025-09-10 11:26:36.040000000,-0.371021045469931,-0.0084945219030674,0.928585605593818
2025-09-10 11:26:36.049999872,-0.371041254020366,-0.0079199395064675,0.9285826093424364
2025-09-10 11:26:36.060000000,-0.372366671285523,-0.0091143328110999,0.9280409425521848
2025-09-10 11:26:36.070000128,-0.3731087653872332,-0.0095704950525149,0.9277382469294152
2025-09-10 11:26:36.080000000,-0.3709208102653417,-0.0082441589507195,0.9286279052210836
2025-09-10 11:26:36.089999872,-0.3687341975871054,-0.0080642644511234,0.929499897347308
2025-09-10 11:26:36.100000000,-0.3704252860138852,-0.007853347475184,0.928829065229424
2025-09-10 11:26:36.110000128,-0.3704945199359929,-0.0080528455339993,0.928799742881211
2025-09-10 11:26:36.120000000,-0.3706280160141014,-0.0080905238355866,0.9287461532461478
2025-09-10 11:26:36.129999872,-0.3701059095959836,-0.0067284936940849,0.9289652001311666
2025-09-10 11:26:36.140000000,-0.368974301657288,-0.005838770356335,0.9294212572763992
2025-09-10 11:26:36.150000128,-0.3697521685626199,-0.0061233188073675,0.9291102403967052
2025-09-10 11:26:36.160000000,-0.3692677707167058,-0.0052788431203917,0.929308047595212
2025-09-10 11:26:36.169999872,-0.3706940712305333,-0.0066424794909914,0.928731276000084
2025-09-10 11:26:36.180000000,-0.3705294242674568,-0.0083871147285951,0.9287828605538306
2025-09-10 11:26:36.190000128,-0.3728438819061209,-0.0079859961668023,0.9278597219355944
2025-09-10 11:26:36.200000000,-0.3888652367817587,-0.0054825818001738,0.9212783341202978
2025-09-10 11:26:36.209999872,-0.3927756700345999,-0.0088505149311169,0.9195917253946588
2025-09-10 11:26:36.220000000,-0.3918621803582165,-0.0068615737393267,0.9199983426130312
2025-09-10 11:26:36.230000128,-0.3947331906686614,-0.0086699587382482,0.9187548857013036
2025-09-10 11:26:36.240000000,-0.3931388172266387,-0.0100000073482676,0.9194247496357026
2025-09-10 11:26:36.249999872,-0.3932775948638813,-0.0115386131681388,0.9193473738387664
2025-09-10 11:26:36.260000000,-0.3939158711529597,-0.0122350528812143,0.9190650629497344
2025-09-10 11:26:36.270000128,-0.388874627831783,-0.0094565481359527,0.9212421492344154
2025-09-10 11:26:36.280000000,-0.3884398282484353,-0.0078290964805225,0.9214408310242306
2025-09-10 11:26:36.289999872,-0.3937041751040874,-0.0108588320933799,0.9191730567587248
2025-09-10 11:26:36.300000000,-0.3961479625938183,-0.0113251804066773,0.918116840070763
2025-09-10 11:26:36.310000128,-0.3978725056216426,-0.0108635142145411,0.9173763967583134
2025-09-10 11:26:36.320000000,-0.3986289831116507,-0.0129993843887716,0.9170201469045728
2025-09-10 11:26:36.329999872,-0.3987303839691541,-0.0129731596952371,0.916976432645536
2025-09-10 11:26:36.340000000,-0.3993108885767036,-0.0116800468731738,0.9167411798152868
2025-09-10 11:26:36.350000128,-0.3982320065989002,-0.0109928809411191,0.917218853648805
2025-09-10 11:26:36.360000000,-0.3985677910686412,-0.008668015300028,0.9170979126753166
2025-09-10 11:26:36.369999872,-0.4000178475670515,-0.0078599041038033,0.9164736458487512
2025-09-10 11:26:36.380000000,-0.4025304116272554,-0.0068884826145589,0.9153806948600464
2025-09-10 11:26:36.390000128,-0.404684801482787,-0.005188486082137,0.9144415186664552
2025-09-10 11:26:36.400000000,-0.4069301220123004,-0.0050197138123741,0.9134454982495104
2025-09-10 11:26:36.409999872,-0.4088345456459526,-0.0061095868783453,0.9125880709469324
2025-09-10 11:26:36.420000000,-0.4078453548723239,-0.0045293153993751,0.9130397865433254
2025-09-10 11:26:36.430000128,-0.412073805221562,-0.0072080121710353,0.9111219586920098
2025-09-10 11:26:36.440000000,-0.4146690269866883,-0.0069221079552599,0.909945977780752
2025-09-10 11:26:36.449999872,-0.4137765429610325,-0.0020552089298754,0.9103761577564912
2025-09-10 11:26:36.460000000,-0.4156225461995196,-0.0040226276131347,0.9095282939841476
2025-09-10 11:26:36.470000128,-0.4180238572464496,-0.0083816581365458,0.9083973814249368
2025-09-10 11:26:36.480000000,-0.4173599846906628,-0.0045551392956762,0.9087298244720524
2025-09-10 11:26:36.489999872,-0.4165104130160923,-0.0023087626403756,0.9091280137935662
2025-09-10 11:26:36.500000000,-0.4170405827485958,0.0006193590551477,0.9088876546279372
2025-09-10 11:26:36.510000128,-0.4173324549600627,-0.0003892418691698,0.9087538008326428
2025-09-10 11:26:36.520000000,-0.4182013420336637,-0.0027907949007243,0.908350069623526
2025-09-10 11:26:36.529999872,-0.4202506969652234,-0.004781744249235,0.9073954411513092
2025-09-10 11:26:36.540000000,-0.4203843727974266,-0.0049018393893481,0.9073328777677548
2025-09-10 11:26:36.550000128,-0.422455419179209,-0.0072372066943703,0.9063548100194436
2025-09-10 11:26:36.560000000,-0.4229113750559904,-0.0026669072953784,0.9061671239091216
2025-09-10 11:26:36.570000128,-0.4232108292601647,-0.0048886791865254,0.9060180433152172
2025-09-10 11:26:36.580000000,-0.4244420792736962,-0.0083837345263885,0.9054162768236568
2025-09-10 11:26:36.590000128,-0.4247127140200025,-0.0084159339592197,0.9052890602483594
2025-09-10 11:26:36.600000000,-0.4213538771398875,-0.0127555149704623,0.9068065984855992
2025-09-10 11:26:36.609999872,-0.4237006576057447,-0.0144327564073256,0.9056872795214396
2025-09-10 11:26:36.620000000,-0.4260935562685203,-0.0132723596775971,0.9045817407924138
2025-09-10 11:26:36.630000128,-0.4272853235033452,-0.0127213940486253,0.9040273328014488
2025-09-10 11:26:36.640000000,-0.4280957571825832,-0.0094359273715915,0.903684118460045
2025-09-10 11:26:36.649999872,-0.4293593960664912,-0.0113211527296703,0.9030627555769808
2025-09-10 11:26:36.660000000,-0.4295165737352452,-0.0130681754484762,0.9029644155099268
2025-09-10 11:26:36.670000128,-0.430051908641676,-0.0139548588974787,0.9026963042944194
2025-09-10 11:26:36.680000000,-0.4299552776247153,-0.0119086011114709,0.9027716458009866
2025-09-10 11:26:36.689999872,-0.430639510600873,-0.0086918744190324,0.9024821678174724
2025-09-10 11:26:36.700000000,-0.4349519327744591,-0.0120538717603941,0.9003729895722918
2025-09-10 11:26:36.710000128,-0.4274847300320851,0.0045056423962995,0.9040113410660244
2025-09-10 11:26:36.720000000,-0.4261481773948972,0.0114192095864242,0.9045813023467976
2025-09-10 11:26:36.729999872,-0.4273353391346567,0.008816424254155,0.9040502080028736
2025-09-10 11:26:36.740000000,-0.4251355279455733,0.0044478463618448,0.9051187764825012
2025-09-10 11:26:36.750000128,-0.4238490463396653,0.0002022158151649,0.9057328220980624
2025-09-10 11:26:36.760000000,-0.4218029957716607,-0.0006206116937585,0.9066872931717848
2025-09-10 11:26:36.769999872,-0.4231801134074741,-0.0018722379954559,0.9060436448324805
2025-09-10 11:26:36.780000000,-0.4253983274747385,0.0010423948718799,0.9050056223000088
2025-09-10 11:26:36.790000128,-0.4250482527275147,0.0022619590309118,0.9051678664174008
2025-09-10 11:26:36.800000000,-0.4211531599140033,0.0022305619968981,0.9069867917933688
2025-09-10 11:26:36.809999872,-0.4226227107713448,0.0030280593628078,0.906300653865358
2025-09-10 11:26:36.820000000,-0.4215338746973485,0.007181894418708,0.9067842151665404
2025-09-10 11:26:36.830000128,-0.4213411952548903,0.0063092039101623,0.9068802518123332
2025-09-10 11:26:36.840000000,-0.4208370478162222,0.0029597656580675,0.9071314232086638
2025-09-10 11:26:36.850000128,-0.4208467400446706,1.8803834954858077e-05,0.9071317550610768
2025-09-10 11:26:36.860000000,-0.4234139339148038,-0.0016016864995602,0.9059349177325858
2025-09-10 11:26:36.870000128,-0.4244196922589973,-0.0024604112824262,0.9054622417302112
2025-09-10 11:26:36.880000000,-0.4255168632263875,-0.0008235723681598,0.904950120635679
2025-09-10 11:26:36.889999872,-0.4252815905913846,0.0008210376711225,0.9050607132127682
2025-09-10 11:26:36.900000000,-0.4257777071664524,-0.0004718731471625,0.9048276749833704
2025-09-10 11:26:36.910000128,-0.42595724980376,-0.0054554304023837,0.904726842543506
2025-09-10 11:26:36.920000000,-0.4250562129639408,-0.0068578739289474,0.9051409754209162
2025-09-10 11:26:36.929999872,-0.4258894594749013,-0.0039548334598061,0.9047665597271384
2025-09-10 11:26:36.940000000,-0.4281493836380636,-0.0042719790716235,0.9036978784334718
2025-09-10 11:26:36.950000128,-0.429075214240927,-0.0062561451770234,0.9032470986234202
2025-09-10 11:26:36.960000000,-0.4288290197873146,-0.0057183441671163,0.9033675732105052
2025-09-10 11:26:36.969999872,-0.4305049109243364,-0.0036396570624436,0.9025808964112286
2025-09-10 11:26:36.980000000,-0.4275989395629944,-0.0064637724297755,0.9039454444437336
2025-09-10 11:26:36.990000128,-0.4275963541513065,-0.0075264344289384,0.903938444088588
2025-09-10 11:26:37.000000000,-0.4285073352074656,-0.0060660965128235,0.9035179390286028
2025-09-10 11:26:37.009999872,-0.4297971705767844,-0.0046017101399302,0.9029137369804374
2025-09-10 11:26:37.020000000,-0.4309487162356826,-0.0027986190869602,0.9023720805222328
2025-09-10 11:26:37.030000128,-0.4302407517291073,-0.004305389324062,0.9027039155638692
2025-09-10 11:26:37.040000000,-0.4297096317882449,-0.0068450634575493,0.9029411816141032
2025-09-10 11:26:37.049999872,-0.4368836566951845,-0.0031890004271739,0.899512368335711
2025-09-10 11:26:37.060000000,-0.4269014439700683,0.0080357329902002,0.9042624531249656
2025-09-10 11:26:37.070000128,-0.425778155872938,0.012919036397968,0.9047353538355776
2025-09-10 11:26:37.080000000,-0.4294089806750523,0.0085080109996365,0.9030700643164088
2025-09-10 11:26:37.089999872,-0.4303715242845395,0.0025733002752511,0.9026481757643426
2025-09-10 11:26:37.100000000,-0.4283642167579546,0.0011729026149455,0.9036054017660584
2025-09-10 11:26:37.110000128,-0.4292605396120062,-0.0004986861958082,0.9031805691245176
2025-09-10 11:26:37.120000000,-0.4304567177118573,-0.0005199857425518,0.902611070058174
2025-09-10 11:26:37.129999872,-0.4317003727920104,-0.0023894232127974,0.9020139016600296
2025-09-10 11:26:37.140000000,-0.4297869343628799,-0.0048527164355677,0.9029172953234162
2025-09-10 11:26:37.150000128,-0.426695504365668,-0.0026018352477273,0.904391606002329
2025-09-10 11:26:37.160000000,-0.4281986434688558,-0.0021918695220966,0.9036819780428452
2025-09-10 11:26:37.169999872,-0.4272242918486192,-0.0041789423250652,0.9041360190234042
2025-09-10 11:26:37.180000000,-0.4281470077415431,-0.0052914950741628,0.9036936094948572
2025-09-10 11:26:37.190000128,-0.4254465484786038,-0.0085968257439243,0.9049427213778624
2025-09-10 11:26:37.200000000,-0.4230913025766926,-0.0059715466015135,0.906067376255841
2025-09-10 11:26:37.209999872,-0.4210058349891664,-0.0084937658220959,0.9070181601529456
2025-09-10 11:26:37.220000000,-0.4212578001164069,-0.0093813729213536,0.9068924168186632
2025-09-10 11:26:37.230000128,-0.4226212827708535,-0.012737396054752,0.9062168670306588
2025-09-10 11:26:37.240000000,-0.4251077853381119,-0.0129328944968492,0.9050503362160908
2025-09-10 11:26:37.249999872,-0.423075798597109,-0.0114902104697379,0.9060214366695634
2025-09-10 11:26:37.260000000,-0.422476630481379,-0.0111295382626379,0.9063054838602496
2025-09-10 11:26:37.270000128,-0.4218947192391959,-0.0121905736401726,0.9065628691891168
2025-09-10 11:26:37.280000000,-0.421706206504034,-0.0109879935661485,0.906665946969096
2025-09-10 11:26:37.289999872,-0.4208629421232578,-0.0148479581006751,0.9070027133849138
2025-09-10 11:26:37.300000000,-0.4200159233840714,-0.0174635555059856,0.9073486917017708
2025-09-10 11:26:37.310000128,-0.4220796442598684,-0.0182482801060816,0.9063750736723916
2025-09-10 11:26:37.320000000,-0.4223209744274011,-0.0181614824467793,0.9062643958106408
2025-09-10 11:26:37.329999872,-0.4199645063016651,-0.0201732844535442,0.907316291070074
2025-09-10 11:26:37.340000000,-0.4188155732574496,-0.0188407516847099,0.9078758404501074
2025-09-10 11:26:37.350000128,-0.4193879363233964,-0.0152317736057085,0.907679322194368
2025-09-10 11:26:37.360000000,-0.4191603760265195,-0.0191568774416716,0.9077100821385602
2025-09-10 11:26:37.369999872,-0.4186132416223115,-0.0177248871556455,0.907991620178171
2025-09-10 11:26:37.380000000,-0.4174673630363538,-0.0147365051222763,0.9085724166054427
2025-09-10 11:26:37.390000128,-0.4206029831040097,-0.0136162971630933,0.9071426167122644
2025-09-10 11:26:37.400000000,-0.4210773172805217,-0.0161337374396374,0.9068812465742512
2025-09-10 11:26:37.409999872,-0.4198002592370314,-0.0150841446480876,0.907491163000917
2025-09-10 11:26:37.420000000,-0.4197841927381642,-0.0141893555957606,0.9075130267466937
2025-09-10 11:26:37.430000128,-0.4196454775753195,-0.0127102895331411,0.9075990974491798
2025-09-10 11:26:37.440000000,-0.4214475129025758,-0.0120292882129568,0.9067730091336657
2025-09-10 11:26:37.449999872,-0.4211172525821279,-0.0170374323364327,0.9068461752012088
2025-09-10 11:26:37.460000000,-0.420490109867862,-0.016134521625762,0.9071536500038024
2025-09-10 11:26:37.470000128,-0.4195654809896924,-0.013741477924615,0.9076210547063877
2025-09-10 11:26:37.480000000,-0.4200965561697081,-0.0117154215282081,0.9074037868516792
2025-09-10 11:26:37.489999872,-0.4205623359439892,-0.012349405638031,0.9071795928953222
2025-09-10 11:26:37.500000000,-0.4196582964668088,-0.017301316468467,0.9075172608028091
2025-09-10 11:26:37.510000128,-0.4206254525488618,-0.0150834397395529,0.9071089893247052
2025-09-10 11:26:37.520000000,-0.4208725405447289,-0.0118652496266316,0.9070421822973416
2025-09-10 11:26:37.529999872,-0.4223775636029632,-0.01349315698972,0.906319550974862
2025-09-10 11:26:37.540000000,-0.4252525005702704,-0.013181287072621,0.9049787646292268
2025-09-10 11:26:37.550000128,-0.424300436174573,-0.0147924977050835,0.9054006416353548
2025-09-10 11:26:37.560000000,-0.4220324531115546,-0.0143152870814277,0.9064676944471984
2025-09-10 11:26:37.570000128,-0.4217978925825248,-0.0102858974869818,0.906631533824976
2025-09-10 11:26:37.580000000,-0.4209832894479749,-0.0108889180587641,0.9070030327783212
2025-09-10 11:26:37.590000128,-0.424627403668398,-0.0122418273929134,0.9052854277607244
2025-09-10 11:26:37.600000000,-0.4257732012768442,-0.014101357713868,0.9047200300563116
2025-09-10 11:26:37.609999872,-0.425386766762842,-0.0157050944708622,0.9048753774253762
2025-09-10 11:26:37.620000000,-0.4248104290473564,-0.0136889232523184,0.9051788291563128
2025-09-10 11:26:37.630000128,-0.424745078015499,-0.0125533510716229,0.9052259563658568
2025-09-10 11:26:37.640000000,-0.4245746986608698,-0.0118338851717891,0.9053155717310802
2025-09-10 11:26:37.649999872,-0.4244648051265485,-0.0129063826542957,0.9053524476664666
2025-09-10 11:26:37.660000000,-0.4264584648418992,-0.0090335630970366,0.9044620348596522
2025-09-10 11:26:37.670000128,-0.4285399738783238,-0.0064445498388828,0.903499838719266
2025-09-10 11:26:37.680000000,-0.4353213750092852,-0.0127510055868712,0.9001848211987075
2025-09-10 11:26:37.689999872,-0.4386758200930932,-0.015914877106216,0.8985044471522367
2025-09-10 11:26:37.700000000,-0.4360822742274006,-0.0187395909465708,0.8997116637211132
2025-09-10 11:26:37.710000128,-0.4358466203067362,-0.0195004729843953,0.8998096771654441
2025-09-10 11:26:37.720000000,-0.4370515652248282,-0.0228575552463511,0.8991459622901544
2025-09-10 11:26:37.729999872,-0.4392540200866486,-0.0220572501203543,0.8980920796637984
2025-09-10 11:26:37.740000000,-0.437963352157795,-0.0197166553520568,0.8987765882956874
2025-09-10 11:26:37.750000128,-0.4376834766907677,-0.0201130345003717,0.8989041328612686
2025-09-10 11:26:37.760000000,-0.4395334758886036,-0.0260909455902709,0.8978471953130375
2025-09-10 11:26:37.769999872,-0.4385622743376178,-0.0256476290138441,0.8983347542279462
2025-09-10 11:26:37.780000000,-0.4428278805634054,-0.026298170552535,0.8962208848388393
2025-09-10 11:26:37.790000128,-0.4434777971907552,-0.0260792091005215,0.8959058646149867
2025-09-10 11:26:37.800000000,-0.443704837977275,-0.0249220814787496,0.8958263819570882
2025-09-10 11:26:37.809999872,-0.4435597337121941,-0.0271651838917109,0.8958330287577573
2025-09-10 11:26:37.820000000,-0.4453418154320849,-0.025352065260926,0.8950016425765154
2025-09-10 11:26:37.830000128,-0.4439328506686874,-0.0247750174793351,0.895717490398659
2025-09-10 11:26:37.840000000,-0.4462303907055183,-0.0286671920681005,0.8944588478570332
2025-09-10 11:26:37.850000128,-0.4450207248805033,-0.0314532338082524,0.8949677360161286
2025-09-10 11:26:37.860000000,-0.4442570073806395,-0.0394943722244017,0.8950284386296331
2025-09-10 11:26:37.870000128,-0.4450709550583708,-0.0459674594552402,0.8943147307490023
2025-09-10 11:26:37.880000000,-0.4440724152381728,-0.0445838286314646,0.8948809821697499
2025-09-10 11:26:37.889999872,-0.4440990695570262,-0.0433117581363253,0.894930225227489
2025-09-10 11:26:37.900000000,-0.4460077529122728,-0.0446288572625531,0.8939157395647442
2025-09-10 11:26:37.910000128,-0.4488537543420523,-0.0439007405323006,0.8925262081271116
2025-09-10 11:26:37.920000000,-0.4471302802636132,-0.0422114964206498,0.8934722726762774
2025-09-10 11:26:37.929999872,-0.4483956586430711,-0.0438625064412119,0.8927583177090769
2025-09-10 11:26:37.940000000,-0.4498459199510674,-0.0425854064951193,0.8920903157511706
2025-09-10 11:26:37.950000128,-0.4490504854132797,-0.0404791735987899,0.8925889860707765
2025-09-10 11:26:37.960000000,-0.4520563894010564,-0.0433810483418584,0.8909338389838167
2025-09-10 11:26:37.969999872,-0.4546222991805876,-0.0407826645067379,0.889750155584975
2025-09-10 11:26:37.980000000,-0.4539218908126076,-0.0371884589975885,0.890265092856331
2025-09-10 11:26:37.990000128,-0.4559160862214264,-0.0403914159397656,0.8891057618995154
2025-09-10 11:26:38.000000000,-0.4538974672954836,-0.0336484496385065,0.8904183685322705
2025-09-10 11:26:38.009999872,-0.4580375555967293,-0.0339990045861943,0.8882824243167942
2025-09-10 11:26:38.020000000,-0.4613045507070542,-0.0350729169345193,0.886548364159941
2025-09-10 11:26:38.030000128,-0.4579637558625884,-0.0355223314919716,0.8882608638691711
2025-09-10 11:26:38.040000000,-0.4641786050967571,-0.0353061240685846,0.8850376829116839
2025-09-10 11:26:38.049999872,-0.4664015006937426,-0.0339821405888277,0.8839201628380394
2025-09-10 11:26:38.060000000,-0.4679281326457687,-0.0351791419501994,0.8830660737738097
2025-09-10 11:26:38.070000128,-0.4700825121499686,-0.0323705382127592,0.8820286730183952
2025-09-10 11:26:38.080000000,-0.4696499538086672,-0.0303309966465011,0.8823315428624019
2025-09-10 11:26:38.089999872,-0.4763689077791635,-0.0306490691994627,0.8787111574678527
2025-09-10 11:26:38.100000000,-0.4838955059702142,-0.0344233480283477,0.8744484961461993
2025-09-10 11:26:38.110000128,-0.4855260688428573,-0.0394111933460468,0.8733333809680252
2025-09-10 11:26:38.120000000,-0.4901886800411642,-0.0369681310622365,0.8708320247012431
2025-09-10 11:26:38.129999872,-0.4916506988668453,-0.0348473788510622,0.8700949663634155
2025-09-10 11:26:38.140000000,-0.4963075338443556,-0.0375012154160603,0.8673364345463945
2025-09-10 11:26:38.150000128,-0.5057100255032312,-0.0305609116317666,0.862162050188801
2025-09-10 11:26:38.160000000,-0.5094889716072696,-0.0146995896509711,0.860351619905873
2025-09-10 11:26:38.169999872,-0.5123261516319414,-0.0142869205965725,0.8586721133551923
2025-09-10 11:26:38.180000000,-0.5174597170502566,-0.018833251889203,0.8555002921411227
2025-09-10 11:26:38.190000128,-0.5220812191883447,-0.019282863026641,0.852677765491928
2025-09-10 11:26:38.200000000,-0.4977275310646152,-0.0123817556834375,0.8672450616443533
2025-09-10 11:26:38.209999872,-0.404958748859255,0.0198942512237735,0.914118499151282
2025-09-10 11:26:38.220000000,-0.3374167848522421,0.0127460146940019,0.9412690648318344
2025-09-10 11:26:38.230000128,-0.2606204071499257,0.046466287241278,0.9643225018255138
2025-09-10 11:26:38.240000000,-0.1800107377908563,0.0361440712451179,0.9830003765990222
2025-09-10 11:26:38.249999872,-0.0695082112620138,0.0447458239882419,0.9965773526439222
2025-09-10 11:26:38.260000000,-0.1197249955425504,-0.0795112358231204,0.9896180519878448
2025-09-10 11:26:38.270000128,-0.187379892147,-0.199654013556094,0.9617832660687756
2025-09-10 11:26:38.280000000,-0.1150953462578847,-0.3278475002746924,0.9376934882110536
2025-09-10 11:26:38.289999872,-0.1287471729351013,-0.3709646355410522,0.9196789682487654
2025-09-10 11:26:38.300000000,-0.1354634122490454,-0.3418477909256253,0.92994072487504
2025-09-10 11:26:38.310000128,-0.0681897721546291,-0.3945009529853548,0.9163619116196104
2025-09-10 11:26:38.320000000,0.0070938571799895,-0.4101464113151869,0.9119921043932252
2025-09-10 11:26:38.329999872,0.182070224381769,-0.4468238439398234,0.8758989016321534
2025-09-10 11:26:38.340000000,0.1702580289236409,-0.382393946139127,0.9081778865085756
2025-09-10 11:26:38.350000128,0.2903430635326612,-0.392095142800391,0.8729045219557579
2025-09-10 11:26:38.360000000,0.3638558773283706,-0.3861976597243513,0.8476203561483383
2025-09-10 11:26:38.369999872,0.4360656645502198,-0.3290293723339874,0.837607550313318
2025-09-10 11:26:38.380000000,0.4877050500028876,-0.3072350654771343,0.8171599590918182
2025-09-10 11:26:38.390000128,0.4872857707881194,-0.3477176230216727,0.801027485313448
2025-09-10 11:26:38.400000000,0.522891056887851,-0.3848829415736104,0.7605590469597684
2025-09-10 11:26:38.409999872,0.558541298490124,-0.3894473037868449,0.7323676777781247
2025-09-10 11:26:38.420000000,0.5417490584488929,-0.3889730410445146,0.7451227623756507
2025-09-10 11:26:38.430000128,0.4891409668759708,-0.3970752068791848,0.7765773590605722
2025-09-10 11:26:38.440000000,0.4694110470708748,-0.3971206161875869,0.7886371060802404
2025-09-10 11:26:38.449999872,0.44496795829429,-0.3932103612390613,0.8046049514548477
2025-09-10 11:26:38.460000000,0.4272128872115495,-0.3870149203971336,0.8171343833118102
2025-09-10 11:26:38.470000128,0.3971650543629187,-0.3962896584379742,0.8277767973361018
2025-09-10 11:26:38.480000000,0.3705661631668771,-0.3880482342349986,0.8438597553046828
2025-09-10 11:26:38.489999872,0.346883998808784,-0.3971735591847756,0.8496614945111525
2025-09-10 11:26:38.500000000,0.3273817666431973,-0.3992940231859359,0.8563792745726442
2025-09-10 11:26:38.510000128,0.2980923527510037,-0.4090985113730438,0.8624264358330691
2025-09-10 11:26:38.520000000,0.2811391912450697,-0.4163484526509229,0.8646471656816151
2025-09-10 11:26:38.529999872,0.2562132048516153,-0.4051452105933428,0.877617315230813
2025-09-10 11:26:38.540000000,0.2391156015569161,-0.4043015179125134,0.8828159557380644
2025-09-10 11:26:38.550000128,0.234586438376811,-0.3999841346028616,0.8859920400295268
2025-09-10 11:26:38.560000000,0.201812282946377,-0.4142887806865983,0.8874889343812593
2025-09-10 11:26:38.570000128,0.1587603903588935,-0.4176564994766484,0.894627401155366
2025-09-10 11:26:38.580000000,0.1470153291780322,-0.428132486841328,0.8916776697314648
2025-09-10 11:26:38.590000128,0.1250361582295318,-0.4442491875288459,0.8871350621608639
2025-09-10 11:26:38.600000000,0.1511038417910288,-0.4274823768837961,0.891306034114979
2025-09-10 11:26:38.609999872,0.1760540145317665,-0.4171066695501505,0.8916428714367822
2025-09-10 11:26:38.620000000,0.1650194664037863,-0.4201571509277441,0.8923208751520333
2025-09-10 11:26:38.630000128,0.1354402854202344,-0.4341848116050978,0.8905837851975138
2025-09-10 11:26:38.640000000,0.1237318552241274,-0.4493884835691922,0.8847261829731148
2025-09-10 11:26:38.649999872,0.1186815388483286,-0.4423946935990889,0.8889328587761626
2025-09-10 11:26:38.660000000,0.1134200722521294,-0.4411752482990127,0.890224852213544
2025-09-10 11:26:38.670000128,0.1025054303359802,-0.4406317712972723,0.8918162808981813
2025-09-10 11:26:38.680000000,0.0803225532942085,-0.441172357153493,0.8938205853055354
2025-09-10 11:26:38.689999872,0.0819630503095664,-0.4298163578203067,0.8991884991113029
2025-09-10 11:26:38.700000000,0.0820011298843989,-0.4238789142105039,0.9019991578629142
2025-09-10 11:26:38.710000128,0.0702259104756704,-0.4166759589204036,0.9063384945789434
2025-09-10 11:26:38.720000000,0.058588125529472,-0.4036042820863987,0.913055866323888
2025-09-10 11:26:38.729999872,0.0503297495686181,-0.3959638838102406,0.91688577207102
2025-09-10 11:26:38.740000000,0.0505080105610214,-0.3976966957139412,0.9161256895685116
2025-09-10 11:26:38.750000128,0.050076478092863,-0.3910534268009423,0.9190046592531808
2025-09-10 11:26:38.760000000,0.0486993718241965,-0.3878861122277108,0.9204198689320002
2025-09-10 11:26:38.769999872,0.0437310493688119,-0.3867741551028875,0.9211369866993454
2025-09-10 11:26:38.780000000,0.0424360583092523,-0.3863036564181014,0.9213949565702968
2025-09-10 11:26:38.790000128,0.0371195314952037,-0.3853295794011143,0.9220321337242738
2025-09-10 11:26:38.800000000,0.0292899747429374,-0.3752424612503557,0.92646381076345
2025-09-10 11:26:38.809999872,0.0326674754849314,-0.3767639380255166,0.9257330992510456
2025-09-10 11:26:38.820000000,0.0310656595718952,-0.3808762228317374,0.9241040134512952
2025-09-10 11:26:38.830000128,0.0241154576324799,-0.3811894184078124,0.9241823802676016
2025-09-10 11:26:38.840000000,0.0176861172708111,-0.3649863853937783,0.9308448526650762
2025-09-10 11:26:38.850000128,0.0157446171631857,-0.3579889264579639,0.93359307814693
2025-09-10 11:26:38.860000000,0.0052882574741404,-0.3572360068318598,0.9339991808110512
2025-09-10 11:26:38.870000128,0.0041695211426822,-0.3575951715196572,0.93386739336978
2025-09-10 11:26:38.880000000,0.0078081698726616,-0.3537899707909692,0.935292301396181
2025-09-10 11:26:38.889999872,0.0146785391910682,-0.3522613318809013,0.935786564633576
2025-09-10 11:26:38.900000000,0.0146324240750312,-0.3468574126279318,0.9378037254515176
2025-09-10 11:26:38.910000128,0.0071923285146704,-0.344303494027284,0.9388308550591749
2025-09-10 11:26:38.920000000,0.0101266427641064,-0.3386282165005392,0.940865761995829
2025-09-10 11:26:38.929999872,0.0148788241575317,-0.3369109244352421,0.9414189554007716
2025-09-10 11:26:38.940000000,0.0154430170602943,-0.3375542196053402,0.9411793995039974
2025-09-10 11:26:38.950000128,0.02093953547954,-0.3331073883852127,0.9426563550186696
2025-09-10 11:26:38.960000000,0.0233488813776322,-0.3327033608111433,0.942742437489362
2025-09-10 11:26:38.969999872,0.0283757977964509,-0.3268792776584355,0.9446400118229772
2025-09-10 11:26:38.980000000,0.0284869561136909,-0.317879655399206,0.947703022056308
2025-09-10 11:26:38.990000128,0.0265959366819694,-0.3175569458290503,0.947866152105736
2025-09-10 11:26:39.000000000,0.0277570388488045,-0.3164870081727991,0.9481906561721524
2025-09-10 11:26:39.009999872,0.0247432560619851,-0.3125336512771017,0.9495843765031384
2025-09-10 11:26:39.020000000,0.0269126184098941,-0.3036711502095252,0.9523967363975726
2025-09-10 11:26:39.030000128,0.033192126098448,-0.298582394041836,0.9538064985799324
2025-09-10 11:26:39.040000000,0.0350040746915967,-0.2961684651536244,0.9544940832731922
2025-09-10 11:26:39.049999872,0.0372760327027945,-0.29260182453036,0.9555075455837304
2025-09-10 11:26:39.060000000,0.043129946977641,-0.2932448625520072,0.9550640074155032
2025-09-10 11:26:39.070000128,0.0449752541890396,-0.2942033367370579,0.9546840436308824
2025-09-10 11:26:39.080000000,0.0445730392540461,-0.2909590563221085,0.9556966420971698
2025-09-10 11:26:39.089999872,0.0446501990210275,-0.2883268168883518,0.9564904633034318
2025-09-10 11:26:39.100000000,0.0472610883725922,-0.2801096562941695,0.9588039267632358
2025-09-10 11:26:39.110000128,0.0495720014836742,-0.2726955410194818,0.96082243863109
2025-09-10 11:26:39.120000000,0.0510260020634174,-0.2731686919845024,0.9606118950090614
2025-09-10 11:26:39.129999872,0.0532698921767699,-0.2735307289227511,0.9603870360029146
2025-09-10 11:26:39.140000000,0.0577146399958391,-0.2726025358163131,0.960394126281844
2025-09-10 11:26:39.150000128,0.059627796035164,-0.271906865068512,0.9604744570620308
2025-09-10 11:26:39.160000000,0.0609501156781093,-0.2711672168150745,0.960600553780598
2025-09-10 11:26:39.169999872,0.0620339922731938,-0.2668062704436348,0.9617516300244088
2025-09-10 11:26:39.180000000,0.0653231548842675,-0.2719855442548001,0.9600816367124132
2025-09-10 11:26:39.190000128,0.0633930362214104,-0.2751727917464638,0.9593024849551304
2025-09-10 11:26:39.200000000,0.0618184248932217,-0.2684170859705043,0.9613171954681888
2025-09-10 11:26:39.209999872,0.0644141937953597,-0.2669483294191092,0.9615557191645426
2025-09-10 11:26:39.220000000,0.0675782751316302,-0.2636372610674077,0.962251823228779
2025-09-10 11:26:39.230000128,0.06926190589517,-0.2558515261873209,0.9642317070805062
2025-09-10 11:26:39.240000000,0.0717894526973254,-0.2513885431583966,0.9652202209082223
2025-09-10 11:26:39.249999872,0.0745091794912923,-0.2471194137751884,0.9661161304454768
2025-09-10 11:26:39.260000000,0.0725962440653446,-0.2480568783647511,0.9660215165530942
2025-09-10 11:26:39.270000128,0.0709625248205359,-0.2445731387053338,0.9670306613003108
2025-09-10 11:26:39.280000000,0.0701119616167158,-0.2408224300239944,0.9680335066698852
2025-09-10 11:26:39.289999872,0.0726412161831879,-0.2399828873078641,0.9680555084863722
2025-09-10 11:26:39.300000000,0.0730106710044578,-0.2421063753528828,0.9674988087501546
2025-09-10 11:26:39.310000128,0.0710140734834563,-0.2451988848634321,0.9668684027462144
2025-09-10 11:26:39.320000000,0.07437086620256,-0.2429992181834362,0.9671713158600804
2025-09-10 11:26:39.329999872,0.0751230904299714,-0.2399924467273838,0.9678637025935286
2025-09-10 11:26:39.340000000,0.0740335724561641,-0.2385440051183628,0.9683056272538484
2025-09-10 11:26:39.350000128,0.0795693586104204,-0.240992642506725,0.96725966701189
2025-09-10 11:26:39.360000000,0.0818717421071469,-0.2436870273575569,0.9663920790972876
2025-09-10 11:26:39.369999872,0.081930991341406,-0.2455432721651601,0.9659170845120408
2025-09-10 11:26:39.380000000,0.0834039632894294,-0.2459483660957342,0.9656879310224676
2025-09-10 11:26:39.390000128,0.0835154121934506,-0.2455357095088807,0.965783304516147
2025-09-10 11:26:39.400000000,0.0848337539297095,-0.2449797028257473,0.9658095979009538
2025-09-10 11:26:39.409999872,0.08799030432688,-0.2528321504937867,0.9635007057709664
2025-09-10 11:26:39.420000000,0.0866665776972361,-0.2532630142281404,0.9635075245862512
2025-09-10 11:26:39.430000128,0.0846279480075341,-0.2477809428314207,0.9651127989958512
2025-09-10 11:26:39.440000000,0.0817463939361467,-0.2485101434457384,0.9651736816153944
2025-09-10 11:26:39.449999872,0.084577666224467,-0.2522475343755868,0.9639594388652772
2025-09-10 11:26:39.460000000,0.0833432678147103,-0.2529425107954157,0.9638848406020694
2025-09-10 11:26:39.470000128,0.0803162176655793,-0.2564132656798748,0.963224554485234
2025-09-10 11:26:39.480000000,0.0829788962766852,-0.2534616885347751,0.9637798894030752
2025-09-10 11:26:39.489999872,0.0847475213772816,-0.2430827861662479,0.966296339996205
2025-09-10 11:26:39.500000000,0.0799432468706674,-0.2519551692684194,0.9644312676177073
2025-09-10 11:26:39.510000128,0.0810020486784409,-0.2470077671827985,0.965621991806972
2025-09-10 11:26:39.520000000,0.0808854188126183,-0.242741734421976,0.966712987082163
2025-09-10 11:26:39.529999872,0.0805075972449003,-0.2385939908211251,0.9677765415269692
2025-09-10 11:26:39.540000000,0.08056821933405,-0.235066839361987,0.9686342669272578
2025-09-10 11:26:39.550000128,0.0784171429558453,-0.2338723304038275,0.969099832195902
2025-09-10 11:26:39.560000000,0.0794415341877455,-0.2367971648873321,0.9683058118937524
2025-09-10 11:26:39.570000128,0.0792359236618722,-0.2358157669125549,0.9685621262866382
2025-09-10 11:26:39.580000000,0.0817984234886052,-0.2323008718611454,0.9691982887146112
2025-09-10 11:26:39.590000128,0.0835803910931402,-0.2339290602851742,0.9686544858610904
2025-09-10 11:26:39.600000000,0.0828487031777068,-0.2347126042163748,0.9685277929949868
2025-09-10 11:26:39.609999872,0.083342448201082,-0.2353706748215313,0.9683257105756858
2025-09-10 11:26:39.620000000,0.0848943317637407,-0.2360181742996193,0.9680332503765884
2025-09-10 11:26:39.630000128,0.0905111180092025,-0.2352659150345009,0.9677074386092644
2025-09-10 11:26:39.640000000,0.0866367057317526,-0.2320004406908981,0.9688497699536182
2025-09-10 11:26:39.649999872,0.0866607843803468,-0.2302735651830656,0.969259507886543
2025-09-10 11:26:39.660000000,0.0857526990827289,-0.2281628502361464,0.969839259038396
2025-09-10 11:26:39.670000128,0.0863562933316628,-0.2295714827878709,0.9694532092332224
2025-09-10 11:26:39.680000000,0.0856352093706781,-0.2296473098472151,0.969499212993996
2025-09-10 11:26:39.689999872,0.0861612265439588,-0.2287412005092811,0.9696668016540596
2025-09-10 11:26:39.700000000,0.0913838505552431,-0.2294975506403173,0.9690097347848432
2025-09-10 11:26:39.710000128,0.0884495599987715,-0.2327728034455411,0.9685006439399652
2025-09-10 11:26:39.720000000,0.0890870200216079,-0.2308005819399969,0.9689141315100264
2025-09-10 11:26:39.729999872,0.0919031497251032,-0.2290001151846996,0.9690783035008056
2025-09-10 11:26:39.740000000,0.0914161276119947,-0.230084774999194,0.968867425361178
2025-09-10 11:26:39.750000128,0.0916719874696925,-0.230204812045724,0.9688147352431988
2025-09-10 11:26:39.760000000,0.0892632683028804,-0.229359994433468,0.9692399403065104
2025-09-10 11:26:39.769999872,0.088663940761812,-0.2275891933432717,0.9697122587045832
2025-09-10 11:26:39.780000000,0.0889151578561173,-0.2307469030732853,0.9689427028599316
2025-09-10 11:26:39.790000128,0.0899071770309977,-0.2277709356733793,0.969555104354977
2025-09-10 11:26:39.800000000,0.0883824194149551,-0.2257471521870774,0.970168424150046
2025-09-10 11:26:39.809999872,0.0881182047388613,-0.2291304987272394,0.9693989872836708
2025-09-10 11:26:39.820000000,0.0923228721455233,-0.2298296596195395,0.9688419968384772
2025-09-10 11:26:39.830000128,0.0926235780300932,-0.2286804903366488,0.9690851903379254
2025-09-10 11:26:39.840000000,0.0941540157483033,-0.225343946300169,0.9697190970504472
2025-09-10 11:26:39.850000128,0.091751444115249,-0.225595450469519,0.9698909037774408
2025-09-10 11:26:39.860000000,0.0917607187416652,-0.2256728561891824,0.9698720186062848
2025-09-10 11:26:39.870000128,0.0916769124528385,-0.2266944124224027,0.9696416797454492
2025-09-10 11:26:39.880000000,0.0911513619334778,-0.2289056327585348,0.9691716259306642
2025-09-10 11:26:39.889999872,0.0926728373121976,-0.2285392413100845,0.9691138015764288
2025-09-10 11:26:39.900000000,0.0948756943683121,-0.2338502192713241,0.9676325116307762
2025-09-10 11:26:39.910000128,0.0935941743554119,-0.2335033927287209,0.967841048990435
2025-09-10 11:26:39.920000000,0.0927846378434915,-0.2292053796524412,0.9689457698543466
2025-09-10 11:26:39.929999872,0.0906277734466842,-0.2276194590986858,0.9695235884287284
2025-09-10 11:26:39.940000000,0.0895944971406099,-0.2283683229332187,0.9694435182942792
2025-09-10 11:26:39.950000128,0.0907909698650808,-0.2313014401050232,0.9686364868186106
2025-09-10 11:26:39.960000000,0.0884117731963535,-0.23542345159676,0.9678631911579988
2025-09-10 11:26:39.969999872,0.0883073697588833,-0.2318361867235335,0.96873824688187
2025-09-10 11:26:39.980000000,0.0899952861039301,-0.2264223597908031,0.96986275496373
2025-09-10 11:26:39.990000128,0.0859777384816729,-0.2289601320373609,0.9696314178196844
2025-09-10 11:26:40.000000000,0.0859024414624768,-0.2329372893641845,0.968690347724417
2025-09-10 11:26:40.009999872,0.0870973757983719,-0.2352697707786215,0.9680197219513724
2025-09-10 11:26:40.020000000,0.0876746657335578,-0.2293223123769185,0.969393846707628
2025-09-10 11:26:40.030000128,0.0889577970981114,-0.2316053929758464,0.9687339429791624
2025-09-10 11:26:40.040000000,0.0884249955008216,-0.2311680050038988,0.9688871831297992
2025-09-10 11:26:40.049999872,0.0879813878056872,-0.2288454739412029,0.9694787385272622
2025-09-10 11:26:40.060000000,0.0871202571716248,-0.2290112943564427,0.9695173478837482
2025-09-10 11:26:40.070000128,0.0892676550406633,-0.2275502669231547,0.969666005275395
2025-09-10 11:26:40.080000000,0.0900360502133911,-0.224642671769888,0.970272734689612
2025-09-10 11:26:40.089999872,0.0867476867173522,-0.2246142755396877,0.970578830426962
2025-09-10 11:26:40.100000000,0.0854816698648978,-0.2227578649662685,0.9711188483974444
2025-09-10 11:26:40.110000128,0.0850892798266099,-0.2199651313953808,0.971789666249236
2025-09-10 11:26:40.120000000,0.0859955025001007,-0.22494316649281,0.9705695984307068
2025-09-10 11:26:40.129999872,0.0878020289990668,-0.2301727589880739,0.9691807389354502
2025-09-10 11:26:40.140000000,0.0866101262049348,-0.2266832651217515,0.9701099851833848
2025-09-10 11:26:40.150000128,0.0869260561661469,-0.2234146941008461,0.9708397062436338
2025-09-10 11:26:40.160000000,0.0876086543006523,-0.2247617513839592,0.970467350716367
2025-09-10 11:26:40.169999872,0.0880913391782476,-0.2265793426715378,0.970000885276048
2025-09-10 11:26:40.180000000,0.0881265554293214,-0.2256225994661221,0.9702206722381836
2025-09-10 11:26:40.190000128,0.0862402532910014,-0.2239012554146,0.970788775448125
2025-09-10 11:26:40.200000000,0.0866740208276352,-0.2212375042585043,0.9713606852364568
2025-09-10 11:26:40.209999872,0.0874894710988184,-0.2258776204754225,0.9702189922977236
2025-09-10 11:26:40.220000000,0.0868456473326165,-0.2282561121575717,0.9697200527998217
2025-09-10 11:26:40.230000128,0.0876843424021419,-0.2266460532527923,0.970022176366312
2025-09-10 11:26:40.240000000,0.0842322460432935,-0.2293658831979976,0.9696887234320632
2025-09-10 11:26:40.249999872,0.0858162894543553,-0.2294177981235312,0.9695375384008796
2025-09-10 11:26:40.260000000,0.089213543041888,-0.228536488758088,0.9694390218286232
2025-09-10 11:26:40.270000128,0.087644256750296,-0.2280135105964536,0.9697052764856802
2025-09-10 11:26:40.280000000,0.0843984011953374,-0.2266719906306254,0.9703075381234656
2025-09-10 11:26:40.289999872,0.0843840660359937,-0.2267785338879481,0.9702838893678828
2025-09-10 11:26:40.300000000,0.0851661014273077,-0.2279111846857566,0.9699501157599852
2025-09-10 11:26:40.310000128,0.0823885607032175,-0.2293994032903425,0.9698391819447628
2025-09-10 11:26:40.320000000,0.086596943487999,-0.2310278586179019,0.9690857020516624
2025-09-10 11:26:40.329999872,0.0891298191463557,-0.2275767392067899,0.969672472080621
2025-09-10 11:26:40.340000000,0.089624510877907,-0.2287342971141951,0.9693544596140108
2025-09-10 11:26:40.350000128,0.0902169755177644,-0.2297098008257739,0.9690687822507804
2025-09-10 11:26:40.360000000,0.0873736664016296,-0.2242018117338165,0.9706180453890249
2025-09-10 11:26:40.369999872,0.0856830050506891,-0.227613808710731,0.96997442065741
2025-09-10 11:26:40.380000000,0.0896655163981364,-0.2300761353676656,0.9690330577969646
2025-09-10 11:26:40.390000128,0.0897212307942346,-0.222599183945264,0.9707727355316847
2025-09-10 11:26:40.400000000,0.0892079596851321,-0.2260992627381126,0.9700108573196992
2025-09-10 11:26:40.409999872,0.0899555378725875,-0.2257440760857385,0.9700245426370664
2025-09-10 11:26:40.420000000,0.0919548856945426,-0.2255922474733043,0.9698723817476438
2025-09-10 11:26:40.430000128,0.0932497352085179,-0.2272059721356569,0.9693719271308782
2025-09-10 11:26:40.440000000,0.092525777028193,-0.2247022273834237,0.970024685043766
2025-09-10 11:26:40.449999872,0.0938156586142942,-0.2222899376221862,0.9704564935280152
2025-09-10 11:26:40.460000000,0.0929657099472786,-0.2210962443736764,0.9708109123294062
2025-09-10 11:26:40.470000128,0.092880377847925,-0.2196137035906929,0.9711555264765817
2025-09-10 11:26:40.480000000,0.0938480242249207,-0.2207760282901521,0.9707988945613322
2025-09-10 11:26:40.489999872,0.0962519378030257,-0.220616059286851,0.9705998757747206
2025-09-10 11:26:40.500000000,0.0980420524180347,-0.218085879076996,0.9709924331862084
2025-09-10 11:26:40.510000128,0.0982565421916393,-0.2156947789913981,0.9715047165260676
2025-09-10 11:26:40.520000000,0.0969751428607441,-0.2165202245169598,0.9714498515323698
2025-09-10 11:26:40.529999872,0.0926111415055364,-0.2131844503174992,0.9726127526471504
2025-09-10 11:26:40.540000000,0.0924307884899936,-0.2145533580387778,0.9723288568655166
2025-09-10 11:26:40.550000128,0.093568046931619,-0.2175150952600191,0.9715617344911376
2025-09-10 11:26:40.560000000,0.091230634954451,-0.2197152616004429,0.9712889246077384
2025-09-10 11:26:40.570000128,0.0926866162038692,-0.2170400040166533,0.9717524519305972
2025-09-10 11:26:40.580000000,0.0949314618843984,-0.2187526958054518,0.9711515204242532
2025-09-10 11:26:40.590000128,0.0950412809377785,-0.2186370520062432,0.9711668211011564
2025-09-10 11:26:40.600000000,0.0927997087000019,-0.2173346429694641,0.97167580346046
2025-09-10 11:26:40.609999872,0.0944336280675585,-0.2187143356659352,0.9712086950106072
2025-09-10 11:26:40.620000000,0.0950394657758215,-0.2184388787292334,0.9712115918812756
2025-09-10 11:26:40.630000128,0.0923317189246204,-0.2190439577289435,0.971336501045269
2025-09-10 11:26:40.640000000,0.0936798956293108,-0.2201893265035408,0.9709483702282004
2025-09-10 11:26:40.649999872,0.0939946719556275,-0.2187783497225079,0.9712368585142608
2025-09-10 11:26:40.660000000,0.0974605578485284,-0.2188251120933533,0.970884653283378
2025-09-10 11:26:40.670000128,0.0963742482008948,-0.2132622679349612,0.9722300187501666
2025-09-10 11:26:40.680000000,0.0952439004240044,-0.2107017133852299,0.9728994744620592
2025-09-10 11:26:40.689999872,0.0957283498151881,-0.2154161444304769,0.9718188965853508
2025-09-10 11:26:40.700000000,0.0987598025018327,-0.2167146162407291,0.9712266864730564
2025-09-10 11:26:40.710000128,0.099731370290363,-0.2128757454817518,0.9719761163555384
2025-09-10 11:26:40.720000000,0.0962814982918423,-0.2199004859763562,0.97075931587291
2025-09-10 11:26:40.729999872,0.0802488162065066,-0.2296146829571083,0.969967641144776
2025-09-10 11:26:40.740000000,0.0444609555850251,-0.2542387318468997,0.9661189836957697
2025-09-10 11:26:40.750000128,0.015291597666677,-0.2795631148715419,0.9600055374028432
2025-09-10 11:26:40.760000000,0.0144314182750326,-0.2781438653584718,0.960431009667024
2025-09-10 11:26:40.769999872,0.0174997387888724,-0.2782494646343746,0.9603494127519449
2025-09-10 11:26:40.780000000,0.0236733507430547,-0.2779630921597441,0.9603000009692751
2025-09-10 11:26:40.790000128,0.0187102250586007,-0.2755921296326263,0.9610925582704356
2025-09-10 11:26:40.800000000,0.0184414418397749,-0.2739605468941703,0.961564107050756
2025-09-10 11:26:40.809999872,0.0171988029835692,-0.2697388947040081,0.9627798968922192
2025-09-10 11:26:40.820000000,0.0151957144786334,-0.2635369619185253,0.9645296055405648
2025-09-10 11:26:40.830000128,0.0156168131975132,-0.2635103777880507,0.964530142579045
2025-09-10 11:26:40.840000000,0.017243177986661,-0.2591638090515297,0.9656794462402224
2025-09-10 11:26:40.850000128,0.0193461042418759,-0.2583546198931895,0.9658564171917626
2025-09-10 11:26:40.860000000,0.0204123430588373,-0.2609822845744547,0.9651277549574184
2025-09-10 11:26:40.870000128,0.0204254512803573,-0.2615017030266412,0.9649868705086926
2025-09-10 11:26:40.880000000,0.0194081249422554,-0.2595765262747173,0.9655274991906636
2025-09-10 11:26:40.889999872,0.0174033186904984,-0.2612609762087524,0.9651113028086484
2025-09-10 11:26:40.900000000,0.0100773905638016,-0.2617300412598066,0.9650885097759504
2025-09-10 11:26:40.910000128,0.0071124136066766,-0.259214443489096,0.965793604171888
2025-09-10 11:26:40.920000000,0.0064423602215353,-0.2576717319424795,0.9662110403801744
2025-09-10 11:26:40.929999872,0.0065693339151899,-0.2601089133024691,0.9655569362148042
2025-09-10 11:26:40.940000000,0.0045894880824391,-0.2593432825484422,0.9657742999252672
2025-09-10 11:26:40.950000128,0.003239192598831,-0.2581969791403242,0.9660868633793334
2025-09-10 11:26:40.960000000,0.005292519921688,-0.2603333258016547,0.9655042976133912
2025-09-10 11:26:40.969999872,0.005204626703722,-0.2601960428320884,0.9655417811547036
2025-09-10 11:26:40.980000000,0.0050473483756856,-0.2594851282586091,0.9657339139157266
2025-09-10 11:26:40.990000128,0.0034221342894846,-0.2603797367172527,0.9655002235649452
2025-09-10 11:26:41.000000000,0.0036300212983031,-0.2630456508662401,0.964776558849628
2025-09-10 11:26:41.009999872,0.0047488955788573,-0.2628601137129961,0.96482226788646
2025-09-10 11:26:41.020000000,0.0025084866576096,-0.2642219340864216,0.9644586445474576
2025-09-10 11:26:41.030000128,0.004361936542786,-0.262933639105038,0.9648040603856196
2025-09-10 11:26:41.040000000,0.0026833488955091,-0.2645866669786353,0.9643581779068612
2025-09-10 11:26:41.049999872,-0.0008432426503112,-0.2625740316575458,0.9649114813499396
2025-09-10 11:26:41.060000000,-0.0002496094621685,-0.259373496351943,0.9657770586865714
2025-09-10 11:26:41.070000128,-0.000682773959012,-0.2587303865323452,0.9659493366137504
2025-09-10 11:26:41.080000000,-0.0004161890848928,-0.2581695806951776,0.9660995261308856
2025-09-10 11:26:41.089999872,-0.0001896046152449,-0.2575037220985604,0.9662772879228184
2025-09-10 11:26:41.100000000,7.393407382568508e-05,-0.2537369414214806,0.967273259783307
2025-09-10 11:26:41.110000128,0.0017198556616047,-0.2557399875476481,0.9667440720612837
2025-09-10 11:26:41.120000000,0.0003367003638343,-0.2564108866677337,0.9665678164676972
2025-09-10 11:26:41.129999872,0.0007605128948121,-0.2558303175448763,0.9667214026000588
2025-09-10 11:26:41.140000000,-0.0003980680859221,-0.2571223763882726,0.966378768962898
2025-09-10 11:26:41.150000128,-0.0002121814020807,-0.2590419663320095,0.965866043847644
2025-09-10 11:26:41.160000000,-0.0011968728212662,-0.2589914181278195,0.965878881036122
2025-09-10 11:26:41.169999872,0.0046148864493675,-0.2564686257131768,0.9665415391217566
2025-09-10 11:26:41.180000000,0.0393213208596742,-0.2457865567977638,0.9685260978535118
2025-09-10 11:26:41.190000128,0.0655558044673047,-0.250538029424274,0.9658846371657672
2025-09-10 11:26:41.200000000,0.0715195503736648,-0.2543825715526525,0.9644555257784614
2025-09-10 11:26:41.209999872,0.0689406427110957,-0.2522324789568927,0.9652077311863192
2025-09-10 11:26:41.220000000,0.068970370959125,-0.2483246596899863,0.9662183766207374
2025-09-10 11:26:41.230000128,0.068592765491267,-0.246076114893675,0.9668203443251984
2025-09-10 11:26:41.240000000,0.0681059174506645,-0.2451049424796356,0.9671014172155152
2025-09-10 11:26:41.249999872,0.0694889719928784,-0.2440395503578144,0.9672724438505051
2025-09-10 11:26:41.260000000,0.0693436533298721,-0.2492503593994786,0.9659532680632626
2025-09-10 11:26:41.270000128,0.0680357572798134,-0.2511519845455542,0.965553632063073
2025-09-10 11:26:41.280000000,0.0670787543494502,-0.2479762662536484,0.966441002901794
2025-09-10 11:26:41.289999872,0.0694832896668827,-0.2438568960608695,0.9673189167490868
2025-09-10 11:26:41.300000000,0.0705736921399511,-0.2395610255299939,0.968312898305477
2025-09-10 11:26:41.310000128,0.0665905866058889,-0.2408725593949228,0.9682696442138538
2025-09-10 11:26:41.320000000,0.0669308563696509,-0.2414095675848561,0.9681124320780712
2025-09-10 11:26:41.329999872,0.06746077594961,-0.2395847088597117,0.9685288901157691
2025-09-10 11:26:41.340000000,0.0692625130299322,-0.2417047536214496,0.9678747420847248
2025-09-10 11:26:41.350000128,0.0664144259509018,-0.2479302732472735,0.9664986826856748
2025-09-10 11:26:41.360000000,0.0661202172484807,-0.2443902569682561,0.9674200324419604
2025-09-10 11:26:41.369999872,0.0651104707060121,-0.2387022408738228,0.9689075636025642
2025-09-10 11:26:41.380000000,0.0651061101216992,-0.2387663311510627,0.9688920649553708
2025-09-10 11:26:41.390000128,0.0682957994563682,-0.2375512895935603,0.968971139193037
2025-09-10 11:26:41.400000000,0.0692722776501374,-0.2372126518249479,0.968984782833734
2025-09-10 11:26:41.409999872,0.0681226463697162,-0.2376844235550289,0.9689506797824646
2025-09-10 11:26:41.420000000,0.0683967351058668,-0.2408231638532474,0.9681560258442696
2025-09-10 11:26:41.430000128,0.0705029767683994,-0.2453721064042728,0.9668618617287192
2025-09-10 11:26:41.440000000,0.0735204500526415,-0.2450001836983552,0.9667314277563492
2025-09-10 11:26:41.449999872,0.0794825528944812,-0.2452333369263952,0.9662003592657792
2025-09-10 11:26:41.460000000,0.0814112212859543,-0.2451028622986501,0.966072875067786
2025-09-10 11:26:41.470000128,0.0816294012705579,-0.2424472901103651,0.9667243414574552
2025-09-10 11:26:41.480000000,0.0833622399983703,-0.2398758143339111,0.9672178299845888
2025-09-10 11:26:41.489999872,0.0837557738673907,-0.2410976838628158,0.9668799704099058
2025-09-10 11:26:41.500000000,0.0833829705280252,-0.243383107375974,0.9663394555071926
2025-09-10 11:26:41.510000128,0.0842359830917128,-0.2427291685292732,0.966429950848824
2025-09-10 11:26:41.520000000,0.0847072301357257,-0.2416328771412371,0.9666634563524066
2025-09-10 11:26:41.529999872,0.0854207727630622,-0.2420424630223001,0.9664981829650068
2025-09-10 11:26:41.540000000,0.0846871378665043,-0.2401592748703129,0.9670323734879536
2025-09-10 11:26:41.550000128,0.0855041028524697,-0.2407312566815967,0.9668182406491376
2025-09-10 11:26:41.560000000,0.0860858996830772,-0.2417504513743733,0.966512254002008
2025-09-10 11:26:41.570000128,0.0753209247182768,-0.2394827899856046,0.9679745614427554
2025-09-10 11:26:41.580000000,0.0623526118043468,-0.2372173602084128,0.9694534933749678
2025-09-10 11:26:41.590000128,0.0594441587555433,-0.2411659213536567,0.9686616490640516
2025-09-10 11:26:41.600000000,0.0592671567471645,-0.240476265982395,0.9688439346098378
2025-09-10 11:26:41.609999872,0.0582479493670893,-0.2398755987217798,0.9690546287657869
2025-09-10 11:26:41.620000000,0.056366519959489,-0.2373486187397878,0.9697878369055632
2025-09-10 11:26:41.630000128,0.0568908184775586,-0.2371114010352827,0.9698152495563468
2025-09-10 11:26:41.640000000,0.0565723507403566,-0.2348791912250329,0.9703769034046432
2025-09-10 11:26:41.649999872,0.0566145292853456,-0.2379507153781888,0.969625830990907
2025-09-10 11:26:41.660000000,0.0560325138964554,-0.2414505395403272,0.9687940928505542
2025-09-10 11:26:41.670000128,0.0550958895688845,-0.2392556917260267,0.9693921584835076
2025-09-10 11:26:41.680000000,0.0560825307731773,-0.2367842951851477,0.9699422391543472
2025-09-10 11:26:41.689999872,0.0564646239408313,-0.2369933686386592,0.9698690063428778
2025-09-10 11:26:41.700000000,0.0562987726781213,-0.2394203575304902,0.9692823843415858
2025-09-10 11:26:41.710000128,0.0542620536510853,-0.240325173463358,0.969174618184656
2025-09-10 11:26:41.720000000,0.0552849141779859,-0.2410160862206412,0.9689452123041928
2025-09-10 11:26:41.729999872,0.0573371693850699,-0.2360245547046517,0.9700540493103356
2025-09-10 11:26:41.740000000,0.0575464792269065,-0.2398806619469132,0.9690952846611616
2025-09-10 11:26:41.750000128,0.0547973391634655,-0.2372262078391725,0.9699077161951284
2025-09-10 11:26:41.760000000,0.053075837891624,-0.2362875125328553,0.9702325323617724
2025-09-10 11:26:41.769999872,0.0538481373025866,-0.2400036461228191,0.9692773741075332
2025-09-10 11:26:41.780000000,0.0552877941677183,-0.2428928045338333,0.968476300857051
2025-09-10 11:26:41.790000128,0.056012325155557,-0.2414099143387132,0.968805384321146
2025-09-10 11:26:41.800000000,0.056365699996668,-0.2402501346009706,0.969073155488326
2025-09-10 11:26:41.809999872,0.0542628546983048,-0.2420593660733735,0.9687428997913468
2025-09-10 11:26:41.820000000,0.0582915847913812,-0.2448865260615737,0.9677978510494862
2025-09-10 11:26:41.830000128,0.0712228582732091,-0.2430391175078795,0.9673982074721792
2025-09-10 11:26:41.840000000,0.082584773910561,-0.2369619398336239,0.9680024763338304
2025-09-10 11:26:41.850000128,0.0851822151549273,-0.2376178371754074,0.9676165323501772
2025-09-10 11:26:41.860000000,0.0850638859343905,-0.2399721628255859,0.9670457571276302
2025-09-10 11:26:41.870000128,0.083743226996176,-0.2422737512035266,0.9665870376795038
2025-09-10 11:26:41.880000000,0.0828739232415054,-0.2431218315963286,0.9664490094401296
2025-09-10 11:26:41.889999872,0.0858591596776049,-0.2401336591621005,0.966935380693496
2025-09-10 11:26:41.900000000,0.0859327468717987,-0.2371766874860074,0.9676584014662571
2025-09-10 11:26:41.910000128,0.0850441372323127,-0.2366974599417127,0.9678542282697083
2025-09-10 11:26:41.920000000,0.0841192354398796,-0.2369372818759598,0.9678763757248352
2025-09-10 11:26:41.929999872,0.0834661867691766,-0.2314656964308349,0.9692559141124708
2025-09-10 11:26:41.940000000,0.083678654247511,-0.2297007090023432,0.96965739676813
2025-09-10 11:26:41.950000128,0.0848703299749582,-0.231325060500606,0.9691675518063596
2025-09-10 11:26:41.960000000,0.084271410454214,-0.2353553848906709,0.9682490238482152
2025-09-10 11:26:41.969999872,0.0840623684162089,-0.2383659807978193,0.9675304529649448
2025-09-10 11:26:41.980000000,0.0844659016830743,-0.2371526195433358,0.9677934420611658
2025-09-10 11:26:41.990000128,0.0831417726767237,-0.2378135478026506,0.9677459181612128
2025-09-10 11:26:42.000000000,0.0834376714384689,-0.2341349293753865,0.9686170501448492
2025-09-10 11:26:42.009999872,0.0833938867105729,-0.2347597357578949,0.968469579349908
2025-09-10 11:26:42.020000000,0.0830033056562774,-0.2347030676484779,0.9685168668053874
2025-09-10 11:26:42.030000128,0.0827388297831405,-0.234730509187791,0.9685328461660744
2025-09-10 11:26:42.040000000,0.0828962540242498,-0.2372519422413232,0.9679048129705043
2025-09-10 11:26:42.049999872,0.083765128450737,-0.2371557283464539,0.967853585914778
2025-09-10 11:26:42.060000000,0.0844793796266123,-0.2376316019094838,0.967674767776775
2025-09-10 11:26:42.070000128,0.0842887172750966,-0.2404780707886708,0.966987957324122
2025-09-10 11:26:42.080000000,0.0823674413049866,-0.2393844447511678,0.967424773418608
2025-09-10 11:26:42.089999872,0.0833053890195275,-0.2403834080397253,0.9670967011108622
2025-09-10 11:26:42.100000000,0.0851286395218019,-0.2383572969071739,0.9674393592077348
2025-09-10 11:26:42.110000128,0.0882977022985996,-0.2343100446646889,0.9681437490052908
2025-09-10 11:26:42.120000000,0.0879657835694863,-0.2336146252272871,0.968341999399448
2025-09-10 11:26:42.129999872,0.0861389727316478,-0.2345373403428345,0.968283178291168
2025-09-10 11:26:42.140000000,0.0850397506087843,-0.2327936952593897,0.968800978665832
2025-09-10 11:26:42.150000128,0.0825420002875405,-0.2336929475545278,0.9688005080778026
2025-09-10 11:26:42.160000000,0.0821970050833815,-0.2376073049157813,0.9678772757979088
2025-09-10 11:26:42.169999872,0.0831804765526387,-0.2386689938349911,0.9675319734780184
2025-09-10 11:26:42.180000000,0.0813701373399658,-0.2406559873614414,0.9671936706246402
2025-09-10 11:26:42.190000128,0.0815860538197747,-0.241129196649443,0.967057612733239
2025-09-10 11:26:42.200000000,0.0802300921043329,-0.2393519984282658,0.9676123982098028
2025-09-10 11:26:42.209999872,0.0782773204324552,-0.2382156157556492,0.9680526749697412
2025-09-10 11:26:42.220000000,0.0788772008560094,-0.2386201110700392,0.9679043494984632
2025-09-10 11:26:42.230000128,0.079700732757929,-0.2399506332885403,0.9675078742740432
2025-09-10 11:26:42.240000000,0.0802126574269578,-0.2392741202383844,0.967633104524981
2025-09-10 11:26:42.249999872,0.0808637145573516,-0.236521558284781,0.9682554477690928
2025-09-10 11:26:42.260000000,0.0786578059412215,-0.239014790716687,0.9678248185406136
2025-09-10 11:26:42.270000128,0.0779187630685888,-0.2410121486277837,0.9673891722443873
2025-09-10 11:26:42.280000000,0.0783440315653959,-0.2390359177197958,0.9678450510065832
2025-09-10 11:26:42.289999872,0.0791180731826169,-0.2374206939769886,0.9681796034658836
2025-09-10 11:26:42.300000000,0.0795407290391529,-0.2402151683446775,0.9674553970706136
2025-09-10 11:26:42.310000128,0.0794631052984847,-0.2374072154133017,0.968154651368274
2025-09-10 11:26:42.320000000,0.0783405798524808,-0.2349503742405032,0.9688452276770652
2025-09-10 11:26:42.329999872,0.0768380148813755,-0.2354426237035332,0.9688460612567334
2025-09-10 11:26:42.340000000,0.07732048082639,-0.2358773286536958,0.968701929941286
2025-09-10 11:26:42.350000128,0.0793925063746007,-0.2355533230525173,0.9686131642355864
2025-09-10 11:26:42.360000000,0.0767992826266084,-0.240539333363469,0.9675963514260978
2025-09-10 11:26:42.369999872,0.0790590096761874,-0.241578456568749,0.9671553765093184
2025-09-10 11:26:42.380000000,0.0775564594907622,-0.2417834729328676,0.9672257998046678
2025-09-10 11:26:42.390000128,0.0765598931417342,-0.2404630754328525,0.967634276013154
2025-09-10 11:26:42.400000000,0.0766947307293968,-0.2375373020316988,0.9683459859068178
2025-09-10 11:26:42.409999872,0.0770022201021094,-0.2366321488558613,0.968543176232843
2025-09-10 11:26:42.420000000,0.0782777750138051,-0.2362930705080342,0.9685237089347752
2025-09-10 11:26:42.430000128,0.0789897769203774,-0.237451253497638,0.9681825847196744
2025-09-10 11:26:42.440000000,0.079084353636196,-0.2408884012734079,0.9673254070590136
2025-09-10 11:26:42.449999872,0.0804291341363497,-0.2405054289424537,0.9673098226686648
2025-09-10 11:26:42.460000000,0.079099629129859,-0.2361934382760462,0.9684812380148924
2025-09-10 11:26:42.470000128,0.078548139504141,-0.2368065889377212,0.9683763881963042
2025-09-10 11:26:42.480000000,0.0796798444133045,-0.2355818522258554,0.9685826311142004
2025-09-10 11:26:42.489999872,0.082123235255027,-0.2348024613890169,0.9685677975015
2025-09-10 11:26:42.500000000,0.0817662182915186,-0.2293867910683599,0.9698948322522728
2025-09-10 11:26:42.510000128,0.0828184130692903,-0.232598028286913,0.9690403849653144
2025-09-10 11:26:42.520000000,0.0847284645336586,-0.2395203128825846,0.9671872140461728
2025-09-10 11:26:42.529999872,0.081480268916016,-0.240415869839334,0.9672441136066792
2025-09-10 11:26:42.540000000,0.0842349730064856,-0.2422340951206437,0.9665542470465276
2025-09-10 11:26:42.550000128,0.0871289978087678,-0.2427040781917957,0.9661797287098868
2025-09-10 11:26:42.560000000,0.0873629821236928,-0.239827541741323,0.9668766516866408
2025-09-10 11:26:42.570000128,0.0881577620462397,-0.2383651637320581,0.9671660962368294
2025-09-10 11:26:42.580000000,0.0893813652069386,-0.2383703047785258,0.9670525163369034
2025-09-10 11:26:42.590000128,0.0889974730774247,-0.2386309303201537,0.9670236444267384
2025-09-10 11:26:42.600000000,0.0888956364542572,-0.2385836068753227,0.9670446878762914
2025-09-10 11:26:42.609999872,0.0880022060162161,-0.2368206504013759,0.967559606060396
2025-09-10 11:26:42.620000000,0.0858397746659164,-0.235227938686666,0.9681422157650844
2025-09-10 11:26:42.630000128,0.0876228889836755,-0.2361268942270646,0.9677635657271022
2025-09-10 11:26:42.640000000,0.0872706493494651,-0.2354391748517893,0.967962927341348
2025-09-10 11:26:42.649999872,0.0897534428833497,-0.2409431403976292,0.9663802163671986
2025-09-10 11:26:42.660000000,0.089806898784836,-0.2417877978315763,0.9661642623024342
2025-09-10 11:26:42.670000128,0.0893501002033707,-0.238998758103055,0.9669002809074186
2025-09-10 11:26:42.680000000,0.0886934975581048,-0.2387754977633046,0.9670158867147928
2025-09-10 11:26:42.689999872,0.0863528016607569,-0.2381338191212091,0.9673858991302724
2025-09-10 11:26:42.700000000,0.0874791030553486,-0.2355111643688217,0.967926597416495
2025-09-10 11:26:42.710000128,0.0885023691853987,-0.239250256920724,0.9669160486887882
2025-09-10 11:26:42.720000000,0.0906729752999998,-0.2350161954099807,0.9677529640591463
2025-09-10 11:26:42.729999872,0.0916738730116031,-0.2340463280358225,0.9678937014672638
2025-09-10 11:26:42.740000000,0.0883280216969745,-0.2380559929228712,0.9672267080765528
2025-09-10 11:26:42.750000128,0.0891686933828428,-0.2320583206411893,0.9686061531611224
2025-09-10 11:26:42.760000000,0.0923480422757467,-0.2381307195961094,0.9668327670659884
2025-09-10 11:26:42.769999872,0.0933592583973314,-0.2433810870962645,0.9654272087088396
2025-09-10 11:26:42.780000000,0.0923360740255017,-0.2399369826377048,0.9663872380139706
2025-09-10 11:26:42.790000128,0.0925086755769165,-0.2409102637105029,0.966128557585346
2025-09-10 11:26:42.800000000,0.0895407055735241,-0.2360018364856547,0.9676185174028004
2025-09-10 11:26:42.809999872,0.0890216626350938,-0.2365596728304673,0.9675301880417096
2025-09-10 11:26:42.820000000,0.0902047603392363,-0.2377773143314567,0.9671220450395392
2025-09-10 11:26:42.830000128,0.0902728034546345,-0.2394685036531006,0.9666983276672128
2025-09-10 11:26:42.840000000,0.0926007339387453,-0.2395448084346383,0.9664592018424876
2025-09-10 11:26:42.850000128,0.0921905712420555,-0.241465211479653,0.9660204191522818
2025-09-10 11:26:42.860000000,0.0889284255626537,-0.2385490393113148,0.9670502008533974
2025-09-10 11:26:42.870000128,0.0895534334610513,-0.237000850019298,0.9673731336177718
2025-09-10 11:26:42.880000000,0.0904373047887486,-0.2399122084732886,0.9665729285098028
2025-09-10 11:26:42.889999872,0.0911468271745319,-0.2427908399544477,0.9657871732065144
2025-09-10 11:26:42.900000000,0.0897622910994136,-0.2485947098896245,0.9644394233498949
2025-09-10 11:26:42.910000128,0.0866872643414738,-0.2460498530171145,0.9653728751271436
2025-09-10 11:26:42.920000000,0.0888036450210683,-0.2421682599863168,0.9661617082487652
2025-09-10 11:26:42.929999872,0.0895393006510404,-0.2452389350575133,0.9653188998309208
2025-09-10 11:26:42.940000000,0.0877127460154209,-0.2489587042980501,0.9645341039800874
2025-09-10 11:26:42.950000128,0.0889786678985897,-0.2477943077015555,0.9647179783385916
2025-09-10 11:26:42.960000000,0.090177056222261,-0.2471583792187651,0.964769834786018
2025-09-10 11:26:42.969999872,0.0899814424755884,-0.2474970056057532,0.9647012865266628
2025-09-10 11:26:42.980000000,0.0866085072802584,-0.2428004550877881,0.9662023108417038
2025-09-10 11:26:42.990000128,0.0852567160149312,-0.2411111574603237,0.9667454174303038
2025-09-10 11:26:43.000000000,0.0865758427797671,-0.243357988763352,0.9660649630081972
2025-09-10 11:26:43.009999872,0.0869771194759212,-0.2422577121755517,0.966305428722792
2025-09-10 11:26:43.020000000,0.0852576737231294,-0.2435710031392996,0.9661285087921978
2025-09-10 11:26:43.030000128,0.087559310009876,-0.2452916371471034,0.965487120564686
2025-09-10 11:26:43.040000000,0.0894677293791905,-0.2470174643526136,0.96487195922803
2025-09-10 11:26:43.049999872,0.0875342933360166,-0.2502097323568941,0.96422654875504
2025-09-10 11:26:43.060000000,0.0865109227877567,-0.2484952841652016,0.9647621230054934
2025-09-10 11:26:43.070000128,0.0863048750702962,-0.2465603119618262,0.9652768934893178
2025-09-10 11:26:43.080000000,0.0862903483330947,-0.245498398290138,0.965548814002446
2025-09-10 11:26:43.089999872,0.0851117199822408,-0.2480693091057398,0.9649961725320292
2025-09-10 11:26:43.100000000,0.0813165542005266,-0.2478800648535114,0.9653719964144246
2025-09-10 11:26:43.110000128,0.0804210871014671,-0.2474846448217765,0.9655484448368488
2025-09-10 11:26:43.120000000,0.080887229697573,-0.2482102764955079,0.9653232177430916
2025-09-10 11:26:43.129999872,0.0956256453866975,-0.2374478183266461,0.9666820933048744
2025-09-10 11:26:43.140000000,0.1028827460044084,-0.2040387351946706,0.9735416452904064
2025-09-10 11:26:43.150000128,0.1040579944309974,-0.1915964156312151,0.9759419794804756
2025-09-10 11:26:43.160000000,0.1052376922679365,-0.1909044503718136,0.9759510843041032
2025-09-10 11:26:43.169999872,0.1077302045338273,-0.1929712817500791,0.9752724170460432
2025-09-10 11:26:43.180000000,0.1089250803698271,-0.1961917758998725,0.9744968516807436
2025-09-10 11:26:43.190000128,0.1078716402515829,-0.199516455285664,0.9739388550107636
2025-09-10 11:26:43.200000000,0.1057780168196533,-0.1980189088911063,0.9744739723970448
2025-09-10 11:26:43.209999872,0.1058048659488504,-0.1942510918248507,0.975229123676277
2025-09-10 11:26:43.220000000,0.1028704692812166,-0.1959361328674695,0.97520597741544
2025-09-10 11:26:43.230000128,0.1021312684958297,-0.1993507717085864,0.9745914394322496
2025-09-10 11:26:43.240000000,0.1015807575911383,-0.2015189324754527,0.9742029919586392
2025-09-10 11:26:43.249999872,0.1003241004691592,-0.2016749032028753,0.9743009331223926
2025-09-10 11:26:43.260000000,0.0980689436679753,-0.2002937287719899,0.9748153181513204
2025-09-10 11:26:43.270000128,0.09948072067207,-0.2020391974463192,0.974311936142534
2025-09-10 11:26:43.280000000,0.0981979195540865,-0.2027109848226051,0.9743025327009568
2025-09-10 11:26:43.289999872,0.0991627873706947,-0.2056686975120443,0.973584679657899
2025-09-10 11:26:43.300000000,0.0967728980209646,-0.2045580831131608,0.9740590314974206
2025-09-10 11:26:43.310000128,0.0922624367779483,-0.1940831342851005,0.9766367696057048
2025-09-10 11:26:43.320000000,0.0921031199202064,-0.1951148438154259,0.9764462161449786
2025-09-10 11:26:43.329999872,0.0768027238916315,-0.2225330925396022,0.9718952434946816
2025-09-10 11:26:43.340000000,0.0460107551589258,-0.2627531972299546,0.9637654111634958
2025-09-10 11:26:43.350000128,0.0421485372893955,-0.2712550994100997,0.9615841990425912
2025-09-10 11:26:43.360000000,0.0524813981345686,-0.2624664915624622,0.9635128663680276
2025-09-10 11:26:43.369999872,0.0537549614120039,-0.2629474512282966,0.9633114979154648
2025-09-10 11:26:43.380000000,0.0561597385909342,-0.2654071701729907,0.9624994118347102
2025-09-10 11:26:43.390000128,0.0551476347446895,-0.2632902210140044,0.9631391373526792
2025-09-10 11:26:43.400000000,0.0561567021994201,-0.2619795298495931,0.9634381924845372
2025-09-10 11:26:43.409999872,0.0545855501067797,-0.2602030878869826,0.9640097358292704
2025-09-10 11:26:43.420000000,0.0521493621664309,-0.2573466229897691,0.9649109594472416
2025-09-10 11:26:43.430000128,0.0512963917602012,-0.2549976761236388,0.9655800667805482
2025-09-10 11:26:43.440000000,0.0509607562731729,-0.2596755778355693,0.9643503489893231
2025-09-10 11:26:43.449999872,0.0530273230818646,-0.2599103368164699,0.96417566854942
2025-09-10 11:26:43.460000000,0.0517760967715669,-0.260320869134245,0.964132916612794
2025-09-10 11:26:43.470000128,0.0530997051729413,-0.2634478465627043,0.9632111157228308
2025-09-10 11:26:43.480000000,0.0568918163269514,-0.2607989182365021,0.9637153342567976
2025-09-10 11:26:43.489999872,0.0577396722649368,-0.2620830031892298,0.9633164743146728
2025-09-10 11:26:43.500000000,0.0514268890044677,-0.2597894226745101,0.964294939815494
2025-09-10 11:26:43.510000128,0.0880616292489861,-0.2427425013108301,0.9660855177008792
2025-09-10 11:26:43.520000000,0.1660365061404499,-0.1990211205195286,0.9658273511429584
2025-09-10 11:26:43.529999872,0.2427826702654021,-0.137822358050032,0.9602403723236854
2025-09-10 11:26:43.540000000,0.3049632631955387,-0.1314699578322709,0.943246022143062
2025-09-10 11:26:43.550000128,0.3511518271813587,-0.1298757412542028,0.9272673218122508
2025-09-10 11:26:43.560000000,0.3836899602860892,-0.1292991475963606,0.9143652141275466
2025-09-10 11:26:43.570000128,0.3890201477026526,-0.1262930936933177,0.9125313031161052
2025-09-10 11:26:43.580000000,0.3796521819862128,-0.1273472869640168,0.9163224810163788
2025-09-10 11:26:43.590000128,0.37337791086797,-0.1277659840408903,0.9188388264532216
2025-09-10 11:26:43.600000000,0.3686677285678127,-0.1244609084734744,0.921191396059802
2025-09-10 11:26:43.609999872,0.3639046285461282,-0.1226646976809469,0.923323774883733
2025-09-10 11:26:43.620000000,0.3638599376311441,-0.1200229798206598,0.9236884919181516
2025-09-10 11:26:43.630000128,0.357298347347691,-0.1272269931585792,0.92528437963387
2025-09-10 11:26:43.640000000,0.3510671233934546,-0.1321547096278564,0.926977350098384
2025-09-10 11:26:43.649999872,0.34785812319247,-0.1286966543032779,0.92867211506546
2025-09-10 11:26:43.660000000,0.3482796470428141,-0.1269809374595909,0.9287503049677112
2025-09-10 11:26:43.670000128,0.3444939386144715,-0.1266031501794584,0.9302126469912811
2025-09-10 11:26:43.680000000,0.3414031275102124,-0.125726665322942,0.9314701874740912
2025-09-10 11:26:43.689999872,0.3373430936859912,-0.1292254412911607,0.932470065184652
2025-09-10 11:26:43.700000000,0.3349755829063663,-0.129687762914508,0.9332590438923004
2025-09-10 11:26:43.710000128,0.3346192749939709,-0.1261037126898237,0.9338778262965408
2025-09-10 11:26:43.720000000,0.3280764991537496,-0.1320079747805305,0.9353821172640424
2025-09-10 11:26:43.729999872,0.3246276594552086,-0.1351044693906734,0.936142972556702
2025-09-10 11:26:43.740000000,0.3231448417267485,-0.1362841009203726,0.93648494654304
2025-09-10 11:26:43.750000128,0.3233218084692691,-0.1362942970055168,0.9364223794698272
2025-09-10 11:26:43.760000000,0.3277723296252439,-0.1482398547088846,0.9330542564116672
2025-09-10 11:26:43.769999872,0.3298104595639636,-0.1507567165286207,0.9319321183346544
2025-09-10 11:26:43.780000000,0.3276286632315446,-0.1462554995476761,0.9334177992095344
2025-09-10 11:26:43.790000128,0.3245921722539834,-0.1511270354402091,0.9337025976564992
2025-09-10 11:26:43.800000000,0.3223056829906914,-0.1499695261763438,0.9346807946728908
2025-09-10 11:26:43.809999872,0.3185730945988602,-0.1496142314794729,0.9360164342235197
2025-09-10 11:26:43.820000000,0.3135068662190509,-0.1473163748525668,0.938089191140058
2025-09-10 11:26:43.830000128,0.3088764049671944,-0.1458150763177422,0.939858143537094
2025-09-10 11:26:43.840000000,0.3040187412534296,-0.14648363490779,0.9413368948845474
2025-09-10 11:26:43.850000128,0.3040827141482154,-0.1461811039358951,0.9413632602817776
2025-09-10 11:26:43.860000000,0.2982284839454104,-0.1508638094733689,0.942496621932835
2025-09-10 11:26:43.870000128,0.3041685586413417,-0.1431535101375467,0.9418007010346446
2025-09-10 11:26:43.880000000,0.3282181077415385,-0.1482395893034271,0.9328975816849968
2025-09-10 11:26:43.889999872,0.3293403184903741,-0.1499842493450324,0.9322229773852746
2025-09-10 11:26:43.900000000,0.322743935339646,-0.1441105690684864,0.9354509586740696
2025-09-10 11:26:43.910000128,0.3197208318076894,-0.1330805508527148,0.9381194789007086
2025-09-10 11:26:43.920000000,0.3201341263095049,-0.1336884510817325,0.937892072266003
2025-09-10 11:26:43.929999872,0.3199657685567689,-0.1401222291442916,0.9370099614473214
2025-09-10 11:26:43.940000000,0.3178706786125305,-0.1363992651180825,0.9382715343404896
2025-09-10 11:26:43.950000128,0.3139665237129675,-0.139005112257427,0.939203173309106
2025-09-10 11:26:43.960000000,0.308516876079531,-0.1403340878723993,0.9408101195008208
2025-09-10 11:26:43.969999872,0.3081901157204519,-0.1400428006573906,0.940960608397742
2025-09-10 11:26:43.980000000,0.3058269030078198,-0.1418243218166089,0.9414646924542124
2025-09-10 11:26:43.990000128,0.3012341007929817,-0.1483250330659301,0.9419435763810032
2025-09-10 11:26:44.000000000,0.29755189887995,-0.1475068928015025,0.9432415300700994
2025-09-10 11:26:44.009999872,0.2953470033494406,-0.1442899007146432,0.9444313485713316
2025-09-10 11:26:44.020000000,0.2929949088609065,-0.1471990912770933,0.944714989247438
2025-09-10 11:26:44.030000128,0.2867905112374477,-0.1469063013232991,0.94666242203632
2025-09-10 11:26:44.040000000,0.2844257455291904,-0.1448152414615542,0.947697494520586
2025-09-10 11:26:44.049999872,0.2821412891090851,-0.1428343272043945,0.948680477269313
2025-09-10 11:26:44.060000000,0.2770681554614327,-0.1434072042622166,0.9500882122176312
2025-09-10 11:26:44.070000128,0.2775712392109496,-0.1442551067573707,0.9498129665030464
2025-09-10 11:26:44.080000000,0.2762114578997615,-0.1463936782694312,0.9498821618956924
2025-09-10 11:26:44.089999872,0.2751964972750725,-0.1451090202448304,0.9503737476020244
2025-09-10 11:26:44.100000000,0.2762236353842151,-0.1453029283205669,0.9500460842909656
2025-09-10 11:26:44.110000128,0.276615722310319,-0.1465304666257464,0.9497434203621428
2025-09-10 11:26:44.120000000,0.2751104405099241,-0.1462567444627684,0.9502227161153264
2025-09-10 11:26:44.129999872,0.2739788555921563,-0.148793739927263,0.9501557817783728
2025-09-10 11:26:44.140000000,0.2731172173452883,-0.148830721206567,0.9503980229433876
2025-09-10 11:26:44.150000128,0.273276789490026,-0.1431437854512454,0.9512253429197058
2025-09-10 11:26:44.160000000,0.2716328037231595,-0.1410920241236408,0.9520024478278348
2025-09-10 11:26:44.169999872,0.2739699345225164,-0.1441224527330488,0.9508781171085694
2025-09-10 11:26:44.180000000,0.2760357364555278,-0.1464756997696804,0.9499205975114116
2025-09-10 11:26:44.190000128,0.2718354674353623,-0.1422191080335125,0.951776866683757
2025-09-10 11:26:44.200000000,0.2726040566048569,-0.1441600626153104,0.9512648972128246
2025-09-10 11:26:44.209999872,0.2703527694730328,-0.1442462300316808,0.9518941144685727
2025-09-10 11:26:44.220000000,0.2696167297846725,-0.1450366211838035,0.9519827716591328
2025-09-10 11:26:44.230000128,0.2688370570325052,-0.1468272915020228,0.9519287700433692
2025-09-10 11:26:44.240000000,0.2689962159117812,-0.1459838957379785,0.9520135177665836
2025-09-10 11:26:44.249999872,0.2691762886504998,-0.1447309918675612,0.9521539085785315
2025-09-10 11:26:44.260000000,0.2701061880201598,-0.1373713018441584,0.952980468122437
2025-09-10 11:26:44.270000128,0.2699005668249735,-0.1392485465985991,0.952766249558482
2025-09-10 11:26:44.280000000,0.2689047227163872,-0.1445941060270748,0.9522514345502736
2025-09-10 11:26:44.289999872,0.2674678264582658,-0.1450722241320191,0.9525833357743984
2025-09-10 11:26:44.300000000,0.266572474449797,-0.1465460903411615,0.952608712573758
2025-09-10 11:26:44.310000128,0.2671088900548375,-0.1444380084560045,0.9527804062673288
2025-09-10 11:26:44.320000000,0.2653772063217395,-0.1452138774976448,0.9531462994456664
2025-09-10 11:26:44.329999872,0.2614126725278013,-0.1487338764898886,0.953698929760416
2025-09-10 11:26:44.340000000,0.2655472844649041,-0.1474382306099695,0.952757370933396
2025-09-10 11:26:44.350000128,0.269169164237932,-0.1450254766490656,0.9521111133403308
2025-09-10 11:26:44.360000000,0.2662371264622601,-0.1488915720885588,0.9523387486887824
2025-09-10 11:26:44.369999872,0.2669395920151332,-0.1450677522742253,0.9527321771961408
2025-09-10 11:26:44.380000000,0.2657972129623175,-0.1443012305573955,0.953167874217908
2025-09-10 11:26:44.390000128,0.2632095898084131,-0.1406908791327176,0.954424846890393
2025-09-10 11:26:44.400000000,0.2647782068798014,-0.1419564641527922,0.9538033672863366
2025-09-10 11:26:44.409999872,0.2653330228477973,-0.144799481833884,0.9532216410925052
2025-09-10 11:26:44.420000000,0.2668374457209968,-0.1413306851181046,0.9533223038433232
2025-09-10 11:26:44.430000128,0.267816995791847,-0.1333699926868988,0.9541941635829296
2025-09-10 11:26:44.440000000,0.2655682262618393,-0.1428445444011316,0.9534510754805272
2025-09-10 11:26:44.449999872,0.2637560892523132,-0.1439999303306566,0.953780239597724
2025-09-10 11:26:44.460000000,0.2622085185960828,-0.1431849601470906,0.9543294818684602
2025-09-10 11:26:44.470000128,0.2610346511945663,-0.145015462655706,0.954374887801687
2025-09-10 11:26:44.480000000,0.2594653618021244,-0.1430489152797423,0.9550993319347376
2025-09-10 11:26:44.489999872,0.2616752478070536,-0.14818258365276,0.9537127379809448
2025-09-10 11:26:44.500000000,0.2639109681405037,-0.1483658134461132,0.9530679861875622
2025-09-10 11:26:44.510000128,0.2627403206610269,-0.1452598856725689,0.9538695348491496
2025-09-10 11:26:44.520000000,0.2613031516783985,-0.1430947982262705,0.954591295604312
2025-09-10 11:26:44.529999872,0.2639752139934742,-0.1408917630890508,0.9541837336125356
2025-09-10 11:26:44.540000000,0.2645463147543059,-0.1420206420707896,0.9538581574719148
2025-09-10 11:26:44.550000128,0.2624816309858515,-0.1411639506487763,0.9545554632561888
2025-09-10 11:26:44.560000000,0.2606518946429844,-0.1376051839923127,0.955575953630827
2025-09-10 11:26:44.570000128,0.2629025271026226,-0.1405931229352557,0.9545238787093632
2025-09-10 11:26:44.580000000,0.2614271153228001,-0.1410186359305699,0.9548662773887664
2025-09-10 11:26:44.590000128,0.2580239617955295,-0.140701542308815,0.9558382243514116
2025-09-10 11:26:44.600000000,0.2614550478967109,-0.1401474544290448,0.954986884175059
2025-09-10 11:26:44.609999872,0.2623785968104208,-0.1390067798418475,0.9549003021749416
2025-09-10 11:26:44.620000000,0.2645848534294114,-0.1344805241225004,0.9549397069802232
2025-09-10 11:26:44.630000128,0.2644018091733786,-0.1364533468585671,0.9547105149923404
2025-09-10 11:26:44.640000000,0.2631609148603975,-0.1404646874377969,0.9544715839001392
2025-09-10 11:26:44.649999872,0.2651097800441834,-0.139005736278926,0.9541458011260536
2025-09-10 11:26:44.660000000,0.2631400557446746,-0.1387591854403027,0.9547267669436283
2025-09-10 11:26:44.670000128,0.260313322276566,-0.1375171556498541,0.9556809123066708
2025-09-10 11:26:44.680000000,0.25944455194853,-0.1371527133213616,0.955969485754025
2025-09-10 11:26:44.689999872,0.2590462262981634,-0.1359305364389013,0.9562520284444438
2025-09-10 11:26:44.700000000,0.2579246734087917,-0.137664864575738,0.9563070887054596
2025-09-10 11:26:44.710000128,0.2575127546195943,-0.1341859236091512,0.9569123884208982
2025-09-10 11:26:44.720000000,0.2593764400874241,-0.1347476474172291,0.9563299293879164
2025-09-10 11:26:44.729999872,0.2582623757930897,-0.1354430949412202,0.9565331741672384
2025-09-10 11:26:44.740000000,0.2558581837151657,-0.1380418316060237,0.9568077354164894
2025-09-10 11:26:44.750000128,0.2563994143666565,-0.1356132939663672,0.957010122627774
2025-09-10 11:26:44.760000000,0.2555815806433869,-0.1321289061811523,0.9577160371358518
2025-09-10 11:26:44.769999872,0.2562134051239596,-0.1319735063587038,0.9575686318244636
2025-09-10 11:26:44.780000000,0.2562495831548064,-0.1332712369196373,0.9573791978849852
2025-09-10 11:26:44.790000128,0.258199005562311,-0.1321470073717668,0.9570112026352252
2025-09-10 11:26:44.800000000,0.2578582396503637,-0.1330277990076428,0.956981051502901
2025-09-10 11:26:44.809999872,0.2550361740662084,-0.1320222813204282,0.9578761230726134
2025-09-10 11:26:44.820000000,0.2531341596152771,-0.1325350166228299,0.9583097446048712
2025-09-10 11:26:44.830000128,0.2505446306707394,-0.1298278447040837,0.959360265375607
2025-09-10 11:26:44.840000000,0.2533890084937007,-0.1298313418199655,0.9586124519615874
2025-09-10 11:26:44.850000128,0.2554930900982337,-0.1298875368023209,0.9580461934037844
2025-09-10 11:26:44.860000000,0.2554699417010011,-0.1296647528386355,0.9580825438126837
2025-09-10 11:26:44.870000128,0.2567042804814176,-0.1290973348995979,0.9578292073769408
2025-09-10 11:26:44.880000000,0.2573975456768553,-0.1251948489525696,0.9581611311649384
2025-09-10 11:26:44.889999872,0.2563644654581183,-0.1247704924126722,0.9584933933384584
2025-09-10 11:26:44.900000000,0.256186540596187,-0.1270033533166826,0.9582476739672664
2025-09-10 11:26:44.910000128,0.2563769850913239,-0.1284803451285725,0.9579998133773964
2025-09-10 11:26:44.920000000,0.2593196647665913,-0.1333789664614846,0.95653717270737
2025-09-10 11:26:44.929999872,0.2598255431761498,-0.1317740393191205,0.9566223338782875
2025-09-10 11:26:44.940000000,0.2552949401694405,-0.1317837041944941,0.957840043448101
2025-09-10 11:26:44.950000128,0.2556822560093447,-0.1282846356391976,0.9582116865395092
2025-09-10 11:26:44.960000000,0.2521446293730462,-0.1282527033275784,0.9591529231397344
2025-09-10 11:26:44.969999872,0.2496993259730778,-0.1338984917204063,0.9590210845041892
2025-09-10 11:26:44.980000000,0.2568727692154697,-0.1346887947248122,0.9570137454661524
2025-09-10 11:26:44.990000128,0.254184426255603,-0.1311056780408059,0.9582283541174152
2025-09-10 11:26:45.000000000,0.2511760275242631,-0.1242569465252139,0.9599327134947327
2025-09-10 11:26:45.009999872,0.2539267040558879,-0.1251813628625366,0.9590885544928536
2025-09-10 11:26:45.020000000,0.255702444043872,-0.124471008811463,0.9587091467569544
2025-09-10 11:26:45.030000128,0.2547653618855145,-0.1257098256214572,0.9587969806614776
2025-09-10 11:26:45.040000000,0.2548368291316932,-0.1243034492015587,0.9589613355264642
2025-09-10 11:26:45.049999872,0.2542586531364306,-0.1340795771010723,0.9577970579980114
2025-09-10 11:26:45.060000000,0.2511766897456249,-0.1344044226882469,0.9585644066468716
2025-09-10 11:26:45.070000128,0.2535523898660075,-0.1262644907870715,0.959045600563142
2025-09-10 11:26:45.080000000,0.2548613940438755,-0.1253148593731659,0.9588231619262731
2025-09-10 11:26:45.089999872,0.255502317380697,-0.1249026149156649,0.9587063693333444
2025-09-10 11:26:45.100000000,0.254485278433232,-0.1249593169370987,0.9589694532003478
2025-09-10 11:26:45.110000128,0.2530407030279562,-0.1260692505045361,0.9592064150579594
2025-09-10 11:26:45.120000000,0.2534511893641543,-0.127208257133923,0.9589476283545652
2025-09-10 11:26:45.129999872,0.2491013877760468,-0.1253759410945914,0.9603277419728607
2025-09-10 11:26:45.140000000,0.2485619184167669,-0.1257117733772708,0.9604236163002858
2025-09-10 11:26:45.150000128,0.2479547128743888,-0.1282149423184886,0.9602496492733784
2025-09-10 11:26:45.160000000,0.2499795483831166,-0.1270466803149645,0.9598798708229694
2025-09-10 11:26:45.169999872,0.2563218407649041,-0.1285805422314183,0.958001126359654
2025-09-10 11:26:45.180000000,0.2560160938317949,-0.1341913285447928,0.9573131394911976
2025-09-10 11:26:45.190000128,0.2574772856555717,-0.1340775037550432,0.9569371297834856
2025-09-10 11:26:45.200000000,0.2577012970639159,-0.1322277765763517,0.9571341894391034
2025-09-10 11:26:45.209999872,0.252629221942628,-0.1345320525522857,0.9581647055995808
2025-09-10 11:26:45.220000000,0.2557611754023402,-0.1345326211978355,0.9573333771421808
2025-09-10 11:26:45.230000128,0.2560258592463885,-0.1265394548833023,0.9583519842703856
2025-09-10 11:26:45.240000000,0.2573658189025974,-0.1264369690796076,0.9580065386575176
2025-09-10 11:26:45.249999872,0.2601943106067045,-0.1334676761902167,0.956287247713931
2025-09-10 11:26:45.260000000,0.2552416049020499,-0.1302639223937781,0.9580621241076248
2025-09-10 11:26:45.270000128,0.2545453643094715,-0.1295763365135165,0.9583405608260012
2025-09-10 11:26:45.280000000,0.254984128698101,-0.1342813414256556,0.9575759058461094
2025-09-10 11:26:45.289999872,0.2531494319724016,-0.1338228023810793,0.9581267257805332
2025-09-10 11:26:45.300000000,0.2538587571091166,-0.1332527286968416,0.9580184975948328
2025-09-10 11:26:45.310000128,0.2556926963546211,-0.1327552279735781,0.9575997569321888
2025-09-10 11:26:45.320000000,0.2579973520631021,-0.1338566746726407,0.956827966237406
2025-09-10 11:26:45.329999872,0.2548506219071887,-0.1330398336161915,0.957784716512482
2025-09-10 11:26:45.340000000,0.2526057211192687,-0.1296941182454482,0.9588377262865442
2025-09-10 11:26:45.350000128,0.2551952981495314,-0.1291954762531687,0.9582191235401686
2025-09-10 11:26:45.360000000,0.2517528100354296,-0.1318741886745776,0.9587646848944148
2025-09-10 11:26:45.369999872,0.2513539350328018,-0.1279833850302993,0.9593964000869049
2025-09-10 11:26:45.380000000,0.2531669948822692,-0.1313370682618477,0.9584659864610032
2025-09-10 11:26:45.390000128,0.2551098245276582,-0.1310529008559611,0.9579896213460276
2025-09-10 11:26:45.400000000,0.2534922438677797,-0.1234584053518699,0.9594267582503896
2025-09-10 11:26:45.409999872,0.251740349021648,-0.1266736690183914,0.9594689042652076
2025-09-10 11:26:45.420000000,0.2500873206921055,-0.1254352969312422,0.9600637053408566
2025-09-10 11:26:45.430000128,0.250805363448914,-0.1234477852351946,0.9601340083476804
2025-09-10 11:26:45.440000000,0.253473679993224,-0.1275871887663436,0.9588913404621996
2025-09-10 11:26:45.449999872,0.2535627835937351,-0.1285882603596196,0.9587340476242008
2025-09-10 11:26:45.460000000,0.2528472168203244,-0.1295855192596423,0.9587887557457196
2025-09-10 11:26:45.470000128,0.2551804545946478,-0.1317518686334475,0.9578749295729918
2025-09-10 11:26:45.480000000,0.2569613134228014,-0.1333217379823412,0.9571813817586492
2025-09-10 11:26:45.489999872,0.2522402176352958,-0.1331009508983911,0.9584670101141942
2025-09-10 11:26:45.500000000,0.2509413096095484,-0.1356982347548122,0.9584437637211024
2025-09-10 11:26:45.510000128,0.2520280554341297,-0.1341981820858721,0.9583698175542354
2025-09-10 11:26:45.520000000,0.2500068601405136,-0.1323040127008838,0.9591622480612578
2025-09-10 11:26:45.529999872,0.2504151719247824,-0.1325684958269984,0.9590192050131472
2025-09-10 11:26:45.540000000,0.2513069134450246,-0.1309248685091051,0.9590117382287916
2025-09-10 11:26:45.550000128,0.2496935876824395,-0.1311915530881767,0.9593966274010892
2025-09-10 11:26:45.560000000,0.2517459343317569,-0.1313254660188725,0.9588418047427618
2025-09-10 11:26:45.570000128,0.25189005775931,-0.133262115668613,0.9585367010863676
2025-09-10 11:26:45.580000000,0.2501360076963793,-0.1342197115840306,0.9588623710814898
2025-09-10 11:26:45.590000128,0.2508334530538155,-0.1301199433879949,0.9592452132597818
2025-09-10 11:26:45.600000000,0.2539148496887397,-0.1359485934851311,0.95762478509955
2025-09-10 11:26:45.609999872,0.2585780090985768,-0.154546863316683,0.9535474189832358
2025-09-10 11:26:45.620000000,0.2559250847169283,-0.1605252181919114,0.9532754089648344
2025-09-10 11:26:45.630000128,0.2497603109329516,-0.1589441073339554,0.9551735747111556
2025-09-10 11:26:45.640000000,0.2517871792365408,-0.1615347149899383,0.9542063467747558
2025-09-10 11:26:45.649999872,0.2490199611424547,-0.1601143079513056,0.955171433482956
2025-09-10 11:26:45.660000000,0.2515803219271972,-0.1578361216005874,0.9548796260980188
2025-09-10 11:26:45.670000128,0.2524867456466271,-0.1583717659158089,0.9545516366511996
2025-09-10 11:26:45.680000000,0.2525298173291675,-0.1601941397989093,0.954236097060777
2025-09-10 11:26:45.689999872,0.2524801951718037,-0.1631310330152566,0.9537515489441594
2025-09-10 11:26:45.700000000,0.251763314772584,-0.1639297203880624,0.9538041099241564
2025-09-10 11:26:45.710000128,0.250931913220754,-0.1664276129129309,0.9535905958992442
2025-09-10 11:26:45.720000000,0.2480096130519829,-0.1671803716777709,0.9542232208238742
2025-09-10 11:26:45.729999872,0.2516030881839847,-0.1641787682463756,0.9538035531876492
2025-09-10 11:26:45.740000000,0.2535537397153321,-0.167151124374151,0.952770173072618
2025-09-10 11:26:45.750000128,0.2540547946905116,-0.1680465119241752,0.952479149968586
2025-09-10 11:26:45.760000000,0.253470379606726,-0.1680724099687269,0.9526302701832052
2025-09-10 11:26:45.769999872,0.2529760159252114,-0.1730365939773642,0.9518726135945504
2025-09-10 11:26:45.780000000,0.254593932335322,-0.179250157447294,0.9502901192126318
2025-09-10 11:26:45.790000128,0.2555239722080886,-0.1757967006360905,0.9506855524685672
2025-09-10 11:26:45.800000000,0.252954707822065,-0.1760328593206949,0.9513287277434832
2025-09-10 11:26:45.809999872,0.2516938030523688,-0.1722862392868935,0.9523485082979942
2025-09-10 11:26:45.820000000,0.2526059460295266,-0.1731558636308152,0.951949201859424
2025-09-10 11:26:45.830000128,0.2523840665523392,-0.1762607143743751,0.9514380923206404
2025-09-10 11:26:45.840000000,0.2534477108564156,-0.1783409530840043,0.9507674596423312
2025-09-10 11:26:45.850000128,0.2532795758859951,-0.181663196074253,0.950183108474939
2025-09-10 11:26:45.860000000,0.2533578128989234,-0.182976451263338,0.9499102257193306
2025-09-10 11:26:45.870000128,0.2502181080679021,-0.1804213361023218,0.9512302769960452
2025-09-10 11:26:45.880000000,0.246474520391801,-0.1797190608455852,0.9523399445399802
2025-09-10 11:26:45.889999872,0.2461437107618584,-0.1798420972991493,0.9524022751397784
2025-09-10 11:26:45.900000000,0.241972612774849,-0.1773463074385167,0.9539379130241318
2025-09-10 11:26:45.910000128,0.2424825947750174,-0.1768860050812197,0.9538938790230188
2025-09-10 11:26:45.920000000,0.2436653815142155,-0.1857361802387345,0.9519082167950104
2025-09-10 11:26:45.929999872,0.2403856675752598,-0.1883270830700267,0.9522329760130828
2025-09-10 11:26:45.940000000,0.2385561940335557,-0.187639289341711,0.952828651638668
2025-09-10 11:26:45.950000128,0.2359902370285739,-0.190036800721281,0.9529924566326944
2025-09-10 11:26:45.960000000,0.2361296604931794,-0.1878905347372808,0.953383412060182
2025-09-10 11:26:45.969999872,0.2371768947283626,-0.189088839943501,0.9528864209420934
2025-09-10 11:26:45.980000000,0.2333644695187342,-0.1861939888438613,0.9543965752687148
2025-09-10 11:26:45.990000128,0.2289169299142234,-0.1840679134102565,0.9558849525185764
2025-09-10 11:26:46.000000000,0.2286591969807851,-0.1856181079972503,0.955646843567028
2025-09-10 11:26:46.009999872,0.2276636970295556,-0.1866415238465193,0.9556851901285714
2025-09-10 11:26:46.020000000,0.2276200023154466,-0.1856336450532208,0.955891879016749
2025-09-10 11:26:46.030000128,0.2291395694251584,-0.1874485632837043,0.955174378763652
2025-09-10 11:26:46.040000000,0.2282833139792889,-0.1895190317518236,0.954970819010971
2025-09-10 11:26:46.049999872,0.2275233551911707,-0.1881183358828814,0.955429021197916
2025-09-10 11:26:46.060000000,0.2278137515127618,-0.1888528176135624,0.9552149014232872
2025-09-10 11:26:46.070000128,0.2305175722136194,-0.1874916039019914,0.9548343036186948
2025-09-10 11:26:46.080000000,0.2307360714411983,-0.1873797662813282,0.9548034816255316
2025-09-10 11:26:46.089999872,0.2284851874207625,-0.1877458615986536,0.955272741462813
2025-09-10 11:26:46.100000000,0.230031202637904,-0.1879414323945517,0.9548631649626262
2025-09-10 11:26:46.110000128,0.2288560353932131,-0.1899368541170501,0.9547507038553148
2025-09-10 11:26:46.120000000,0.2270164454355959,-0.1906287925631551,0.9550519341625882
2025-09-10 11:26:46.129999872,0.2253818650517672,-0.1926850144286891,0.9550264394876212
2025-09-10 11:26:46.140000000,0.2247124518241436,-0.1920745083379886,0.9553071219466028
2025-09-10 11:26:46.150000128,0.2263587338644088,-0.1888209718663328,0.9555670380390668
2025-09-10 11:26:46.160000000,0.2262046510374851,-0.187603231576103,0.9558433361964778
2025-09-10 11:26:46.169999872,0.2245270646760984,-0.1879685590418484,0.9561670450500092
2025-09-10 11:26:46.180000000,0.2194629296016574,-0.1846745428158808,0.9579829517096864
2025-09-10 11:26:46.190000128,0.2192745870685602,-0.185429314527371,0.9578802768508295
2025-09-10 11:26:46.200000000,0.2212871104332757,-0.1865937908215103,0.9571910843624432
2025-09-10 11:26:46.209999872,0.218954897334812,-0.1894132246729201,0.9571736432080168
2025-09-10 11:26:46.220000000,0.2208354620648414,-0.1870435634038256,0.9572076076190617
2025-09-10 11:26:46.230000128,0.2236324446024556,-0.1806164217393954,0.9577923772505116
2025-09-10 11:26:46.240000000,0.2209224278958153,-0.1833029725764658,0.957910904571636
2025-09-10 11:26:46.249999872,0.2209219621552296,-0.1892768700883683,0.9567485317924632
2025-09-10 11:26:46.260000000,0.2212633837763525,-0.1854786598392398,0.957413276356704
2025-09-10 11:26:46.270000128,0.2218230191222521,-0.186382246591733,0.9571082521548476
2025-09-10 11:26:46.280000000,0.2189889092740976,-0.1896763164631291,0.9571137615706504
2025-09-10 11:26:46.289999872,0.2185714588033317,-0.1884010953280937,0.9574609885920982
2025-09-10 11:26:46.300000000,0.2191396391104017,-0.1886295422024151,0.9572861193912038
2025-09-10 11:26:46.310000128,0.2193303999702375,-0.1849211861876321,0.9579657251425308
2025-09-10 11:26:46.320000000,0.2175159411125473,-0.1865690171887075,0.9580599235888966
2025-09-10 11:26:46.329999872,0.2178620443516527,-0.1863110290059389,0.9580314870095172
2025-09-10 11:26:46.340000000,0.2184733604677879,-0.1837974614314423,0.9583777355183444
2025-09-10 11:26:46.350000128,0.2180493818337612,-0.1851093840936138,0.9582217817407396
2025-09-10 11:26:46.360000000,0.2187034965442542,-0.1816757319254165,0.9587297372193488
2025-09-10 11:26:46.369999872,0.2183228300383769,-0.1799314362631778,0.9591453592278408
2025-09-10 11:26:46.380000000,0.2202233190297563,-0.1830761561124417,0.9581152387988676
2025-09-10 11:26:46.390000128,0.2184622769554963,-0.1857611201169819,0.958001586533292
2025-09-10 11:26:46.400000000,0.2184649632043776,-0.1855641027150961,0.9580391555858514
2025-09-10 11:26:46.409999872,0.2202291658615321,-0.1860654738289891,0.9575378603234064
2025-09-10 11:26:46.420000000,0.2197452632166999,-0.1848429329311337,0.957885749679595
2025-09-10 11:26:46.430000128,0.2182421129696156,-0.1842736747834872,0.95833897599354
2025-09-10 11:26:46.440000000,0.2174187153629577,-0.1844290726705339,0.9584962281427132
2025-09-10 11:26:46.449999872,0.2204533407099308,-0.1844215990845659,0.9578042588968392
2025-09-10 11:26:46.460000000,0.2199002530692737,-0.1830898491063204,0.9581868219999138
2025-09-10 11:26:46.470000128,0.2212796745758757,-0.1883070784190637,0.9568572254191694
2025-09-10 11:26:46.480000000,0.2276853534372537,-0.204107714691784,0.952102631355176
2025-09-10 11:26:46.489999872,0.2240666554848539,-0.2219052478252643,0.9489742856829368
2025-09-10 11:26:46.500000000,0.2280502132824888,-0.2255533371157428,0.9471635509972728
2025-09-10 11:26:46.510000128,0.2286371761714955,-0.227575467146432,0.946538138917502
2025-09-10 11:26:46.520000000,0.2290070451788985,-0.2273941999163602,0.9464922879257012
2025-09-10 11:26:46.529999872,0.2309718016942357,-0.2293675677297108,0.9455382306897352
2025-09-10 11:26:46.540000000,0.2303869617876027,-0.2337925430175501,0.9445966835997598
2025-09-10 11:26:46.550000128,0.2311857905976485,-0.2380025996577717,0.9433492952146002
2025-09-10 11:26:46.560000000,0.2308388895866655,-0.2358262440034699,0.943980608748724
2025-09-10 11:26:46.570000128,0.2304092042392954,-0.2306325358639747,0.9453677760547836
2025-09-10 11:26:46.580000000,0.2296051083883997,-0.2329359661018069,0.9449985872466524
2025-09-10 11:26:46.590000128,0.2288836024479617,-0.2353605921989927,0.9445727543022734
2025-09-10 11:26:46.600000000,0.2281376665164817,-0.2362115441306975,0.944540794002994
2025-09-10 11:26:46.609999872,0.2265813210852304,-0.2410247230030239,0.943699098143358
2025-09-10 11:26:46.620000000,0.2292416527215415,-0.2400460624829037,0.9433059697383188
2025-09-10 11:26:46.630000128,0.2317072651462574,-0.2403637578423974,0.9426224096605827
2025-09-10 11:26:46.640000000,0.232196047351839,-0.2386481146056548,0.9429380006073298
2025-09-10 11:26:46.649999872,0.2311114543543051,-0.2374280047281416,0.943512288333889
2025-09-10 11:26:46.660000000,0.2289965274242422,-0.2400304620180401,0.9433694757257332
2025-09-10 11:26:46.670000128,0.2285625640212084,-0.2412305827371621,0.943168574688714
2025-09-10 11:26:46.680000000,0.229442668385398,-0.2372790411947608,0.9439569473942564
2025-09-10 11:26:46.689999872,0.2303207366498219,-0.238277430734153,0.943491507260036
2025-09-10 11:26:46.700000000,0.2301328602177812,-0.2361560157956228,0.9440705497215348
2025-09-10 11:26:46.710000128,0.2289684283731985,-0.2356147058128288,0.9444888401739016
2025-09-10 11:26:46.720000000,0.227688626398807,-0.2338717247068398,0.9452311388180528
2025-09-10 11:26:46.729999872,0.2300069996172478,-0.2303730467839671,0.9455289733490686
2025-09-10 11:26:46.740000000,0.2353724353942793,-0.2253083972257837,0.9454289728986068
2025-09-10 11:26:46.750000128,0.2347753354104916,-0.2241361195297688,0.9458559836492172
2025-09-10 11:26:46.760000000,0.2348970665492362,-0.2278120841447808,0.9449471003416938
2025-09-10 11:26:46.769999872,0.2350476015767898,-0.2276582502675281,0.9449467424559578
2025-09-10 11:26:46.780000000,0.2343559171521214,-0.2275634878381167,0.9451413455662276
2025-09-10 11:26:46.790000128,0.2346876593278102,-0.2261408973259123,0.945400442730944
2025-09-10 11:26:46.800000000,0.2332404493948273,-0.2266162869522695,0.9456447278201606
2025-09-10 11:26:46.809999872,0.2331482227640591,-0.2270873311355716,0.9455544671036588
2025-09-10 11:26:46.820000000,0.2318404230549138,-0.2233393007711112,0.946767962580478
2025-09-10 11:26:46.830000128,0.2333691244964774,-0.221087564832933,0.9469208733616508
2025-09-10 11:26:46.840000000,0.2355504668028326,-0.224067374317429,0.9456795384037135
2025-09-10 11:26:46.850000128,0.2334061797387053,-0.2299998493772364,0.944786549727626
2025-09-10 11:26:46.860000000,0.2335496150228588,-0.2295159523450459,0.94486877657261
2025-09-10 11:26:46.870000128,0.2346442269912617,-0.2237651904970696,0.9459763349373403
2025-09-10 11:26:46.880000000,0.2345769834427647,-0.2228413149985477,0.9462110690372476
2025-09-10 11:26:46.889999872,0.2332877347157726,-0.2229326887355522,0.946508240389021
2025-09-10 11:26:46.900000000,0.2326179721684113,-0.2227141810384965,0.94672449666659
2025-09-10 11:26:46.910000128,0.2330758876877287,-0.218485298404865,0.9475968578248424
2025-09-10 11:26:46.920000000,0.2327544382077336,-0.2218123189113595,0.9469026701165056
2025-09-10 11:26:46.929999872,0.2341386272255001,-0.2223887587487501,0.9464260896779784
2025-09-10 11:26:46.940000000,0.2331762743050599,-0.2255945860640105,0.9459048090795495
2025-09-10 11:26:46.950000128,0.2326857578157016,-0.2270905946070191,0.9456675948507296
2025-09-10 11:26:46.960000000,0.2324621436611494,-0.2266049403271788,0.9458390734071938
2025-09-10 11:26:46.969999872,0.2312962154209277,-0.2250940421647256,0.946485463656944
2025-09-10 11:26:46.980000000,0.2308732047203487,-0.2223338802730434,0.9472408400321894
2025-09-10 11:26:46.990000128,0.231117325984957,-0.2194254157617221,0.947859308414154
2025-09-10 11:26:47.000000000,0.2301342165914846,-0.2233226903371994,0.9471880585894118
2025-09-10 11:26:47.009999872,0.2284320411646615,-0.2235512023057802,0.947546126854512
2025-09-10 11:26:47.020000000,0.2286850541872034,-0.2259369296479318,0.9469190302304952
2025-09-10 11:26:47.030000128,0.2317971080461738,-0.223390114202953,0.9467665803025695
2025-09-10 11:26:47.040000000,0.2329198758481076,-0.2214326604902981,0.946950847881288
2025-09-10 11:26:47.049999872,0.2326531269771331,-0.22691778622734,0.9457171040017438
2025-09-10 11:26:47.060000000,0.2344264481322294,-0.228705102025994,0.9448482506325484
2025-09-10 11:26:47.070000128,0.2311444951024556,-0.2235246027049347,0.9468943839570664
2025-09-10 11:26:47.080000000,0.2312303451687971,-0.2234772005698438,0.9468846119240638
2025-09-10 11:26:47.089999872,0.2308338032361419,-0.2230799016511285,0.9470750301654358
2025-09-10 11:26:47.100000000,0.2316721242591206,-0.2236982796574654,0.9467244089594168
2025-09-10 11:26:47.110000128,0.2317657776470139,-0.2240174878577072,0.9466260029418148
2025-09-10 11:26:47.120000000,0.2297702941119413,-0.2239072957075221,0.9471383926716604
2025-09-10 11:26:47.129999872,0.2314559060234527,-0.2172337434046431,0.948281426736424
2025-09-10 11:26:47.140000000,0.2291714949109537,-0.2164766420335496,0.9490091092155843
2025-09-10 11:26:47.150000128,0.2300574982310452,-0.2158098689397478,0.948946599117085
2025-09-10 11:26:47.160000000,0.2312428435692705,-0.2171607200126597,0.9483501299528466
2025-09-10 11:26:47.169999872,0.2317854229176593,-0.2178969307865917,0.9480487568035018
2025-09-10 11:26:47.180000000,0.2307214765125372,-0.2188762413873378,0.9480826921909432
2025-09-10 11:26:47.190000128,0.2302032639842709,-0.2195125121279815,0.9480615561609126
2025-09-10 11:26:47.200000000,0.2304712250698858,-0.2186361192000641,0.9481989568629156
2025-09-10 11:26:47.209999872,0.2314875011937059,-0.2230265088377211,0.9469280401100982
2025-09-10 11:26:47.220000000,0.2299695108286434,-0.2213330028027731,0.94769495406462
2025-09-10 11:26:47.230000128,0.2285746576631089,-0.2169564108793458,0.9490434877562488
2025-09-10 11:26:47.240000000,0.2280353233053829,-0.2158036033607122,0.9494359884170928
2025-09-10 11:26:47.249999872,0.2306753020731477,-0.2154196591613557,0.9488852804529468
2025-09-10 11:26:47.260000000,0.2313713751975941,-0.2175445924255071,0.9482307931329766
2025-09-10 11:26:47.270000128,0.2305075218972303,-0.2147444351831981,0.9490790851697488
2025-09-10 11:26:47.280000000,0.229170927013646,-0.2140258170547761,0.949564971892783
2025-09-10 11:26:47.289999872,0.2278602029711675,-0.2149574928307155,0.949669944863936
2025-09-10 11:26:47.300000000,0.2280717534939365,-0.2148522471010914,0.949642978794564
2025-09-10 11:26:47.310000128,0.2276243870573807,-0.2140276999888448,0.949936462114302
2025-09-10 11:26:47.320000000,0.2292016174337785,-0.2121056281851038,0.9499883268008836
2025-09-10 11:26:47.329999872,0.2307512756975843,-0.2124988712297877,0.9495251858113104
2025-09-10 11:26:47.340000000,0.2313106596494599,-0.2143592970106218,0.9489707427089856
2025-09-10 11:26:47.350000128,0.2296965665849067,-0.2135389046388819,0.9495475888573106
2025-09-10 11:26:47.360000000,0.2302848065221789,-0.213924945585841,0.9493181898294892
2025-09-10 11:26:47.369999872,0.2295594838795312,-0.2146364849868884,0.949333251642139
2025-09-10 11:26:47.380000000,0.2274574913296529,-0.2146941797552584,0.9498260360809436
2025-09-10 11:26:47.390000128,0.2267690831725994,-0.2143413949970958,0.9500702865092444
2025-09-10 11:26:47.400000000,0.2267974255473558,-0.21647366995411,0.9495799481779776
2025-09-10 11:26:47.409999872,0.2282150196221508,-0.2143614567103402,0.9497194694728978
2025-09-10 11:26:47.420000000,0.2283656227702831,-0.2128007417077481,0.9500342028923868
2025-09-10 11:26:47.430000128,0.2287608057524784,-0.2098654907621029,0.950591904835434
2025-09-10 11:26:47.440000000,0.2281717548678346,-0.2116176300087207,0.950345005221801
2025-09-10 11:26:47.449999872,0.2295664701473813,-0.2125415801791843,0.9498027755692268
2025-09-10 11:26:47.460000000,0.2271708172332636,-0.2133547666409805,0.9501963814649812
2025-09-10 11:26:47.470000128,0.2250828614606642,-0.2114754002604561,0.9511129588862508
2025-09-10 11:26:47.480000000,0.2267199715439263,-0.2095358748981427,0.9511533901710024
2025-09-10 11:26:47.489999872,0.2292385669672438,-0.2115011876989652,0.9501141652542244
2025-09-10 11:26:47.500000000,0.22978129622089,-0.2106291069303822,0.95017679156079
2025-09-10 11:26:47.510000128,0.2306674905727195,-0.2110140238049894,0.9498766185934424
2025-09-10 11:26:47.520000000,0.2293031731260149,-0.214112791008633,0.9495134372513292
2025-09-10 11:26:47.529999872,0.2287329988193202,-0.2146206269210605,0.9495363088113754
2025-09-10 11:26:47.540000000,0.2280890403783261,-0.2142188470305549,0.9497819093013902
2025-09-10 11:26:47.550000128,0.2286991887888351,-0.2135304786632737,0.949790195637522
2025-09-10 11:26:47.560000000,0.2297948238578464,-0.213233997056701,0.9495923343347734
2025-09-10 11:26:47.570000128,0.2280935502601614,-0.2150650294674028,0.9495895773595562
2025-09-10 11:26:47.580000000,0.2272629061571342,-0.2143777940892405,0.949944068293731
2025-09-10 11:26:47.590000128,0.2282179749263096,-0.2113264506224943,0.9503986990667828
2025-09-10 11:26:47.600000000,0.2289761594523353,-0.210813692905166,0.9503302085518196
2025-09-10 11:26:47.609999872,0.2299105811318153,-0.2144094236289141,0.949299596409241
2025-09-10 11:26:47.620000000,0.2311360956782172,-0.2167588092360133,0.948468093239417
2025-09-10 11:26:47.630000128,0.2294739314426326,-0.2183056390152417,0.94851692803155
2025-09-10 11:26:47.640000000,0.2274122581824152,-0.2174593307448818,0.9492076191752586
2025-09-10 11:26:47.649999872,0.227589148609985,-0.2155592409526382,0.9495985431090892
2025-09-10 11:26:47.660000000,0.2280262772033867,-0.2135567979809985,0.9499460568584236
2025-09-10 11:26:47.670000128,0.2278894193870331,-0.2109791592642575,0.9505546837965652
2025-09-10 11:26:47.680000000,0.2285209123162519,-0.2130122782449279,0.949949452313676
2025-09-10 11:26:47.689999872,0.2291695919430741,-0.2171203671950682,0.9488625001957468
2025-09-10 11:26:47.700000000,0.2297588439578456,-0.2154973806246845,0.9490899602077004
2025-09-10 11:26:47.710000128,0.2290356252089466,-0.2160082363661132,0.949148631251791
2025-09-10 11:26:47.720000000,0.2278987160242603,-0.2168010621666523,0.949241525997417
2025-09-10 11:26:47.729999872,0.2283481004627358,-0.2135150059249945,0.9498781433741436
2025-09-10 11:26:47.740000000,0.2305595389759631,-0.2150097652433195,0.9490063750245328
2025-09-10 11:26:47.750000128,0.2332561339435672,-0.2134729191542456,0.948694307332697
2025-09-10 11:26:47.760000000,0.2333684775770551,-0.2103461203293186,0.9493648736580532
2025-09-10 11:26:47.769999872,0.2311018450661983,-0.2168262150411717,0.9484610322400802
2025-09-10 11:26:47.780000000,0.2300679919759903,-0.2183915061905601,0.948353240671404
2025-09-10 11:26:47.790000128,0.2315247577875663,-0.2150663599073979,0.948758529536146
2025-09-10 11:26:47.800000000,0.2319359698001249,-0.2166801223146139,0.9482907942749416
2025-09-10 11:26:47.809999872,0.2334657260844392,-0.2171925519971244,0.9477980534379896
2025-09-10 11:26:47.820000000,0.2344666977691085,-0.2182779217942584,0.94730149186752
2025-09-10 11:26:47.830000128,0.2359199927294495,-0.2164052756281446,0.9473703149829232
2025-09-10 11:26:47.840000000,0.2247475500992406,-0.2242805881474922,0.9482545842254624
2025-09-10 11:26:47.850000128,0.1712615660075478,-0.2652010483500672,0.9488613597163011
2025-09-10 11:26:47.860000000,0.1228981123637472,-0.3036347538871476,0.9448290798918708
2025-09-10 11:26:47.870000128,0.0897163996565298,-0.3196418662745158,0.9432815300625866
2025-09-10 11:26:47.880000000,0.0543983276522551,-0.3397766866235339,0.9389316403102896
2025-09-10 11:26:47.889999872,0.0544598013934267,-0.3380453838626996,0.9395527917479192
2025-09-10 11:26:47.900000000,0.0596138791938545,-0.3377664380879348,0.939340203924462
2025-09-10 11:26:47.910000128,0.0625966476011004,-0.3353696533049013,0.9400047102814189
2025-09-10 11:26:47.920000000,0.0622070928538689,-0.332275051242934,0.941128879548479
2025-09-10 11:26:47.929999872,0.0635106678265708,-0.3320271556904307,0.9411293019327076
2025-09-10 11:26:47.940000000,0.0640274203563572,-0.3338158724796797,0.9404612978337497
2025-09-10 11:26:47.950000128,0.0641907189640118,-0.3341035594950893,0.9403480010781088
2025-09-10 11:26:47.960000000,0.0643941946749403,-0.3308355272383047,0.9414888430614134
2025-09-10 11:26:47.969999872,0.0622260086899943,-0.3325957763217342,0.9410143322051242
2025-09-10 11:26:47.980000000,0.0612582397913698,-0.3333212738643256,0.940821107568876
2025-09-10 11:26:47.990000128,0.0639050645616702,-0.3366663335476347,0.9394529911490844
2025-09-10 11:26:48.000000000,0.0643349824449819,-0.3388737614361406,0.938629630815012
2025-09-10 11:26:48.009999872,0.0646265630823187,-0.3370207198778885,0.9392765523088272
2025-09-10 11:26:48.020000000,0.0663102862204253,-0.3374240983376744,0.9390143363135478
2025-09-10 11:26:48.030000128,0.0628757991256516,-0.3326080383005382,0.9409668042721688
2025-09-10 11:26:48.040000000,0.0633578486804819,-0.3359336785599614,0.9397522793905604
2025-09-10 11:26:48.049999872,0.0622938888642013,-0.3379034598493974,0.939116991238036
2025-09-10 11:26:48.060000000,0.0628612476570841,-0.3397309406297492,0.9384196031210243
2025-09-10 11:26:48.070000128,0.0638414801407139,-0.338081319273862,0.9389490332129256
2025-09-10 11:26:48.080000000,0.0676914022692481,-0.3388697235438466,0.9383950045285512
2025-09-10 11:26:48.089999872,0.0603600852415477,-0.3243343339452502,0.9440147773917122
2025-09-10 11:26:48.100000000,0.040153494061001,-0.2593912651253117,0.9649372355191728
2025-09-10 11:26:48.110000128,0.0450321941547583,-0.2116497261849578,0.9763075821151042
2025-09-10 11:26:48.120000000,0.0457003751227358,-0.2010661603364527,0.9785110499535492
2025-09-10 11:26:48.129999872,0.0424123856136189,-0.2021331326972839,0.978439260359346
2025-09-10 11:26:48.140000000,0.0424853579338642,-0.1958123074309198,0.9797206411114396
2025-09-10 11:26:48.150000128,0.0416756642096712,-0.1938993065748769,0.980135805856752
2025-09-10 11:26:48.160000000,0.0430493457820268,-0.1940086319044374,0.980054796720218
2025-09-10 11:26:48.169999872,0.0448035141065854,-0.1946422452909858,0.979850519963012
2025-09-10 11:26:48.180000000,0.0429234292915258,-0.1939926551518087,0.9800634821097084
2025-09-10 11:26:48.190000128,0.0447995870729283,-0.1974025900163149,0.9792983276065296
2025-09-10 11:26:48.200000000,0.0483434586342537,-0.1977937319389857,0.9790508411788056
2025-09-10 11:26:48.209999872,0.0491775433619962,-0.1947309921618152,0.9796230958488852
2025-09-10 11:26:48.220000000,0.05281729782124,-0.1944246860031843,0.9794944484393088
2025-09-10 11:26:48.230000128,0.0531347486277074,-0.1971382477405667,0.97893473212776
2025-09-10 11:26:48.240000000,0.0599228980420082,-0.2008706140941188,0.9777833311545554
2025-09-10 11:26:48.249999872,0.0693108791804657,-0.2093513385533086,0.9753809609958404
2025-09-10 11:26:48.260000000,0.0780351343945714,-0.21099280005804,0.9743677725190264
2025-09-10 11:26:48.270000128,0.0831927055561068,-0.2134957232246639,0.9733953718335796
2025-09-10 11:26:48.280000000,0.0899738648448849,-0.2098226248689759,0.973590863627
2025-09-10 11:26:48.289999872,0.1056538883103086,-0.1669741491346621,0.9802840860718226
2025-09-10 11:26:48.300000000,0.1151854358786219,-0.1075936579523519,0.9874998329771424
2025-09-10 11:26:48.310000128,0.1343195908617637,-0.0743772389678056,0.98814284080504
2025-09-10 11:26:48.320000000,0.1435491700752113,-0.0690054490816852,0.9872344624088816
2025-09-10 11:26:48.329999872,0.143907206378041,-0.0829715053117024,0.9861067108882172
2025-09-10 11:26:48.340000000,0.1476499396754104,-0.0839854252557749,0.9854673732084964
2025-09-10 11:26:48.350000128,0.1524882805594692,-0.0810092665685854,0.9849796053838052
2025-09-10 11:26:48.360000000,0.159532113889403,-0.0842566184623952,0.9835905280569048
2025-09-10 11:26:48.369999872,0.1668561177098958,-0.0863133664604617,0.9821960286791244
2025-09-10 11:26:48.380000000,0.17185051564728,-0.0862283947716797,0.9813419710818768
2025-09-10 11:26:48.390000128,0.1837216278571495,-0.0899977092155467,0.978849720740356
2025-09-10 11:26:48.400000000,0.1977447954628489,-0.0911491445341572,0.9760065723744116
2025-09-10 11:26:48.409999872,0.2026417413208435,-0.1002516562422239,0.9741077610280844
2025-09-10 11:26:48.420000000,0.1883402202135276,-0.1519133485287416,0.9702836162631548
2025-09-10 11:26:48.430000128,0.1691676518073957,-0.2574883459273709,0.9513580069004298
2025-09-10 11:26:48.440000000,0.1495672192099052,-0.354854128011953,0.9228803794483296
2025-09-10 11:26:48.449999872,0.1313106905008703,-0.4237727636762997,0.8961998367140757
2025-09-10 11:26:48.460000000,0.124645827794843,-0.4845051636666533,0.8658626704008482
2025-09-10 11:26:48.470000128,0.1144027574209655,-0.5358471150674827,0.8365284683549842
2025-09-10 11:26:48.480000000,0.1000023408141941,-0.5800514388147769,0.8084181221129255
2025-09-10 11:26:48.489999872,0.0741640843128022,-0.6044860033921666,0.7931559495464994
2025-09-10 11:26:48.500000000,0.0769165234822312,-0.6218244677768916,0.7793703738848385
2025-09-10 11:26:48.510000128,0.0788159825975326,-0.6187316997130674,0.7816387430631647
2025-09-10 11:26:48.520000000,0.0772246430022667,-0.6152234227433647,0.7845613389793762
2025-09-10 11:26:48.529999872,0.0751533682898937,-0.6169264044604568,0.7834243950211002
2025-09-10 11:26:48.540000000,0.0704257307802645,-0.6223035349238366,0.7796015179983701
2025-09-10 11:26:48.550000128,0.0738876188007315,-0.6245556733714571,0.7774772219476809
2025-09-10 11:26:48.560000000,0.0772310523041005,-0.6226182329878973,0.778705271916808
2025-09-10 11:26:48.570000128,0.075733366589362,-0.6214627251981732,0.77977467153935
2025-09-10 11:26:48.580000000,0.0799040576041268,-0.6207788702429232,0.7799031579871416
2025-09-10 11:26:48.590000128,0.086597416898722,-0.621923544071136,0.7782750109803517
2025-09-10 11:26:48.600000000,0.0911578895195788,-0.6122426026603228,0.7853975010566627
2025-09-10 11:26:48.609999872,0.0939875373431274,-0.6154618751241315,0.7825426653498595
2025-09-10 11:26:48.620000000,0.0961806957927538,-0.6170210891746462,0.7810468931316192
2025-09-10 11:26:48.630000128,0.0860393303029958,-0.6096173406698914,0.7880126468500248
2025-09-10 11:26:48.640000000,0.0817210836084811,-0.6127160299417709,0.78606662004327
2025-09-10 11:26:48.649999872,0.0798206863793747,-0.6146624655023579,0.7847411748649923
2025-09-10 11:26:48.660000000,0.082359260895822,-0.6116609980709851,0.7868213110888014
2025-09-10 11:26:48.670000128,0.0849273196368875,-0.6091501104915216,0.7884944472014125
2025-09-10 11:26:48.680000000,0.0795458266005978,-0.60024769866609,0.7958487052929661
2025-09-10 11:26:48.689999872,0.0724747178181156,-0.5754999818909002,0.8145840571240994
2025-09-10 11:26:48.700000000,0.0752466154434509,-0.5702409930565185,0.8180239340644142
2025-09-10 11:26:48.710000128,0.0722618135265857,-0.5719480224328255,0.8171007832214024
2025-09-10 11:26:48.720000000,0.0661936692343636,-0.5682229554518867,0.8202079437867051
2025-09-10 11:26:48.729999872,0.0665165090284338,-0.5652946451951947,0.8222028448870201
2025-09-10 11:26:48.740000000,0.0693732430526787,-0.5649171180326956,0.8222262480011128
2025-09-10 11:26:48.750000128,0.0689701104948082,-0.5662977326816113,0.821309930426998
2025-09-10 11:26:48.760000000,0.0697020400900724,-0.5683986700038002,0.81979544859995
2025-09-10 11:26:48.769999872,0.0777968696961071,-0.5689461602639463,0.8186867006287565
2025-09-10 11:26:48.780000000,0.0788756921180175,-0.5737997161831491,0.8151886351643044
2025-09-10 11:26:48.790000128,0.0845594759339376,-0.5726377445327865,0.8154359009549317
2025-09-10 11:26:48.800000000,0.0883662018685409,-0.5713478188489794,0.8159369364502641
2025-09-10 11:26:48.809999872,0.0910754311485483,-0.5726807333953874,0.8147036537532082
2025-09-10 11:26:48.820000000,0.0947366617339901,-0.576192816992561,0.8118046578886307
2025-09-10 11:26:48.830000128,0.1028108051113957,-0.5699802946802235,0.8152008353949304
2025-09-10 11:26:48.840000000,0.1117225152587923,-0.5659928964622755,0.8168048241400714
2025-09-10 11:26:48.850000128,0.1148076196761834,-0.5747315482820217,0.8102486395382833
2025-09-10 11:26:48.860000000,0.1164027393887826,-0.5768875512679243,0.8084869544123054
2025-09-10 11:26:48.870000128,0.1182346570216661,-0.5764294210904319,0.8085478887365414
2025-09-10 11:26:48.880000000,0.1175618862364033,-0.5796863702922651,0.8063144020801798
2025-09-10 11:26:48.889999872,0.1173386498444069,-0.5809381849020038,0.8054455081353779
2025-09-10 11:26:48.900000000,0.1163631990660995,-0.5766016142080952,0.8086965960084922
2025-09-10 11:26:48.910000128,0.1162793889627726,-0.5756057980105508,0.8094177345469281
2025-09-10 11:26:48.920000000,0.1191071298784402,-0.5751305294247412,0.8093444048955533
2025-09-10 11:26:48.929999872,0.1227505196190639,-0.5744823189309095,0.8092603877424217
2025-09-10 11:26:48.940000000,0.1194950981048274,-0.5765882176811439,0.8082493110174604
2025-09-10 11:26:48.950000128,0.1184331585595511,-0.5748759443518355,0.8096241322732382
2025-09-10 11:26:48.960000000,0.1220061691081246,-0.5796560426210126,0.8056757207167824
2025-09-10 11:26:48.969999872,0.1270247298094242,-0.5732340146588912,0.8094859371569669
2025-09-10 11:26:48.980000000,0.1302485363391076,-0.5674401515322667,0.8130479648892545
2025-09-10 11:26:48.990000128,0.1292999891447573,-0.5684561114969949,0.8124894843066474
2025-09-10 11:26:49.000000000,0.111268773460874,-0.5829136292023256,0.8048794698230826
2025-09-10 11:26:49.009999872,0.0772270662578316,-0.5663977106604456,0.8205057060105156
2025-09-10 11:26:49.020000000,0.0799618308243505,-0.5631043820822581,0.8225080914440759
2025-09-10 11:26:49.030000128,0.0852410199266368,-0.5873132418720269,0.8048584499423714
2025-09-10 11:26:49.040000000,0.0878739075012219,-0.5924655333396672,0.8007888411966105
2025-09-10 11:26:49.049999872,0.0958503244009157,-0.5871671722456815,0.803770755345857
2025-09-10 11:26:49.060000000,0.0985821018620735,-0.5782688081568478,0.809868356404493
2025-09-10 11:26:49.070000128,0.1047080794584383,-0.5859321293992552,0.8035668969250661
2025-09-10 11:26:49.080000000,0.1064606074034864,-0.583848950248569,0.8048518760398866
2025-09-10 11:26:49.089999872,0.1047100779387883,-0.5860397563316453,0.80348814775129
2025-09-10 11:26:49.100000000,0.1065531588396644,-0.582250416394476,0.8059968219228589
2025-09-10 11:26:49.110000128,0.1114194801055638,-0.5619305635197809,0.8196461073142162
2025-09-10 11:26:49.120000000,0.1248853350773082,-0.4603670133819896,0.8789003732348596
2025-09-10 11:26:49.129999872,0.137297784712807,-0.334666044249058,0.9322810505097932
2025-09-10 11:26:49.140000000,0.1579549770516135,-0.2322977618385313,0.959733283297726
2025-09-10 11:26:49.150000128,0.1686410561860963,-0.1763025261474831,0.969782250529702
2025-09-10 11:26:49.160000000,0.1746653532480727,-0.1745784304653642,0.9690275465594236
2025-09-10 11:26:49.169999872,0.1721447631057202,-0.1794900370999586,0.9685811825124062
2025-09-10 11:26:49.180000000,0.1725164958590366,-0.1782794862286154,0.9687386042924996
2025-09-10 11:26:49.190000128,0.1741880088760553,-0.1740582345414344,0.9692070307999806
2025-09-10 11:26:49.200000000,0.1746280159133612,-0.1735428760683069,0.9692202671344132
2025-09-10 11:26:49.209999872,0.178527555215552,-0.1701935858280095,0.969103738188932
2025-09-10 11:26:49.220000000,0.1819272467342154,-0.1697542560531776,0.968548382605402
2025-09-10 11:26:49.230000128,0.1851110897243373,-0.1768376569933454,0.96667591649434
2025-09-10 11:26:49.240000000,0.1857246824792489,-0.1741854540683292,0.9670396940710304
2025-09-10 11:26:49.249999872,0.1882472167017295,-0.1673536451610358,0.9677581014155172
2025-09-10 11:26:49.260000000,0.18768664497668,-0.1678030014461061,0.9677891691908294
2025-09-10 11:26:49.270000128,0.1831889918317824,-0.1697021739424217,0.9683196607685248
2025-09-10 11:26:49.280000000,0.1784104144602158,-0.171846262030314,0.968833621546209
2025-09-10 11:26:49.289999872,0.1745131840237188,-0.1716304418945917,0.9695814251608632
2025-09-10 11:26:49.300000000,0.1740214627265069,-0.1652551016556945,0.9707766385154172
2025-09-10 11:26:49.310000128,0.1732242091640252,-0.1650926122768305,0.97094685886052
2025-09-10 11:26:49.320000000,0.1729491775276938,-0.1649628057713552,0.9710179476737472
2025-09-10 11:26:49.329999872,0.1688033525970202,-0.1637304388591416,0.9719556427857184
2025-09-10 11:26:49.340000000,0.1682971658248365,-0.1638427658866303,0.9720244914825688
2025-09-10 11:26:49.350000128,0.1681019201624539,-0.1678094430291315,0.9713813541899746
2025-09-10 11:26:49.360000000,0.175162042648284,-0.1616167525605164,0.9711839599720916
2025-09-10 11:26:49.369999872,0.1773254071657838,-0.1585931272696178,0.9712898228419424
2025-09-10 11:26:49.380000000,0.177790920835949,-0.16295060673392,0.970483121045056
2025-09-10 11:26:49.390000128,0.1785086639744738,-0.1603711619176687,0.9707809986352356
2025-09-10 11:26:49.400000000,0.1813823469426167,-0.1580942185971579,0.97062179156649
2025-09-10 11:26:49.409999872,0.1806803698411987,-0.1608123821814488,0.9703061278231604
2025-09-10 11:26:49.420000000,0.1693673443620816,-0.1657363972823189,0.9715174467191072
2025-09-10 11:26:49.430000128,0.1197879851764587,-0.125918392412258,0.9847819032961954
2025-09-10 11:26:49.440000000,0.0704460813100242,-0.0964685309803602,0.9928399529423424
2025-09-10 11:26:49.449999872,0.0385907392202675,-0.1243715445276354,0.9914849841315015
2025-09-10 11:26:49.460000000,0.0299531696805975,-0.1278596316421414,0.9913398621171357
2025-09-10 11:26:49.470000128,0.028329407507349,-0.1256764777965018,0.9916667119546504
2025-09-10 11:26:49.480000000,0.0334173983994439,-0.1247987977493102,0.9916191494543354
2025-09-10 11:26:49.489999872,0.037153963656022,-0.120179615617135,0.9920566732675934
2025-09-10 11:26:49.500000000,0.0385658131261858,-0.1182826391272174,0.9922307671802044
2025-09-10 11:26:49.510000128,0.0408961192238069,-0.1110517146437904,0.992972821434256
2025-09-10 11:26:49.520000000,0.0432386490172377,-0.1150162283982074,0.9924221311701062
2025-09-10 11:26:49.529999872,0.0456097293137057,-0.1119415552817128,0.9926675378962696
2025-09-10 11:26:49.540000000,0.0511321106253076,-0.1124358868104393,0.9923425208163518
2025-09-10 11:26:49.550000128,0.0517491154133057,-0.1097190711507245,0.9926146052117926
2025-09-10 11:26:49.560000000,0.0519563988766183,-0.1076678059995442,0.9928283719591308
2025-09-10 11:26:49.570000128,0.0579189642650332,-0.1067077527789656,0.9926020597778996
2025-09-10 11:26:49.580000000,0.0648893719728315,-0.1050722960497181,0.9923452937399424
2025-09-10 11:26:49.590000128,0.0696035767431693,-0.1001763451247436,0.9925321364983636
2025-09-10 11:26:49.600000000,0.0747112563580856,-0.0963066800055961,0.9925438285333782
2025-09-10 11:26:49.609999872,0.0819878843576634,-0.095311895076513,0.9920653352856748
2025-09-10 11:26:49.620000000,0.0866792641655684,-0.0970780734049299,0.9914951098354964
2025-09-10 11:26:49.630000128,0.0914394070752051,-0.0976818398137999,0.9910081195451056
2025-09-10 11:26:49.640000000,0.0958441684558715,-0.0965597184356348,0.9907018300925023
2025-09-10 11:26:49.649999872,0.0963964678331795,-0.0968373453033134,0.990621143295404
2025-09-10 11:26:49.660000000,0.0980478750223803,-0.0964960265460822,0.9904923679990744
2025-09-10 11:26:49.670000128,0.1005223953633331,-0.0995502712448915,0.9899419132077832
2025-09-10 11:26:49.680000000,0.0989618152704375,-0.1084688390252239,0.9891618017690028
2025-09-10 11:26:49.689999872,0.0929016325357531,-0.1112519727245936,0.9894403899361892
2025-09-10 11:26:49.700000000,0.094557926398529,-0.1148380819973343,0.9888736084446708
2025-09-10 11:26:49.710000128,0.1006449025765024,-0.1151922657911616,0.988231423041822
2025-09-10 11:26:49.720000000,0.1076955955194867,-0.1115184149380557,0.9879095615669518
2025-09-10 11:26:49.729999872,0.1101912963715651,-0.1074121015491743,0.98808932725981
2025-09-10 11:26:49.740000000,0.115342154039941,-0.117140192140765,0.9863946283747956
2025-09-10 11:26:49.750000128,0.1198444639442226,-0.1203619887651238,0.9854695815307676
2025-09-10 11:26:49.760000000,0.1237695977298679,-0.1229214663087895,0.9846681673529838
2025-09-10 11:26:49.769999872,0.1237697970827918,-0.135418123484361,0.983027450869028
2025-09-10 11:26:49.780000000,0.127480428746162,-0.140373065682823,0.981857496135514
2025-09-10 11:26:49.790000128,0.1301369820829587,-0.1406585285498198,0.981468055639377
2025-09-10 11:26:49.800000000,0.1305105137162921,-0.1377655326791254,0.981828734461946
2025-09-10 11:26:49.809999872,0.1330478708310865,-0.1416452730885674,0.9809357168943232
2025-09-10 11:26:49.820000000,0.1334381922770811,-0.1448985370784926,0.9804073963380416
2025-09-10 11:26:49.830000128,0.1387567113989935,-0.1476367072343694,0.9792599132603812
2025-09-10 11:26:49.840000000,0.1413943060120845,-0.1519190626292652,0.9782270946141322
2025-09-10 11:26:49.850000128,0.1401310822460206,-0.1557355153798501,0.9778086362054343
2025-09-10 11:26:49.860000000,0.1429884294552043,-0.1556034258796159,0.977415921139236
2025-09-10 11:26:49.870000128,0.1566163898153609,-0.1693580063073166,0.973030920444368
2025-09-10 11:26:49.880000000,0.1543539996286224,-0.1714722035855988,0.97302216120505
2025-09-10 11:26:49.889999872,0.1594590400242302,-0.1630184166455852,0.9736517911393772
2025-09-10 11:26:49.900000000,0.1507046747351393,-0.1655408641406398,0.9746200917857925
2025-09-10 11:26:49.910000128,0.1443667794840842,-0.1980412275425701,0.969503947993419
2025-09-10 11:26:49.920000000,0.0705803561117759,-0.1934989249359123,0.9785584189918256
2025-09-10 11:26:49.929999872,-0.0746128308007143,-0.3287642191099376,0.9414600436093596
2025-09-10 11:26:49.940000000,-0.07213312277133,-0.446862115436515,0.8916900035252492
2025-09-10 11:26:49.950000128,-0.0931524592219199,-0.4451111833740795,0.8906170073472857
2025-09-10 11:26:49.960000000,0.0389940595870218,-0.3943532473953515,0.9181312431159636
2025-09-10 11:26:49.969999872,0.0283676634946415,-0.3881584743692741,0.921155944692956
2025-09-10 11:26:49.980000000,0.0856452295948805,-0.3060779589324635,0.9481461795015456
2025-09-10 11:26:49.990000128,0.2025605587470583,-0.2056166645670137,0.9574398191491806
2025-09-10 11:26:50.000000000,0.2220613950523946,-0.2727738740723646,0.9360999681930012
2025-09-10 11:26:50.009999872,0.2140405752146167,-0.2290618890265202,0.9495879544083308
2025-09-10 11:26:50.020000000,0.2041457908895316,-0.1669886482444296,0.9645928091270356
2025-09-10 11:26:50.030000128,0.2163839406586995,-0.1598132604346431,0.963139508074641
2025-09-10 11:26:50.040000000,0.2024182977673823,-0.1593239653273258,0.9662518857944508
2025-09-10 11:26:50.049999872,0.2043769643358484,-0.1523912621541819,0.9669575790425964
2025-09-10 11:26:50.060000000,0.2019312674513901,-0.1578872034382411,0.9665895686463446
2025-09-10 11:26:50.070000128,0.1984785023448837,-0.1607187806078172,0.966838020387525
2025-09-10 11:26:50.080000000,0.1952860437524654,-0.1612676353426493,0.9673965634146634
2025-09-10 11:26:50.089999872,0.1956468724166238,-0.1738920971919526,0.9651341045926096
2025-09-10 11:26:50.100000000,0.1997269401274796,-0.1634139204392181,0.966128894089189
2025-09-10 11:26:50.110000128,0.200224799495792,-0.1615251123424795,0.9663434522723376
2025-09-10 11:26:50.120000000,0.2009954388627144,-0.1628668059278177,0.9659581963435352
2025-09-10 11:26:50.129999872,0.1972206343056088,-0.1764602912767079,0.9643473373254228
2025-09-10 11:26:50.140000000,0.2009515318897403,-0.1743199495957573,0.9639663049111724
2025-09-10 11:26:50.150000128,0.2012551600279299,-0.168140631022176,0.9650000459904636
2025-09-10 11:26:50.160000000,0.2015782648042903,-0.1684932360608715,0.96487109634408
2025-09-10 11:26:50.169999872,0.2219584037892628,-0.171632951169379,0.9598315461893364
2025-09-10 11:26:50.180000000,0.2276715479049449,-0.1776500633523315,0.9573954884296662
2025-09-10 11:26:50.190000128,0.229692105755163,-0.1743598772187504,0.9575177125098112
2025-09-10 11:26:50.200000000,0.2326634534907526,-0.1745633992653299,0.956762947153938
2025-09-10 11:26:50.209999872,0.2307851758445359,-0.1736055201339594,0.9573919395887058
2025-09-10 11:26:50.220000000,0.2297267697253268,-0.1694501969254773,0.9583904434172348
2025-09-10 11:26:50.230000128,0.2298663372017884,-0.1644026393109891,0.9592357578869828
2025-09-10 11:26:50.240000000,0.2313588495165946,-0.1649646890288224,0.9587803367424582
2025-09-10 11:26:50.249999872,0.2281928882415434,-0.1667482772767498,0.9592304299704104
2025-09-10 11:26:50.260000000,0.2275422649404185,-0.1677138698110936,0.9592166468211298
2025-09-10 11:26:50.270000128,0.2305945039824919,-0.1764656915503643,0.9569148522406372
2025-09-10 11:26:50.280000000,0.2343168112076552,-0.1763183312726072,0.9560373831826448
2025-09-10 11:26:50.289999872,0.232456574170848,-0.1725203786040066,0.9571837128216732
2025-09-10 11:26:50.300000000,0.2307505232318571,-0.1694373117548306,0.9581467494144728
2025-09-10 11:26:50.310000128,0.230120691614954,-0.166429938452141,0.9588250846100512
2025-09-10 11:26:50.320000000,0.2234759658038429,-0.1584886887101125,0.9617379207762314
2025-09-10 11:26:50.329999872,0.2203094603560282,-0.1556425281366427,0.9629325755798636
2025-09-10 11:26:50.340000000,0.217979499097879,-0.1513856281004771,0.9641407208378152
2025-09-10 11:26:50.350000128,0.2140096816943566,-0.1526350886223246,0.9648328279356664
2025-09-10 11:26:50.360000000,0.212187899960756,-0.1550331340965222,0.9648528501499356
2025-09-10 11:26:50.369999872,0.2118791008480025,-0.1553154283165065,0.9648753102607104
2025-09-10 11:26:50.380000000,0.2099448447866208,-0.1496728903177492,0.9661890022409968
2025-09-10 11:26:50.390000128,0.2109087666922187,-0.1518978132917633,0.9656316826044742
2025-09-10 11:26:50.400000000,0.207742242416927,-0.1491836749281323,0.966740602152679
2025-09-10 11:26:50.409999872,0.2043399026542874,-0.14667466080952,0.9678490316468
2025-09-10 11:26:50.420000000,0.2042661502730719,-0.1467634401139469,0.9678511417044146
2025-09-10 11:26:50.430000128,0.2042475631003196,-0.1468246013030594,0.9678457880363888
2025-09-10 11:26:50.440000000,0.2039210934843167,-0.1482732348862783,0.9676937715251244
2025-09-10 11:26:50.449999872,0.2059941838652913,-0.1487878840762874,0.9671755589166704
2025-09-10 11:26:50.460000000,0.2072276912473979,-0.1491602716788524,0.9668546412635998
2025-09-10 11:26:50.470000128,0.2036345137855567,-0.1442633701374968,0.9683599872113116
2025-09-10 11:26:50.480000000,0.2048540591101737,-0.1434166963291692,0.9682285193486672
2025-09-10 11:26:50.489999872,0.2062596364778486,-0.1397212200938672,0.9684704141147044
2025-09-10 11:26:50.500000000,0.2069157260346461,-0.1393043160387268,0.968390515160355
2025-09-10 11:26:50.510000128,0.2087204399004595,-0.1426664599625753,0.967513337980157
2025-09-10 11:26:50.520000000,0.2066367622976286,-0.1415616841385775,0.96812268749937
2025-09-10 11:26:50.529999872,0.2128212229789902,-0.1418647224085744,0.9667375691394564
2025-09-10 11:26:50.540000000,0.1848997900151753,-0.1392744974625844,0.9728384665548996
2025-09-10 11:26:50.550000128,0.1430341859226357,-0.1415636510946891,0.979541195839251
2025-09-10 11:26:50.560000000,0.1440025993994223,-0.1405910021565907,0.9795393925099772
2025-09-10 11:26:50.570000128,0.1489512498737324,-0.1417214322603531,0.9786360716829964
2025-09-10 11:26:50.580000000,0.1548381829318715,-0.1443694562516038,0.9773344346783104
2025-09-10 11:26:50.590000128,0.15831012022646,-0.146116070840364,0.9765183048340964
2025-09-10 11:26:50.600000000,0.1612154265980142,-0.1376103080767726,0.9772783581650808
2025-09-10 11:26:50.609999872,0.1626298730540667,-0.1347653330973976,0.9774404479995524
2025-09-10 11:26:50.620000000,0.1661449274431147,-0.1382706053655898,0.9763591054405932
2025-09-10 11:26:50.630000128,0.1715521416301684,-0.1408140791876375,0.9750596175643008
2025-09-10 11:26:50.640000000,0.179970231705066,-0.1368958230996237,0.9740997122050192
2025-09-10 11:26:50.649999872,0.184411651869988,-0.1405047490170604,0.9727542126139754
2025-09-10 11:26:50.660000000,0.1896964280616866,-0.1426799844074106,0.9714204482252464
2025-09-10 11:26:50.670000128,0.1952598334994434,-0.1429058719913077,0.9702842414324648
2025-09-10 11:26:50.680000000,0.2023309976483713,-0.1427762190370518,0.9688535073312676
2025-09-10 11:26:50.689999872,0.2097650911731876,-0.1449062140031619,0.96695439172092
2025-09-10 11:26:50.700000000,0.2311869610083229,-0.1446993103021681,0.96208871662535
2025-09-10 11:26:50.710000128,0.2439846536452305,-0.1526346609580582,0.9576920951223497
2025-09-10 11:26:50.720000000,0.2531756747272606,-0.1629877124047957,0.9535916753681568
2025-09-10 11:26:50.729999872,0.2713992757721866,-0.1693731898165693,0.94744665057284
2025-09-10 11:26:50.740000000,0.2762925333351155,-0.176925566722486,0.9446479661033476
2025-09-10 11:26:50.750000128,0.2227053060754337,-0.137814481029588,0.9650955991322272
2025-09-10 11:26:50.760000000,0.1443427825486349,-0.0594216492244869,0.9877419848976552
2025-09-10 11:26:50.769999872,0.075526889954914,0.0125405170498033,0.9970649047709292
2025-09-10 11:26:50.780000000,0.0098204890441995,0.0645051889098149,0.9978690488228614
2025-09-10 11:26:50.790000128,-0.0772101671797342,0.1059223000981332,0.9913723096929824
2025-09-10 11:26:50.800000000,-0.1655174357826205,0.1495443634694461,0.9748027809800628
2025-09-10 11:26:50.809999872,-0.2129966038712145,0.2171913312284489,0.952607144828624
2025-09-10 11:26:50.820000000,-0.290024882857922,0.1680898125716621,0.9421419119394232
2025-09-10 11:26:50.830000128,-0.3068672937246939,0.1434270874903292,0.9408831673572038
2025-09-10 11:26:50.840000000,-0.2829238417237618,0.1060203328621149,0.9532648051848313
2025-09-10 11:26:50.850000128,-0.4032459789529027,0.1009765778782462,0.9095033871175596
2025-09-10 11:26:50.860000000,-0.4134237286580759,0.0974639336371108,0.905307462811632
2025-09-10 11:26:50.870000128,-0.4051826864695247,0.117346099992951,0.9066735263598376
2025-09-10 11:26:50.880000000,-0.5196580382832239,0.1812539673072379,0.8349266570082776
2025-09-10 11:26:50.889999872,-0.5863155624117954,0.1588214651923522,0.7943612550143004
2025-09-10 11:26:50.900000000,-0.5652409621502773,0.1719051697017644,0.8068155100995744
2025-09-10 11:26:50.910000128,-0.5870221403260755,0.1510977506132951,0.7953455076421795
2025-09-10 11:26:50.920000000,-0.6156491081300002,0.11868544418383,0.7790314120737512
2025-09-10 11:26:50.929999872,-0.6381496611577144,0.0719209997154267,0.7665457453826405
2025-09-10 11:26:50.940000000,-0.6427942152286643,0.0557263970758237,0.7640092705834879
2025-09-10 11:26:50.950000128,-0.6545372587645698,0.0434516820057553,0.7547800528762225
2025-09-10 11:26:50.960000000,-0.6501889658621942,0.0103777743432924,0.7597016588574295
2025-09-10 11:26:50.969999872,-0.6540389049763541,0.0015870801399302,0.7564592467238147
2025-09-10 11:26:50.980000000,-0.6319024241120028,-0.0257033859675968,0.7746216252798364
2025-09-10 11:26:50.990000128,-0.6030840620496123,-0.0305096465039939,0.7970939565521374
2025-09-10 11:26:51.000000000,-0.5976192151376225,-0.0404958784769833,0.8007567405427628
2025-09-10 11:26:51.009999872,-0.5760436915581102,-0.0337325264053648,0.8167225857526019
2025-09-10 11:26:51.020000000,-0.5643616300814803,-0.0472427655626912,0.8241747821874695
2025-09-10 11:26:51.030000128,-0.5539275901032272,-0.0564433190447191,0.8306493704672551
2025-09-10 11:26:51.040000000,-0.540455336161144,-0.0592049638613981,0.839287079531858
2025-09-10 11:26:51.049999872,-0.5278317641935438,-0.0717094707504487,0.84631635959198
2025-09-10 11:26:51.060000000,-0.51710805942416,-0.0710030088160703,0.8529700039377965
2025-09-10 11:26:51.070000128,-0.5189766854157652,-0.0738571658483099,0.8515916386671026
2025-09-10 11:26:51.080000000,-0.51693069295862,-0.074768814965012,0.8527556994743857
2025-09-10 11:26:51.089999872,-0.5226080317370975,-0.0754057383988693,0.8492318998838881
2025-09-10 11:26:51.100000000,-0.5220391525003223,-0.0808458711042049,0.8490813084635344
2025-09-10 11:26:51.110000128,-0.5224603545922558,-0.0883083809519509,0.8480783028311593
2025-09-10 11:26:51.120000000,-0.5377194349535486,-0.0824326874405138,0.8390844184672785
2025-09-10 11:26:51.129999872,-0.5525222681009108,-0.0799637164940444,0.8296535103867672
2025-09-10 11:26:51.140000000,-0.5614376269107776,-0.0751057068824674,0.8241037094216234
2025-09-10 11:26:51.150000128,-0.5767049973771577,-0.0693893874376823,0.8140002818864597
2025-09-10 11:26:51.160000000,-0.5555738396684204,-0.0725746907756446,0.828293802303813
2025-09-10 11:26:51.169999872,-0.4568658684568278,-0.0334782440750025,0.8889053860860799
2025-09-10 11:26:51.180000000,-0.3531509866283431,0.0210962597724963,0.935328460203708
2025-09-10 11:26:51.190000128,-0.2697194812366934,0.0467818910751871,0.9618018798634356
2025-09-10 11:26:51.200000000,-0.1834710446949793,0.0556778112708891,0.9814470729950832
2025-09-10 11:26:51.209999872,-0.1090041830730394,0.057889564801352,0.9923542141592836
2025-09-10 11:26:51.220000000,-0.0226385675135328,0.0591796733382845,0.997990611942071
2025-09-10 11:26:51.230000128,0.020018425283097,0.0715529663499905,0.9972358976970808
2025-09-10 11:26:51.240000000,0.0119080002477,0.0931066841382516,0.9955849260102728
2025-09-10 11:26:51.249999872,-0.0435358350589613,0.0296942337276324,0.9986104763865878
2025-09-10 11:26:51.260000000,-0.0907289055148643,-0.0542908884197019,0.9943946727223928
2025-09-10 11:26:51.270000128,-0.0881889192411384,-0.0175191689350593,0.9959496941326428
2025-09-10 11:26:51.280000000,0.1430186986422311,0.0218235683757744,0.9894793498108138
2025-09-10 11:26:51.289999872,0.207135299016313,-0.0014650146183828,0.9783112089890368
2025-09-10 11:26:51.300000000,0.3471882230890042,-0.0353367389925627,0.9371294748462836
2025-09-10 11:26:51.310000128,0.4999072878877533,-0.0308355715068194,0.8655298210036202
2025-09-10 11:26:51.320000000,0.520524629513128,-0.0035947512934786,0.8538390877872475
2025-09-10 11:26:51.329999872,0.5322394519759868,-0.0980796407748574,0.8408933046622361
2025-09-10 11:26:51.340000000,0.5520831163828023,-0.1164004427703896,0.8256241091004491
2025-09-10 11:26:51.350000128,0.5527673581027621,-0.0560484454968591,0.8314486271402933
2025-09-10 11:26:51.360000000,0.570753561290572,-0.0557929884405858,0.8192237268994337
2025-09-10 11:26:51.369999872,0.5661986763825833,-0.0588335636105869,0.8221664494830044
2025-09-10 11:26:51.380000000,0.536387852630074,-0.0670208035391019,0.841306295854174
2025-09-10 11:26:51.390000128,0.504077636752448,-0.0616781253431887,0.8614531589008291
2025-09-10 11:26:51.400000000,0.4677032009537973,-0.0531899293692733,0.8822837113033787
2025-09-10 11:26:51.409999872,0.4550315326861651,-0.05086921270631,0.8890211625489687
2025-09-10 11:26:51.420000000,0.4314485811367653,-0.0397244636509507,0.9012624971797708
2025-09-10 11:26:51.430000128,0.4003265832662733,-0.0464548813723483,0.9151942803181372
2025-09-10 11:26:51.440000000,0.388908996114032,-0.0647463661882117,0.918998205007495
2025-09-10 11:26:51.449999872,0.3689135839883212,-0.0686906314491689,0.9269219841496944
2025-09-10 11:26:51.460000000,0.3478676403905932,-0.0791874423257503,0.9341934776838184
2025-09-10 11:26:51.470000128,0.3242409401607126,-0.087545673963347,0.9419148409989092
2025-09-10 11:26:51.480000000,0.2986956899571987,-0.1130896212185032,0.9476241989172968
2025-09-10 11:26:51.489999872,0.286235407110319,-0.1124634633544181,0.9515362636950416
2025-09-10 11:26:51.500000000,0.2798060238995823,-0.1223573560609678,0.952227528696412
2025-09-10 11:26:51.510000128,0.2675350241822377,-0.128879645737194,0.9548900710293646
2025-09-10 11:26:51.520000000,0.2583330880647065,-0.1411109337807117,0.9556943653587628
2025-09-10 11:26:51.529999872,0.2481417413102406,-0.1377167891284352,0.9588846448930528
2025-09-10 11:26:51.540000000,0.215276699141153,-0.140646412310387,0.9663718381198336
2025-09-10 11:26:51.550000128,0.1965220839279947,-0.1597389407877691,0.9673998869777688
2025-09-10 11:26:51.560000000,0.1894147681258329,-0.1690234678653169,0.9672399458906872
2025-09-10 11:26:51.570000128,0.1855309369068198,-0.169301848418395,0.9679437770720944
2025-09-10 11:26:51.580000000,0.1727890214388004,-0.1720006970585657,0.9698245791284056
2025-09-10 11:26:51.590000128,0.1195889985919022,-0.1616837753731566,0.9795697158430678
2025-09-10 11:26:51.600000000,0.078695132065564,-0.1375837455906496,0.987358997091955
2025-09-10 11:26:51.609999872,0.0719099674924375,-0.1415818969494328,0.9873112594473116
2025-09-10 11:26:51.620000000,0.0634185683987072,-0.1445033069176135,0.9874699385156658
2025-09-10 11:26:51.630000128,0.0531356732486619,-0.1438722268317072,0.9881687014750554
2025-09-10 11:26:51.640000000,0.0487369324824545,-0.1409332174802073,0.9888187597446144
2025-09-10 11:26:51.649999872,0.0449383166153873,-0.138324424499283,0.9893669194422852
2025-09-10 11:26:51.660000000,0.0361898824148287,-0.1214224333359295,0.9919409685528584
2025-09-10 11:26:51.670000128,0.0292743310890281,-0.1066882270386778,0.9938614771438892
2025-09-10 11:26:51.680000000,0.0305425766431749,-0.0965747071698928,0.9948570133175146
2025-09-10 11:26:51.689999872,0.0263187925697612,-0.0852346622140961,0.996013239628329
2025-09-10 11:26:51.700000000,0.0224695688888428,-0.0800514879709557,0.9965374442275542
2025-09-10 11:26:51.710000128,0.0190471109330127,-0.071359134535017,0.997268811045206
2025-09-10 11:26:51.720000000,0.0149592839213688,-0.066971816827603,0.9976427194017756
2025-09-10 11:26:51.729999872,0.0127292603506041,-0.0633016229167194,0.9979132579874044
2025-09-10 11:26:51.740000000,0.0089638944073393,-0.0572992600941905,0.998316805122358
2025-09-10 11:26:51.750000128,0.0066439705618963,-0.0524573530514124,0.9986010633711604
2025-09-10 11:26:51.760000000,0.0052596226479593,-0.043682956684449,0.9990315989321388
2025-09-10 11:26:51.769999872,0.0011360152235411,-0.0402312995559896,0.9991897477483684
2025-09-10 11:26:51.780000000,-0.0019443549744065,-0.0356932390806542,0.9993609018606164
2025-09-10 11:26:51.790000128,-0.0371361154705716,-0.0310424017917938,0.998827952261426
2025-09-10 11:26:51.800000000,-0.0908543914880862,-0.0237525062050921,0.995580884708172
2025-09-10 11:26:51.809999872,-0.1014984168888885,-0.0188482339216472,0.9946571346182986
2025-09-10 11:26:51.820000000,-0.099791240771056,-0.0174431613510228,0.994855489198032
2025-09-10 11:26:51.830000128,-0.0959083901036378,-0.0170533149047701,0.995244073159186
2025-09-10 11:26:51.840000000,-0.0955144693182719,-0.0146817367273756,0.9953197640745998
2025-09-10 11:26:51.850000128,-0.0963018110698035,-0.0156598525207656,0.9952289838040812
2025-09-10 11:26:51.860000000,-0.0999724389570511,-0.0170585514537316,0.99484396629385
2025-09-10 11:26:51.870000128,-0.0984727105935171,-0.018829808264624,0.9949615890018482
2025-09-10 11:26:51.880000000,-0.0986570158477685,-0.0179417197382061,0.994959741857352
2025-09-10 11:26:51.889999872,-0.0990361108519179,-0.0190698495261598,0.9949010953790212
2025-09-10 11:26:51.900000000,-0.0963528529934205,-0.0150999021570502,0.9952326967472864
2025-09-10 11:26:51.910000128,-0.0957659002915943,-0.0151287614243039,0.995288909271628
2025-09-10 11:26:51.920000000,-0.0932688217844252,-0.0158251865268688,0.995515188409667
2025-09-10 11:26:51.929999872,-0.0919211474981655,-0.0151253030787993,0.9956514088019938
2025-09-10 11:26:51.940000000,-0.090659311084541,-0.0124045242052571,0.995804708310278
2025-09-10 11:26:51.950000128,-0.0916575768530618,-0.0127280492975817,0.9957092373612408
2025-09-10 11:26:51.960000000,-0.0903167622765489,-0.0149465415888206,0.9958009255601318
2025-09-10 11:26:51.969999872,-0.0886752007623014,-0.0196665776261193,0.9958664240219376
2025-09-10 11:26:51.980000000,-0.0896801767153594,-0.0187752753327718,0.9957936306988916
2025-09-10 11:26:51.990000128,-0.0891913208626776,-0.0173309168067019,0.9958637193940796
2025-09-10 11:26:52.000000000,-0.0873878203965786,-0.0187303180080511,0.9959982650756238
2025-09-10 11:26:52.009999872,-0.0852996684250616,-0.0176306573812437,0.9961993407380272
2025-09-10 11:26:52.020000000,-0.0797635781738962,-0.0171560053397267,0.9966661643086316
2025-09-10 11:26:52.030000128,-0.0755765741207832,-0.0175366522215973,0.9969857808780548
2025-09-10 11:26:52.040000000,-0.0674648008029984,-0.0210101896959778,0.997500412321494
2025-09-10 11:26:52.049999872,-0.0650421260839471,-0.0196567588247013,0.9976888962331832
2025-09-10 11:26:52.060000000,-0.0627841293045139,-0.0185203113245746,0.9978552756667246
2025-09-10 11:26:52.070000128,-0.060323573755011,-0.0180181491092607,0.9980162387216454
2025-09-10 11:26:52.080000000,-0.0565304505615966,-0.0175894765448473,0.9982459208402412
2025-09-10 11:26:52.089999872,-0.0511392401310465,-0.0183945824476784,0.9985221166581112
2025-09-10 11:26:52.100000000,-0.0462125160348194,-0.0161184862385133,0.9988015807772386
2025-09-10 11:26:52.110000128,-0.0391860511537181,-0.0143582245457204,0.9991287678687232
2025-09-10 11:26:52.120000000,-0.0305065178794429,-0.017333548428667,0.9993842606654072
2025-09-10 11:26:52.129999872,0.0075156846485289,-0.0218244212502819,0.9997335690679564
2025-09-10 11:26:52.140000000,0.0534119826122209,-0.0214540731018151,0.9983420670595696
2025-09-10 11:26:52.150000128,0.064857294838891,-0.0241310244373248,0.9976027390528688
2025-09-10 11:26:52.160000000,0.0676440511671464,-0.028821982245695,0.9972931242524062
2025-09-10 11:26:52.169999872,0.0718280605269877,-0.0292680573678512,0.9969875177447528
2025-09-10 11:26:52.180000000,0.0765276202514916,-0.0297369051849007,0.9966239209494562
2025-09-10 11:26:52.190000128,0.0772616539860439,-0.0296567358115378,0.996569673853437
2025-09-10 11:26:52.200000000,0.0804005226129706,-0.031968069055973,0.9962498675153708
2025-09-10 11:26:52.209999872,0.0802360320258538,-0.0293886812556492,0.9963425538331684
2025-09-10 11:26:52.220000000,0.0788394991620565,-0.0287803051300464,0.9964717895698292
2025-09-10 11:26:52.230000128,0.0766404354380424,-0.0248626553144228,0.9967487607349124
2025-09-10 11:26:52.240000000,0.0773823466326583,-0.0210485582883738,0.9967792787892434
2025-09-10 11:26:52.249999872,0.0764453297369565,-0.0227921368399007,0.9968132373015915
2025-09-10 11:26:52.260000000,0.0759747444615364,-0.0238376833317061,0.9968247604556084
2025-09-10 11:26:52.270000128,0.0758745887729427,-0.0253884896425831,0.9967940967783696
2025-09-10 11:26:52.280000000,0.0765854817654158,-0.0245977891178413,0.9967595561384268
2025-09-10 11:26:52.289999872,0.0776493167047871,-0.0275513047359467,0.996599974524697
2025-09-10 11:26:52.300000000,0.0791359399272934,-0.0281423706176439,0.9964665122259968
2025-09-10 11:26:52.310000128,0.0798179013060832,-0.0249067196456343,0.9964982478396972
2025-09-10 11:26:52.320000000,0.0813137494184308,-0.0255150597547862,0.9963619100915222
2025-09-10 11:26:52.329999872,0.0823487026978461,-0.024246389425812,0.9963085886229196
2025-09-10 11:26:52.340000000,0.0820971983076667,-0.0205480700768542,0.9964124782669818
2025-09-10 11:26:52.350000128,0.0835658962211658,-0.0176019373411172,0.9963467833995316
2025-09-10 11:26:52.360000000,0.0839719603696053,-0.0155861558945514,0.9963462157383428
2025-09-10 11:26:52.369999872,0.0850969707338692,-0.0163079566975733,0.9962392062754152
2025-09-10 11:26:52.380000000,0.0871194533227859,-0.0146715368914384,0.9960898287092296
2025-09-10 11:26:52.390000128,0.086884669331557,-0.0131767085610316,0.9961312306050062
2025-09-10 11:26:52.400000000,0.0891416137776752,-0.0137058674999497,0.9959246567332218
2025-09-10 11:26:52.409999872,0.0890596912555717,-0.0108651073863815,0.9959670279858388
2025-09-10 11:26:52.420000000,0.0908860448789195,-0.0080207354458757,0.9958289986986594
2025-09-10 11:26:52.430000128,0.0960966869362044,-0.010687548940352,0.9953146251600712
2025-09-10 11:26:52.440000000,0.1183934450150016,-0.016471269027097,0.9928301413001708
2025-09-10 11:26:52.449999872,0.1363906479804537,-0.0176118774276131,0.9904985678520424
2025-09-10 11:26:52.460000000,0.135459498798864,-0.0154759306466809,0.990662010857275
2025-09-10 11:26:52.470000128,0.134423587204635,-0.0187464010882975,0.990746623334783
2025-09-10 11:26:52.480000000,0.1367303068644428,-0.0177058703545431,0.9904500620120852
2025-09-10 11:26:52.489999872,0.1328091253884266,-0.017947847001993,0.9909791173387834
2025-09-10 11:26:52.500000000,0.1309125798648092,-0.0225162299874342,0.9911381920904336
2025-09-10 11:26:52.510000128,0.1312703542739106,-0.0184385518254059,0.9911751176736552
2025-09-10 11:26:52.520000000,0.1297220956767856,-0.0148034221377345,0.9914398804699328
2025-09-10 11:26:52.529999872,0.131120560315149,-0.0135547843898302,0.9912737596056836
2025-09-10 11:26:52.540000000,0.1316751891341323,-0.0138931288720839,0.9911955536303794
2025-09-10 11:26:52.550000128,0.1306036998940904,-0.0143617509155954,0.9913306278354426
2025-09-10 11:26:52.560000000,0.1277943250380745,-0.0164653585756873,0.9916640068365076
2025-09-10 11:26:52.570000128,0.1290778057512607,-0.0143543676148325,0.9915305704781968
2025-09-10 11:26:52.580000000,0.1277508673342516,-0.0121601289289994,0.991731741530832
2025-09-10 11:26:52.590000128,0.1270587798929814,-0.0143223753168262,0.991791780575636
2025-09-10 11:26:52.600000000,0.1258762828472074,-0.0159498737910134,0.9919177198450588
2025-09-10 11:26:52.609999872,0.1252957233865226,-0.0140743937723654,0.9920196032039832
2025-09-10 11:26:52.620000000,0.125842125850502,-0.0160849874144885,0.9919198720366996
2025-09-10 11:26:52.630000128,0.12481155756327,-0.0156240267108269,0.9920574403168246
2025-09-10 11:26:52.640000000,0.1241799337722784,-0.0163063798669985,0.9921257208761124
2025-09-10 11:26:52.649999872,0.1238442270483002,-0.0167856802275944,0.9921596889443284
2025-09-10 11:26:52.660000000,0.1255269570405233,-0.0169724023817135,0.9919450189468868
2025-09-10 11:26:52.670000128,0.1255002810638164,-0.0164773972124531,0.9919567404045432
2025-09-10 11:26:52.680000000,0.1245188743610297,-0.0197705633189762,0.992020249165264
2025-09-10 11:26:52.689999872,0.1258693666061531,-0.0187504365043437,0.9918696102215564
2025-09-10 11:26:52.700000000,0.125841090426573,-0.0212419151915884,0.9918229685781856
2025-09-10 11:26:52.710000128,0.1257765400493224,-0.0212142673137064,0.9918317482494518
2025-09-10 11:26:52.720000000,0.1243336124301724,-0.0208670243489548,0.992021028060839
2025-09-10 11:26:52.729999872,0.1256555182621926,-0.0203721067590036,0.9918647427933204
2025-09-10 11:26:52.740000000,0.1434250139128023,-0.0185166525400167,0.9894879478613294
2025-09-10 11:26:52.750000128,0.1682797876092002,-0.0105448679783511,0.9856828693050932
2025-09-10 11:26:52.760000000,0.1725765750090535,-0.0131643163543138,0.984908131011755
2025-09-10 11:26:52.769999872,0.1782821387330519,-0.0176481448615637,0.9838211331292462
2025-09-10 11:26:52.780000000,0.1802513952424455,-0.0145982263148247,0.9835122400364994
2025-09-10 11:26:52.790000128,0.1777837721794543,-0.0128130951962508,0.983986155868636
2025-09-10 11:26:52.800000000,0.1771744181433249,-0.0116114840133474,0.9841109688417166
2025-09-10 11:26:52.809999872,0.1761861322522628,-0.0127388784129838,0.9842744372271218
2025-09-10 11:26:52.820000000,0.1774481111035506,-0.0159455981365403,0.9840009683764798
2025-09-10 11:26:52.830000128,0.1770297903172027,-0.0179309064422217,0.9840421413407088
2025-09-10 11:26:52.840000000,0.173982727113919,-0.017089547496542,0.98460040525706
2025-09-10 11:26:52.850000128,0.1732035284673242,-0.018243618693049,0.984717070078229
2025-09-10 11:26:52.860000000,0.172580839576332,-0.0181504625638783,0.9848281142005672
2025-09-10 11:26:52.870000128,0.1731036032448888,-0.0187177028584767,0.9847257436176522
2025-09-10 11:26:52.880000000,0.17577339691833,-0.0155877729358144,0.9843072357098126
2025-09-10 11:26:52.889999872,0.1745996528390762,-0.0158836571488685,0.9845113867620076
2025-09-10 11:26:52.900000000,0.1770852118935144,-0.0179395330732017,0.9840320121224436
2025-09-10 11:26:52.910000128,0.178182548127127,-0.0198846060359632,0.983796514522042
2025-09-10 11:26:52.920000000,0.1767900819066263,-0.0195570585727078,0.9840542609020256
2025-09-10 11:26:52.929999872,0.1755283600970562,-0.020045668665935,0.9842702707942436
2025-09-10 11:26:52.940000000,0.1757575204296944,-0.0239574104093074,0.9841419290421912
2025-09-10 11:26:52.950000128,0.1766831207566819,-0.0250255165503294,0.9839495913719712
2025-09-10 11:26:52.960000000,0.1765433214848721,-0.0231023760839147,0.984021715135579
2025-09-10 11:26:52.969999872,0.176215060057113,-0.0222448787641238,0.9841003089003872
2025-09-10 11:26:52.980000000,0.1748877007388536,-0.0279706257688069,0.984191005966006
2025-09-10 11:26:52.990000128,0.1732672511653773,-0.0316297944569536,0.984366809566538
2025-09-10 11:26:53.000000000,0.1632215905565232,-0.0280188565341789,0.986191490560893
2025-09-10 11:26:53.009999872,0.159588894800051,-0.032702511591647,0.9866417436902296
2025-09-10 11:26:53.020000000,0.1583845131920064,-0.0356462964495268,0.9867338483757226
2025-09-10 11:26:53.030000128,0.1585148649703791,-0.0335857411438538,0.9867852023491438
2025-09-10 11:26:53.040000000,0.1603704758600212,-0.0305322473007331,0.986584559146958
2025-09-10 11:26:53.049999872,0.1609311029242997,-0.0315029030694543,0.9864627449679816
2025-09-10 11:26:53.060000000,0.160420710049933,-0.0356702328536575,0.9864039893853032
2025-09-10 11:26:53.070000128,0.1593520551401579,-0.037806858348741,0.986497624925882
2025-09-10 11:26:53.080000000,0.1607771602406192,-0.0393348820791858,0.9862066070539068
2025-09-10 11:26:53.089999872,0.1603074890744511,-0.0371187756103654,0.98636894995931
2025-09-10 11:26:53.100000000,0.1590277784216139,-0.0329389724996776,0.9867244751099224
2025-09-10 11:26:53.110000128,0.1567569740986419,-0.0297133481562063,0.987190137720584
2025-09-10 11:26:53.120000000,0.1573825638867209,-0.0272482530238079,0.9871617199281952
2025-09-10 11:26:53.129999872,0.1688574557679424,-0.0372276433602131,0.9849371869319496
2025-09-10 11:26:53.140000000,0.1887780292865263,-0.0364196801289298,0.9813442120673064
2025-09-10 11:26:53.150000128,0.196471390098102,-0.0298547915715303,0.980054939425918
2025-09-10 11:26:53.160000000,0.1993237763755595,-0.0299018136190766,0.9794773676372904
2025-09-10 11:26:53.169999872,0.1993882835608526,-0.0303123179767435,0.979451619916744
2025-09-10 11:26:53.180000000,0.1973736418133107,-0.0298114213834879,0.9798749535897155
2025-09-10 11:26:53.190000128,0.1966590193226386,-0.0281626268141521,0.9800673938918614
2025-09-10 11:26:53.200000000,0.1970179943994376,-0.027628525409893,0.9800104971205658
2025-09-10 11:26:53.209999872,0.1980107004128666,-0.0268749586797951,0.9798313625915254
2025-09-10 11:26:53.220000000,0.1990099866626838,-0.0265740396449873,0.979637098943004
2025-09-10 11:26:53.230000128,0.1996653123650494,-0.0263818259591043,0.9795089393656552
2025-09-10 11:26:53.240000000,0.1977465098160859,-0.0261939879948792,0.9799031548313746
2025-09-10 11:26:53.249999872,0.1976125250292744,-0.0267529567278826,0.9799150826769994
2025-09-10 11:26:53.260000000,0.1975038350626145,-0.0243778853389972,0.9799989560412594
2025-09-10 11:26:53.270000128,0.1979229794803192,-0.0233665930237364,0.9799390269420318
2025-09-10 11:26:53.280000000,0.1970269101815394,-0.0254213272293633,0.9800684429090722
2025-09-10 11:26:53.289999872,0.1957229008956537,-0.0246813305921795,0.9803486002362576
2025-09-10 11:26:53.300000000,0.1961560480429039,-0.0286673282532404,0.9801535538409332
2025-09-10 11:26:53.310000128,0.1934706116098177,-0.0281778165374046,0.98070134755618
2025-09-10 11:26:53.320000000,0.1948421589967385,-0.0240580872761061,0.980539515529132
2025-09-10 11:26:53.329999872,0.1952907248712616,-0.0271739787711902,0.980368863059716
2025-09-10 11:26:53.340000000,0.193724261202714,-0.0291453428964907,0.9806229956557764
2025-09-10 11:26:53.350000128,0.1922177721970239,-0.0294644937059031,0.9809098692857912
2025-09-10 11:26:53.360000000,0.1923507798314975,-0.031304105214659,0.9808268096330384
2025-09-10 11:26:53.369999872,0.1906343725640828,-0.0311488308335395,0.9811667984266498
2025-09-10 11:26:53.380000000,0.1908881448082332,-0.0261135523687622,0.9812643876929168
2025-09-10 11:26:53.390000128,0.1900616641357983,-0.0247738792083567,0.9814595349452268
2025-09-10 11:26:53.400000000,0.1893075676460872,-0.0229625247631414,0.9816493097274732
2025-09-10 11:26:53.409999872,0.1895123761751055,-0.0253507161905503,0.9815510177596942
2025-09-10 11:26:53.420000000,0.1882700411757237,-0.0302524497989881,0.9816512521648668
2025-09-10 11:26:53.430000128,0.1869052464380659,-0.0265032360156537,0.982020370122038
2025-09-10 11:26:53.440000000,0.1842688848441553,-0.0245648559581932,0.9825688504781964
2025-09-10 11:26:53.449999872,0.1847456867513505,-0.0298668531557848,0.9823324296333408
2025-09-10 11:26:53.460000000,0.1859802984414179,-0.0370809843294817,0.981853517176976
2025-09-10 11:26:53.470000128,0.1847244451140342,-0.0350748892610058,0.9821642589305722
2025-09-10 11:26:53.480000000,0.1806940709862742,-0.0314813977263394,0.9830353881257804
2025-09-10 11:26:53.489999872,0.177980951548211,-0.0318506225942252,0.9835183367514576
2025-09-10 11:26:53.500000000,0.1797998125314939,-0.0310568751917948,0.9832128446663828
2025-09-10 11:26:53.510000128,0.1815539428551153,-0.027970477878652,0.9829831220326224
2025-09-10 11:26:53.520000000,0.1799193261239799,-0.0287648035776273,0.983260709152071
2025-09-10 11:26:53.529999872,0.1789455690221339,-0.0329895378870919,0.9833057376611511
2025-09-10 11:26:53.540000000,0.1775015419948812,-0.0333049655374656,0.9835568015422332
2025-09-10 11:26:53.550000128,0.1782213555935983,-0.0354865276543983,0.9833503214853868
2025-09-10 11:26:53.560000000,0.1785429308687112,-0.0358158936456445,0.983280043323963
2025-09-10 11:26:53.570000128,0.1814599952215827,-0.0376673397582798,0.9826766719779796
2025-09-10 11:26:53.580000000,0.1878549440651997,-0.032653357707251,0.9816538484724148
2025-09-10 11:26:53.590000128,0.1918864466938587,-0.0297275888426728,0.9809667996608274
2025-09-10 11:26:53.600000000,0.1932819146390588,-0.028290569448559,0.9807353084057572
2025-09-10 11:26:53.609999872,0.1954867008393926,-0.0275188685699373,0.9803201832399252
2025-09-10 11:26:53.620000000,0.196105092490211,-0.0270916333706204,0.9802085676531896
2025-09-10 11:26:53.630000128,0.1944711793580675,-0.0273151206336718,0.9805278397801108
2025-09-10 11:26:53.640000000,0.1931273923200214,-0.0319789125423683,0.9806524152258416
2025-09-10 11:26:53.649999872,0.1923083003948944,-0.0318535145721663,0.9808174505016864
2025-09-10 11:26:53.660000000,0.1942230944344198,-0.0330963821920684,0.9803989081359256
2025-09-10 11:26:53.670000128,0.1949255085180042,-0.0291304249197671,0.9803853652890742
2025-09-10 11:26:53.680000000,0.1914564866443629,-0.0326245218416136,0.9809587424027592
2025-09-10 11:26:53.689999872,0.1911051476659439,-0.0329742502656563,0.9810155561228352
2025-09-10 11:26:53.700000000,0.1893761436650407,-0.0277816303563391,0.9815115166034996
2025-09-10 11:26:53.710000128,0.1894410923972208,-0.033332582197256,0.9813261493893918
2025-09-10 11:26:53.720000000,0.1901310922708146,-0.0303800723411214,0.9812885503033524
2025-09-10 11:26:53.729999872,0.1917975152464802,-0.0323521458474164,0.9809011427276164
2025-09-10 11:26:53.740000000,0.1649510767503261,-0.032192970536872,0.9857762194975694
2025-09-10 11:26:53.750000128,0.0926373978743189,-0.0317560684272486,0.9951933805211522
2025-09-10 11:26:53.760000000,0.0081669474778874,-0.0191763124579539,0.9997827614084014
2025-09-10 11:26:53.769999872,-0.061184740324695,-0.0158847977665903,0.998000050476609
2025-09-10 11:26:53.780000000,-0.0973812342369377,-0.0164578838479528,0.9951110658000634
2025-09-10 11:26:53.790000128,-0.0954188973899688,-0.0142885886777013,0.9953346523930944
2025-09-10 11:26:53.800000000,-0.0934428200099664,-0.0160090478404449,0.9954959315717103
2025-09-10 11:26:53.809999872,-0.0913341487852956,-0.0136656446233917,0.9957265304403076
2025-09-10 11:26:53.820000000,-0.0899003840188016,-0.0123840757788265,0.9958737649021469
2025-09-10 11:26:53.830000128,-0.0894266626745383,-0.0110793567262261,0.9959317847410172
2025-09-10 11:26:53.840000000,-0.0889269046865952,-0.0094746128255307,0.9959930910074968
2025-09-10 11:26:53.850000128,-0.0916817679161223,-0.0117394866530502,0.9957191561303304
2025-09-10 11:26:53.860000000,-0.092462878423375,-0.0130516614604846,0.9956305892482336
2025-09-10 11:26:53.870000128,-0.091069279215611,-0.0107011625351906,0.9957870613256352
2025-09-10 11:26:53.880000000,-0.0918540948620657,-0.0108664246751384,0.9957131846429724
2025-09-10 11:26:53.889999872,-0.0936538073320071,-0.0083641574260287,0.9955696887926891
2025-09-10 11:26:53.900000000,-0.0917698691618037,-0.0142742879544592,0.9956779277544616
2025-09-10 11:26:53.910000128,-0.0933506340800117,-0.0185917007871027,0.9954596967123795
2025-09-10 11:26:53.920000000,-0.0918936630671745,-0.0166113990031474,0.9956302607450492
2025-09-10 11:26:53.929999872,-0.0898572949667091,-0.0176654787637895,0.9957979701733238
2025-09-10 11:26:53.940000000,-0.0933540028786841,-0.0200934166919029,0.9954302008439228
2025-09-10 11:26:53.950000128,-0.098781203754639,-0.0204193959732459,0.9948996542631184
2025-09-10 11:26:53.960000000,-0.0983746794406735,-0.0155278812005864,0.9950282947486294
2025-09-10 11:26:53.969999872,-0.0991077966954912,-0.0145051018959118,0.994970977794405
2025-09-10 11:26:53.980000000,-0.0987113853148445,-0.0123089115812593,0.995039975631587
2025-09-10 11:26:53.990000128,-0.1003575652924267,-0.0156279551052045,0.9948286918398594
2025-09-10 11:26:54.000000000,-0.098158070775199,-0.0153870571432389,0.9950518738307876
2025-09-10 11:26:54.009999872,-0.0959375456621244,-0.0122677841445477,0.9953117545796948
2025-09-10 11:26:54.020000000,-0.0947992261084163,-0.0143445212694597,0.9953930587656292
2025-09-10 11:26:54.030000128,-0.0980774589682742,-0.009025026368639,0.9951378602693056
2025-09-10 11:26:54.040000000,-0.0996231032787154,-0.0088194622562904,0.9949861578829268
2025-09-10 11:26:54.049999872,-0.0943681903298767,-0.012483376853627,0.9954590950693024
2025-09-10 11:26:54.060000000,-0.0910686974798244,-0.013465368233997,0.995753572023546
2025-09-10 11:26:54.070000128,-0.0901640457278025,-0.0136763629011062,0.99583301911304
2025-09-10 11:26:54.080000000,-0.0923943083337461,-0.0088247931314759,0.995683390849579
2025-09-10 11:26:54.089999872,-0.0913014321635554,-0.0104461725773175,0.9957685102288428
2025-09-10 11:26:54.100000000,-0.0913455676802829,-0.0091506725378031,0.9957772102520086
2025-09-10 11:26:54.110000128,-0.089855370763596,-0.007997495128075,0.995922714078062
2025-09-10 11:26:54.120000000,-0.0884880764926226,-0.0061782324117008,0.996058075497058
2025-09-10 11:26:54.129999872,-0.088527951553604,-0.0046016337632604,0.9960630636462892
2025-09-10 11:26:54.140000000,-0.0864462004650106,-0.004397395867857,0.9962468154703156
2025-09-10 11:26:54.150000128,-0.0852809520296793,-0.0100141665853284,0.9963066173063958
2025-09-10 11:26:54.160000000,-0.0841847763868223,-0.0110790557802049,0.9963885677524204
2025-09-10 11:26:54.169999872,-0.0799029743679787,-0.0139972327529619,0.9967043654777528
2025-09-10 11:26:54.180000000,-0.0771500845575528,-0.0154003802639936,0.996900543053562
2025-09-10 11:26:54.190000128,-0.0784377294498612,-0.0169755850443749,0.996774474046738
2025-09-10 11:26:54.200000000,-0.0804030892593225,-0.0136569345589665,0.9966688674660252
2025-09-10 11:26:54.209999872,-0.0778156174131532,-0.0098735866505174,0.9969188743189008
2025-09-10 11:26:54.220000000,-0.0764839023392069,-0.0097127236766303,0.9970235080888254
2025-09-10 11:26:54.230000128,-0.0775911777961629,-0.0078207603346613,0.996954585142168
2025-09-10 11:26:54.240000000,-0.0759963641369274,-0.0059855843602481,0.9970901290343988
2025-09-10 11:26:54.249999872,-0.0767795771613929,-0.0062898454078352,0.997028251543387
2025-09-10 11:26:54.260000000,-0.07599825213569,-0.0082190348641186,0.9970740760536412
2025-09-10 11:26:54.270000128,-0.0773406314194353,-0.0107645716571532,0.9969466137806384
2025-09-10 11:26:54.280000000,-0.0767705572588748,-0.0088006131094214,0.9970099451595557
2025-09-10 11:26:54.289999872,-0.0708409085992033,-0.0048602557096985,0.9974757859633866
2025-09-10 11:26:54.300000000,-0.0721284328800519,-0.0040769902955211,0.997387019827508
2025-09-10 11:26:54.310000128,-0.0716829474718914,-0.0027195320162771,0.9974237610902172
2025-09-10 11:26:54.320000000,-0.0738897406146302,-0.0025810667166,0.997263076788922
2025-09-10 11:26:54.329999872,-0.0725731815109062,-0.0003781451613536,0.997363018329646
2025-09-10 11:26:54.340000000,-0.0707660031285716,-0.0078013707660365,0.9974624360923964
2025-09-10 11:26:54.350000128,-0.0702064630956037,-0.011899632866696,0.9974615036567794
2025-09-10 11:26:54.360000000,-0.0691719570964606,-0.0132984443674511,0.9975161110121736
2025-09-10 11:26:54.369999872,-0.0664510888657546,-0.0156470108180537,0.9976669904537364
2025-09-10 11:26:54.380000000,-0.0665299607501427,-0.0139077139258279,0.9976874960707596
2025-09-10 11:26:54.390000128,-0.0671281870585454,-0.0140290021521266,0.9976457254962048
2025-09-10 11:26:54.400000000,-0.0647219442184042,-0.0160154764973548,0.9977748114926296
2025-09-10 11:26:54.409999872,-0.0670756035340528,-0.0186482836087532,0.9975736087773124
2025-09-10 11:26:54.420000000,-0.0641599197301719,-0.0174313676994937,0.9977873782125845
2025-09-10 11:26:54.430000128,-0.0632215415218141,-0.0147451567133108,0.9978905837019936
2025-09-10 11:26:54.440000000,-0.0656096726523304,-0.0169598007442873,0.9977012258252308
2025-09-10 11:26:54.449999872,-0.0687583860188962,-0.0167991303848905,0.9974918914810224
2025-09-10 11:26:54.460000000,-0.0663892200458912,-0.0140403891584622,0.9976950129844177
2025-09-10 11:26:54.470000128,-0.0662517892839861,-0.0161289605187426,0.997672570059564
2025-09-10 11:26:54.480000000,-0.0685320923194867,-0.0131514041625,0.9975622250721344
2025-09-10 11:26:54.489999872,-0.0654107450548893,-0.0141145943539541,0.9977585943792155
2025-09-10 11:26:54.500000000,-0.0641271936225586,-0.0173614009867141,0.9977907018978848
2025-09-10 11:26:54.510000128,-0.0664103531819021,-0.0157729514260744,0.9976677197311568
2025-09-10 11:26:54.520000000,-0.0661347029684491,-0.0131222442763588,0.9977244147400758
2025-09-10 11:26:54.529999872,-0.0634557944316046,-0.0148156818603529,0.9978746703489708
2025-09-10 11:26:54.540000000,-0.064995326892403,-0.0138199501507337,0.9977898658835842
2025-09-10 11:26:54.550000128,-0.0654269860365452,-0.0153400752205095,0.9977394407310974
2025-09-10 11:26:54.560000000,-0.0624139864819598,-0.0106477461656785,0.997993546969629
2025-09-10 11:26:54.570000128,-0.0622571790791243,-0.0156283632678851,0.9979377725663444
2025-09-10 11:26:54.580000000,-0.0512317934731699,-0.0141159814803867,0.998587022950112
2025-09-10 11:26:54.590000128,-0.0339239378260596,-0.0040935027411241,0.9994160343308898
2025-09-10 11:26:54.600000000,-0.0334066039401159,-0.0050547327376478,0.999429061259547
2025-09-10 11:26:54.609999872,-0.0313348726992003,-0.0052527713082634,0.999495139631258
2025-09-10 11:26:54.620000000,-0.0298963787739452,-0.0058769593661367,0.999535726167311
2025-09-10 11:26:54.630000128,-0.0275774622279028,-0.0047697463831572,0.999608289829826
2025-09-10 11:26:54.640000000,-0.029898428107911,-0.0024099472787968,0.999550036841973
2025-09-10 11:26:54.649999872,-0.0341154743339194,-0.0067910204245985,0.9993948251079572
2025-09-10 11:26:54.660000000,-0.0372825216747485,-0.0117581292507849,0.9992355878240596
2025-09-10 11:26:54.670000128,-0.0382808120827315,-0.0083320468692386,0.999232283516328
2025-09-10 11:26:54.680000000,-0.0352444467383951,-0.0052094497141597,0.9993651437826816
2025-09-10 11:26:54.689999872,-0.0324546641967394,-0.0064429909186777,0.9994524414097444
2025-09-10 11:26:54.700000000,-0.0309531504274773,-0.0063268598469997,0.9995008120672492
2025-09-10 11:26:54.710000128,-0.0293642086743867,-0.0053002264018362,0.9995547262901698
2025-09-10 11:26:54.720000000,-0.0275063056773874,-0.0033157415474619,0.9996161308252146
2025-09-10 11:26:54.729999872,-0.0263726895049077,-0.0140639396444288,0.9995532436293504
2025-09-10 11:26:54.740000000,-0.028402542174804,-0.0142707242622207,0.999494693346113
2025-09-10 11:26:54.750000128,-0.0292617816994839,-0.0102343705878506,0.999519387400986
2025-09-10 11:26:54.760000000,-0.0279962965728209,-0.0043379721915207,0.9995986141324288
2025-09-10 11:26:54.769999872,-0.0281310670029327,-0.0059555920865414,0.9995865015055851
2025-09-10 11:26:54.780000000,-0.0258079700468291,-0.0124906645499769,0.9995888814813628
2025-09-10 11:26:54.790000128,-0.0231714205648692,-0.0145444456668029,0.99962570213518
2025-09-10 11:26:54.800000000,-0.0102238838035693,-0.0210691255209171,0.9997257444668288
2025-09-10 11:26:54.809999872,-0.0048321078132867,-0.0216069398064959,0.9997548653976532
2025-09-10 11:26:54.820000000,-0.0057785344591649,-0.0228682373349554,0.999721787429231
2025-09-10 11:26:54.830000128,-0.0020587459260058,-0.0256027777805809,0.9996700752423924
2025-09-10 11:26:54.840000000,-0.0033426057018847,-0.0243776635432008,0.9996972324195442
2025-09-10 11:26:54.850000128,-0.0037936114237811,-0.0261790518544037,0.9996500716532613
2025-09-10 11:26:54.860000000,-0.0053305116120732,-0.0255948791185596,0.999658185485849
2025-09-10 11:26:54.870000128,-0.0061519178163607,-0.0254710196596281,0.9996566315814044
2025-09-10 11:26:54.880000000,-0.0050923996905731,-0.0304915563443555,0.9995220520114052
2025-09-10 11:26:54.889999872,-0.0081383352702086,-0.0287729221940535,0.9995528432491424
2025-09-10 11:26:54.900000000,-0.0080992803651279,-0.0240303973905118,0.99967841912228
2025-09-10 11:26:54.910000128,-0.008607138582192,-0.0258249550319449,0.999629425768882
2025-09-10 11:26:54.920000000,-0.0082331878011752,-0.0265486865218973,0.9996136162851088
2025-09-10 11:26:54.929999872,-0.0093161609123058,-0.0225550645161911,0.9997021947612832
2025-09-10 11:26:54.940000000,-0.0101704824817917,-0.0267932898703958,0.9995892560967272
2025-09-10 11:26:54.950000128,-0.0102321810024335,-0.0263224748116118,0.999601135349358
2025-09-10 11:26:54.960000000,-0.0103340307667463,-0.0234416491391822,0.9996717945874772
2025-09-10 11:26:54.969999872,-0.0120136825712417,-0.0270653329180983,0.999561473439783
2025-09-10 11:26:54.980000000,-0.0114810335746885,-0.0263262745924672,0.9995874714771784
2025-09-10 11:26:54.990000128,-0.0132744463383493,-0.0256803084056341,0.9995820680837576
2025-09-10 11:26:55.000000000,0.0015821393143522,-0.0282636119378875,0.999599252238323
2025-09-10 11:26:55.009999872,0.033057064799023,-0.0333254439347771,0.9988977151107232
2025-09-10 11:26:55.020000000,0.0460797186657878,-0.0223568865795422,0.9986875533169276
2025-09-10 11:26:55.030000128,0.0418851906015698,-0.0315115010665262,0.9986253832688236
2025-09-10 11:26:55.040000000,0.0400907034644668,-0.0367988913581762,0.9985181906658154
2025-09-10 11:26:55.049999872,0.0396687436613814,-0.0339614539979503,0.998635574380701
2025-09-10 11:26:55.060000000,0.0383871960585667,-0.0363565259822833,0.9986013349666928
2025-09-10 11:26:55.070000128,0.0397812985597758,-0.0396288673826559,0.9984222559392724
2025-09-10 11:26:55.080000000,0.0400950609722132,-0.0372923280094806,0.998499708741704
2025-09-10 11:26:55.089999872,0.0386260247517825,-0.0351859865320973,0.9986340553794656
2025-09-10 11:26:55.100000000,0.0385996088757092,-0.0354451628900014,0.998625911251227
2025-09-10 11:26:55.110000128,0.0430498699235048,-0.0363865117834832,0.9984101013410268
2025-09-10 11:26:55.120000000,0.0429058096264504,-0.0393090532890159,0.9983055092654852
2025-09-10 11:26:55.129999872,0.0410357130754129,-0.0372541363844301,0.998462918477518
2025-09-10 11:26:55.140000000,0.040528446601023,-0.0388497348440287,0.9984228278232908
2025-09-10 11:26:55.150000128,0.0418285940505409,-0.0407540883316589,0.9982932800555208
2025-09-10 11:26:55.160000000,0.0395374671300994,-0.0417600829016108,0.9983450726922966
2025-09-10 11:26:55.169999872,0.0383811559739079,-0.0410634781301277,0.998419089175464
2025-09-10 11:26:55.180000000,0.0385426817676208,-0.0386738498389708,0.9985082849034316
2025-09-10 11:26:55.190000128,0.0385264414715097,-0.0361773142476483,0.9986024810911344
2025-09-10 11:26:55.200000000,0.0346791571356078,-0.0368886133943053,0.9987174706903896
2025-09-10 11:26:55.209999872,0.0355184805223473,-0.0358076178127528,0.9987273161619038
2025-09-10 11:26:55.220000000,0.0391403475762514,-0.0342552990476679,0.9986463877062618
2025-09-10 11:26:55.230000128,0.0355165565714695,-0.0393059903354558,0.9985958208069244
2025-09-10 11:26:55.240000000,0.0341258293976928,-0.0393925422371739,0.998640904121202
2025-09-10 11:26:55.249999872,0.0346958171887227,-0.0412906415740884,0.998544582473916
2025-09-10 11:26:55.260000000,0.0361298597602357,-0.0423373057858507,0.99844989146802
2025-09-10 11:26:55.270000128,0.0305508375786286,-0.0430811473924945,0.9986043566210748
2025-09-10 11:26:55.280000000,0.0261212322403295,-0.0386900138562289,0.998909787745646
2025-09-10 11:26:55.289999872,0.0223239673253283,-0.0339774356874684,0.9991732454119064
2025-09-10 11:26:55.300000000,0.0208578048300943,-0.0359097843000104,0.9991373476000166
2025-09-10 11:26:55.310000128,0.0215190893815756,-0.036621648567789,0.9990974845571204
2025-09-10 11:26:55.320000000,0.0194353192253022,-0.0356303307203952,0.9991760344901024
2025-09-10 11:26:55.329999872,0.0214178993991972,-0.0390036525463842,0.9990095037953176
2025-09-10 11:26:55.340000000,0.0212679062048287,-0.0383100553922545,0.9990395466754582
2025-09-10 11:26:55.350000128,0.0218729170577885,-0.0371927703343003,0.99906870301008
2025-09-10 11:26:55.360000000,0.0220781108399716,-0.0383789447027911,0.9990193259518246
2025-09-10 11:26:55.369999872,0.0244522741159676,-0.0391432247761418,0.9989343793486548
2025-09-10 11:26:55.380000000,0.0225375798696363,-0.0377438640439558,0.9990332618189702
2025-09-10 11:26:55.390000128,0.0225451835241009,-0.0398116420661269,0.9989528256408624
2025-09-10 11:26:55.400000000,0.0239002616623002,-0.0382310861106861,0.9989830636939102
2025-09-10 11:26:55.409999872,0.0242868753008161,-0.0359937478897681,0.9990568541384272
2025-09-10 11:26:55.420000000,0.0234976376845583,-0.0376628761931659,0.999014198487741
2025-09-10 11:26:55.430000128,0.0247000692223277,-0.0342965073412089,0.9991064288476011
2025-09-10 11:26:55.440000000,0.0242035662269053,-0.0358539301685623,0.99906390339826
2025-09-10 11:26:55.449999872,0.024494039978243,-0.0373165692932765,0.9990032610866316
2025-09-10 11:26:55.460000000,0.0217407887517671,-0.035830249285521,0.999121379683464
2025-09-10 11:26:55.470000128,0.0386759377984435,-0.0399533633606176,0.9984527533096322
2025-09-10 11:26:55.480000000,0.0649159507097155,-0.0390730744047809,0.997125475654901
2025-09-10 11:26:55.489999872,0.0662231598652669,-0.0386619755671047,0.9970555374414748
2025-09-10 11:26:55.500000000,0.0670762511334164,-0.0379903240363631,0.9970243285965992
2025-09-10 11:26:55.510000128,0.0650441895893536,-0.0364147546652314,0.9972177390336252
2025-09-10 11:26:55.520000000,0.0639228149554716,-0.0390115996916504,0.9971920420950356
2025-09-10 11:26:55.529999872,0.0617769830875346,-0.0365489071154479,0.9974205641299304
2025-09-10 11:26:55.540000000,0.0635851062920302,-0.0370975939004916,0.9972866703133184
2025-09-10 11:26:55.550000128,0.0663208528453027,-0.0376733700103107,0.9970868877234011
2025-09-10 11:26:55.560000000,0.065393828161587,-0.0385210168229959,0.9971157297431906
2025-09-10 11:26:55.570000128,0.0618902619728646,-0.034038725448502,0.9975023612216524
2025-09-10 11:26:55.580000000,0.0618889626328907,-0.0363725835293762,0.9974200677105024
2025-09-10 11:26:55.590000128,0.0637353029748933,-0.038569949151376,0.99722122429136
2025-09-10 11:26:55.600000000,0.0625931391265279,-0.0350405504787162,0.9974238110033444
2025-09-10 11:26:55.609999872,0.0627166269699879,-0.0349006605490627,0.9974209585700244
2025-09-10 11:26:55.620000000,0.0644339352811469,-0.0368483398137254,0.997241429061768
2025-09-10 11:26:55.630000128,0.064545986628225,-0.0360249122261892,0.9972642685413352
2025-09-10 11:26:55.640000000,0.0633430379275494,-0.0340868637701447,0.9974095173319858
2025-09-10 11:26:55.649999872,0.0632360164483175,-0.0364148233291904,0.9973340297340966
2025-09-10 11:26:55.660000000,0.0621677655116418,-0.0372996097748516,0.9973684916027444
2025-09-10 11:26:55.670000128,0.0627187106786352,-0.0320794335840619,0.9975155503909378
2025-09-10 11:26:55.680000000,0.0617527872665233,-0.0368123156743766,0.9974123754393192
2025-09-10 11:26:55.689999872,0.0641643017378213,-0.0362424224853805,0.9972810181663389
2025-09-10 11:26:55.700000000,0.0652417347904861,-0.0335465518475675,0.9973054421292736
2025-09-10 11:26:55.710000128,0.065010415174439,-0.0324944052887858,0.9973553827717456
2025-09-10 11:26:55.720000000,0.0706266369179598,-0.0359941010921475,0.9968532002477732
2025-09-10 11:26:55.729999872,0.0794806000610065,-0.0456545501750958,0.995790387713324
2025-09-10 11:26:55.740000000,0.0918109759168578,-0.0486038888989701,0.9945895669496492
2025-09-10 11:26:55.750000128,0.0983596157217541,-0.0434086692108814,0.9942037383918898
2025-09-10 11:26:55.760000000,0.0993291376055218,-0.0437024959876029,0.9940944694881856
2025-09-10 11:26:55.769999872,0.1005135771542431,-0.0489523689516858,0.993730691073631
2025-09-10 11:26:55.780000000,0.0987408043719155,-0.0488394235547024,0.9939139622013728
2025-09-10 11:26:55.790000128,0.0994778477714908,-0.0468635089049203,0.9939355961710348
2025-09-10 11:26:55.800000000,0.099549450241596,-0.0455512540204756,0.9939894316408792
2025-09-10 11:26:55.809999872,0.1021946410163786,-0.0477749622674723,0.9936165298181564
2025-09-10 11:26:55.820000000,0.1045913978659323,-0.0485792143351254,0.9933280925389316
2025-09-10 11:26:55.830000128,0.1032414131613771,-0.0469196144773362,0.993549072963052
2025-09-10 11:26:55.840000000,0.1039947051009696,-0.0510793112609578,0.9932653247104062
2025-09-10 11:26:55.850000128,0.1019679499255204,-0.0473849203421776,0.9936584959190716
2025-09-10 11:26:55.860000000,0.1011767945921532,-0.052642373269763,0.9934747288042028
2025-09-10 11:26:55.870000128,0.0999443848118126,-0.0503899640873817,0.993716242930476
2025-09-10 11:26:55.880000000,0.1008272941579631,-0.0491411032467856,0.993689593748708
2025-09-10 11:26:55.889999872,0.1012220928433385,-0.0506935381305506,0.993571463515444
2025-09-10 11:26:55.900000000,0.100804502231938,-0.0515568494613691,0.9935694961115648
2025-09-10 11:26:55.910000128,0.0999466057751776,-0.0525818313774208,0.9936024491732184
2025-09-10 11:26:55.920000000,0.1009939582408279,-0.0523956219328566,0.9935063760243912
2025-09-10 11:26:55.929999872,0.1058059925198732,-0.0538331247711791,0.9929285405426996
2025-09-10 11:26:55.940000000,0.1048380789814854,-0.0521702695047466,0.9931199525612572
2025-09-10 11:26:55.950000128,0.1041310594418611,-0.0472476373992715,0.993440679265603
2025-09-10 11:26:55.960000000,0.1032286592431757,-0.0490429386944906,0.9934478517139512
2025-09-10 11:26:55.969999872,0.1078775503717225,-0.0512057213468284,0.992844604269544
2025-09-10 11:26:55.980000000,0.1265850771537806,-0.0477572132876074,0.9908054636612444
2025-09-10 11:26:55.990000128,0.1411032224746203,-0.0430940272871596,0.9890565127531648
2025-09-10 11:26:56.000000000,0.1475494180825944,-0.0451436439253996,0.9880238967943156
2025-09-10 11:26:56.009999872,0.1486270290268149,-0.0428854905410865,0.9879629754923576
2025-09-10 11:26:56.020000000,0.1464299829965666,-0.0403832115377281,0.988396406461256
2025-09-10 11:26:56.030000128,0.1444594506136044,-0.0389641687841614,0.9887432733927322
2025-09-10 11:26:56.040000000,0.1456344687000442,-0.0387729114330069,0.9885784050167512
2025-09-10 11:26:56.049999872,0.1462624359239714,-0.0373136865812166,0.9885418497116372
2025-09-10 11:26:56.060000000,0.145198096953604,-0.0349206947850005,0.9887861536837904
2025-09-10 11:26:56.070000128,0.1431255101998653,-0.038815964161825,0.9889430768533728
2025-09-10 11:26:56.080000000,0.14414230382068,-0.0400516164703369,0.9887461070807712
2025-09-10 11:26:56.089999872,0.1473564783322201,-0.0386752612203781,0.988327016965064
2025-09-10 11:26:56.100000000,0.1468381102008609,-0.0389298698651292,0.988394169663563
2025-09-10 11:26:56.110000128,0.1462195457264656,-0.0417085171387145,0.9883725229110912
2025-09-10 11:26:56.120000000,0.1443896145541702,-0.041853635459129,0.9886353788974744
2025-09-10 11:26:56.129999872,0.144793021088598,-0.0420214647255234,0.9885692578400151
2025-09-10 11:26:56.140000000,0.1439761762565795,-0.0425245123552939,0.9886670453289516
2025-09-10 11:26:56.150000128,0.1438390972913212,-0.0418334442512213,0.9887164795999396
2025-09-10 11:26:56.160000000,0.1423448070049089,-0.0423796178659431,0.988909461936871
2025-09-10 11:26:56.169999872,0.1428475711237723,-0.0413430936669833,0.9888808421797248
2025-09-10 11:26:56.180000000,0.142669847993645,-0.0429741671019196,0.9888369609978008
2025-09-10 11:26:56.190000128,0.1419969514451948,-0.0470846496608958,0.9887466316233812
2025-09-10 11:26:56.200000000,0.1541715803121453,-0.0393265509326928,0.9872611337512452
2025-09-10 11:26:56.209999872,0.1868088452639587,-0.0378728412360828,0.9816659835340394
2025-09-10 11:26:56.220000000,0.1970275191942017,-0.0475962090687478,0.9792419300471475
2025-09-10 11:26:56.230000128,0.1996479019213584,-0.0492016768558879,0.9786316519778872
2025-09-10 11:26:56.240000000,0.1999342031046702,-0.0483327499381859,0.9786165028816514
2025-09-10 11:26:56.249999872,0.2000693595497586,-0.0450589587086317,0.9787450851010406
2025-09-10 11:26:56.260000000,0.1952959727908564,-0.0439877590176911,0.979757398577972
2025-09-10 11:26:56.270000128,0.1925548160308546,-0.0421252105406012,0.9803816141994064
2025-09-10 11:26:56.280000000,0.1923949472211956,-0.0408736074555061,0.9804659772257917
2025-09-10 11:26:56.289999872,0.1888313946454383,-0.0362541840366984,0.9813400728269952
2025-09-10 11:26:56.300000000,0.1886525578693902,-0.0370778424690295,0.9813436941292172
2025-09-10 11:26:56.310000128,0.1934895855873665,-0.0414160397494775,0.9802277755301056
2025-09-10 11:26:56.320000000,0.1880155936591366,-0.0381995419745284,0.9814229116613994
2025-09-10 11:26:56.329999872,0.1903058957764993,-0.0371798413276289,0.9810205530117893
2025-09-10 11:26:56.340000000,0.1896332673991591,-0.0377308523523882,0.9811297603662226
2025-09-10 11:26:56.350000128,0.1902891180353956,-0.0398480240846785,0.9809190519782244
2025-09-10 11:26:56.360000000,0.1892185296746518,-0.0391112141027292,0.9811557781306562
2025-09-10 11:26:56.369999872,0.187272467427682,-0.0369809913309117,0.9816116488834732
2025-09-10 11:26:56.380000000,0.1910483941128357,-0.038272176239621,0.9808342121035492
2025-09-10 11:26:56.390000128,0.1911732366356964,-0.0367165920370185,0.9808693518830216
2025-09-10 11:26:56.400000000,0.1918854678886498,-0.037015308140139,0.9807190393667518
2025-09-10 11:26:56.409999872,0.1901042038885533,-0.0350447954876064,0.9811382440681494
2025-09-10 11:26:56.420000000,0.189032637039563,-0.0383003476608554,0.981223596079368
2025-09-10 11:26:56.430000128,0.1879807317199067,-0.0397067410109645,0.9813697668159218
2025-09-10 11:26:56.440000000,0.1861514315526049,-0.0410511014726816,0.9816631049391618
2025-09-10 11:26:56.449999872,0.1844029005225136,-0.0469942482372716,0.9817265968239314
2025-09-10 11:26:56.460000000,0.1840606873839961,-0.0413529918806154,0.9820445984894232
2025-09-10 11:26:56.470000128,0.184259304254896,-0.0407062760734916,0.9820343720480106
2025-09-10 11:26:56.480000000,0.1846202478586663,-0.040247608343596,0.9819854856886762
2025-09-10 11:26:56.489999872,0.1863135091792052,-0.0382509332233868,0.9817454570329676
2025-09-10 11:26:56.500000000,0.1987573588220584,-0.043159474430087,0.9790979379413473
2025-09-10 11:26:56.510000128,0.2108632971696657,-0.0436266410926982,0.976541543455119
2025-09-10 11:26:56.520000000,0.2158870765457994,-0.0418894742896396,0.9755193704505544
2025-09-10 11:26:56.529999872,0.2164111976142118,-0.0399008266877222,0.975486605534294
2025-09-10 11:26:56.540000000,0.2177456500021172,-0.0409222029427079,0.975147273601004
2025-09-10 11:26:56.550000128,0.2169540748731654,-0.0428017084806618,0.9752430174818304
2025-09-10 11:26:56.560000000,0.2138613352689503,-0.0376707730794416,0.97613740945247
2025-09-10 11:26:56.570000128,0.212694078660907,-0.0352347110696597,0.9764833557406012
2025-09-10 11:26:56.580000000,0.2114974538505396,-0.0367106759246854,0.9766888723067813
2025-09-10 11:26:56.590000128,0.2118533980854859,-0.0412832482779339,0.9764291224309398
2025-09-10 11:26:56.600000000,0.2113962918182815,-0.0425678477640022,0.976473034006685
2025-09-10 11:26:56.609999872,0.208834265201869,-0.0420311807444332,0.9770474039281944
2025-09-10 11:26:56.620000000,0.208382829213486,-0.0411127959982173,0.9771828562220032
2025-09-10 11:26:56.630000128,0.206511670629417,-0.0384533398265416,0.9776882276830544
2025-09-10 11:26:56.640000000,0.2040343585547095,-0.0426467248913126,0.978034374337228
2025-09-10 11:26:56.649999872,0.2038919426080785,-0.0421213279858231,0.9780868414758552
2025-09-10 11:26:56.660000000,0.2041940843479683,-0.0429734663271086,0.9779867366734212
2025-09-10 11:26:56.670000128,0.2257897594418996,-0.0464988467503476,0.97306569242886
2025-09-10 11:26:56.680000000,0.2391301736586734,-0.0467221767588491,0.9698627728936128
2025-09-10 11:26:56.689999872,0.2385882590276228,-0.0489388031833295,0.969886919283455
2025-09-10 11:26:56.700000000,0.2401247663933391,-0.0509932210448092,0.9694017680879377
2025-09-10 11:26:56.710000128,0.2405174398398909,-0.0539807734444545,0.9691426299731136
2025-09-10 11:26:56.720000000,0.2425933129552229,-0.0443320019019462,0.969114625891476
2025-09-10 11:26:56.729999872,0.2403101747512282,-0.0420154301861958,0.9697864319206076
2025-09-10 11:26:56.740000000,0.2375079148144367,-0.0459976978396561,0.970295935369179
2025-09-10 11:26:56.750000128,0.2395400942004565,-0.0516071738997807,0.9695139209276544
2025-09-10 11:26:56.760000000,0.2375340783122096,-0.0501342081521368,0.9700845956994304
2025-09-10 11:26:56.769999872,0.2352297617131752,-0.0480748596326119,0.9707501053698976
2025-09-10 11:26:56.780000000,0.2350365761639112,-0.048602636960042,0.9707706173683236
2025-09-10 11:26:56.790000128,0.2338687283586806,-0.0485814796977441,0.9710536842658448
2025-09-10 11:26:56.800000000,0.2361212421833602,-0.0494539172064858,0.9704643574406642
2025-09-10 11:26:56.809999872,0.235685203541057,-0.0517585210202071,0.9704501740602716
2025-09-10 11:26:56.820000000,0.2348239732701324,-0.0498754372185421,0.9707575095459668
2025-09-10 11:26:56.830000128,0.2324223466772773,-0.0470251724064395,0.9714774757683124
2025-09-10 11:26:56.840000000,0.2314486522958722,-0.0490820462113012,0.9716081895960614
2025-09-10 11:26:56.850000128,0.2275823259015523,-0.0539721906557737,0.9722619439086654
2025-09-10 11:26:56.860000000,0.2289344712812202,-0.0559836588349862,0.9718306631315128
2025-09-10 11:26:56.870000128,0.2279728473509315,-0.0567306955882519,0.9720133790482424
2025-09-10 11:26:56.880000000,0.2259422156286093,-0.0535232165116039,0.972669204041686
2025-09-10 11:26:56.889999872,0.2240797575691147,-0.0491842626412118,0.9733289118053604
2025-09-10 11:26:56.900000000,0.2242567713628807,-0.0484920374005977,0.9733228769563756
2025-09-10 11:26:56.910000128,0.2268319460114567,-0.0495286072556775,0.9726737301541398
2025-09-10 11:26:56.920000000,0.2280596181897387,-0.050468877552579,0.9723382657026995
2025-09-10 11:26:56.929999872,0.228765037915673,-0.0492286965375365,0.9722361301991692
2025-09-10 11:26:56.940000000,0.2279317346714055,-0.0441325226736119,0.972676433749758
2025-09-10 11:26:56.950000128,0.2272033250615337,-0.0468443252040176,0.9727200307782108
2025-09-10 11:26:56.960000000,0.227461211125846,-0.0452817041267189,0.9727337583864064
2025-09-10 11:26:56.969999872,0.226805506969839,-0.0455368730059314,0.9728749432506708
2025-09-10 11:26:56.980000000,0.227493014561064,-0.047344628905315,0.9726280966740256
2025-09-10 11:26:56.990000128,0.2279574847756475,-0.0513082814050949,0.9723182839965604
2025-09-10 11:26:57.000000000,0.2279671783367495,-0.0519003291249242,0.9722845887073932
2025-09-10 11:26:57.009999872,0.2274352763215948,-0.0493810813886394,0.9725403353513974
2025-09-10 11:26:57.020000000,0.2259450215577093,-0.0493618202257543,0.9728886153806544
2025-09-10 11:26:57.030000128,0.2248558506781961,-0.0476900955827831,0.97322428103654
2025-09-10 11:26:57.040000000,0.2270659929074414,-0.053348120309799,0.9724170982270772
2025-09-10 11:26:57.049999872,0.2281600553929696,-0.0559186608891482,0.9720165083410064
2025-09-10 11:26:57.060000000,0.2274984888752627,-0.055620273733493,0.9721886764971516
2025-09-10 11:26:57.070000128,0.2260628579553118,-0.0551815869199544,0.972548495818112
2025-09-10 11:26:57.080000000,0.2263028762678718,-0.0553566915637855,0.9724827221560288
2025-09-10 11:26:57.089999872,0.2276136445189248,-0.0572718527069766,0.9720658227282364
2025-09-10 11:26:57.100000000,0.2276020428676936,-0.0595072788934522,0.9719342538675902
2025-09-10 11:26:57.110000128,0.2286390405083426,-0.0548510936112474,0.9719647867515956
2025-09-10 11:26:57.120000000,0.2290910427385134,-0.0580640504899841,0.9716716833260488
2025-09-10 11:26:57.129999872,0.2326237376043242,-0.0590088522436113,0.9707750264916616
2025-09-10 11:26:57.140000000,0.2285841824371075,-0.0557152001621416,0.9719285405884796
2025-09-10 11:26:57.150000128,0.2246201601262815,-0.047791203219918,0.9732737459521016
2025-09-10 11:26:57.160000000,0.2281846954768694,-0.0473937460949037,0.972463663887356
2025-09-10 11:26:57.169999872,0.2281910698813022,-0.0504449428527653,0.9723086667139236
2025-09-10 11:26:57.180000000,0.2333254936080296,-0.0528988196433819,0.9709587678747776
2025-09-10 11:26:57.190000128,0.224617092029261,-0.0528667718278431,0.973011955941355
2025-09-10 11:26:57.200000000,0.1540256957135633,-0.0599838880432736,0.9862444008637844
2025-09-10 11:26:57.209999872,0.095292172391805,-0.0734574863948656,0.9927353119403978
2025-09-10 11:26:57.220000000,0.0204983057876483,-0.0236332007507397,0.9995105258485832
2025-09-10 11:26:57.230000128,-0.1135792336518759,-0.2016547711002927,0.9728489661687169
2025-09-10 11:26:57.240000000,-0.122259567143836,-0.2867999616236522,0.9501570292612024
2025-09-10 11:26:57.249999872,-0.1233542935030098,-0.2550136415466401,0.9590368923558128
2025-09-10 11:26:57.260000000,-0.1021650944972664,-0.1570278807460178,0.9822955452076424
2025-09-10 11:26:57.270000128,-0.0561866807490857,-0.1157587360771734,0.9916869324177948
2025-09-10 11:26:57.280000000,-0.0603124220682314,-0.1103507939187001,0.9920610434977156
2025-09-10 11:26:57.289999872,-0.0854874945071387,-0.0709844799732696,0.9938073716197804
2025-09-10 11:26:57.300000000,-0.09241134589383,-0.0506690728971603,0.9944308865888232
2025-09-10 11:26:57.310000128,-0.1128938251880337,-0.0461370337940938,0.9925353184381382
2025-09-10 11:26:57.320000000,-0.1079798245293624,-0.0450739356891578,0.9931307556490724
2025-09-10 11:26:57.329999872,-0.1056551485480882,-0.0478148753169816,0.9932525999380536
2025-09-10 11:26:57.340000000,-0.1003782903201726,-0.0406841110889503,0.9941171972847572
2025-09-10 11:26:57.350000128,-0.1054892726803787,-0.0330872645382692,0.9938698336677392
2025-09-10 11:26:57.360000000,-0.1067983762011163,-0.0333517427252704,0.9937211722097866
2025-09-10 11:26:57.369999872,-0.1040404802554275,-0.0311797670810576,0.99408420196329
2025-09-10 11:26:57.380000000,-0.1050779626220852,-0.0329854438169071,0.9939167884020238
2025-09-10 11:26:57.390000128,-0.1056125996653379,-0.0323387394148054,0.9938813735677868
2025-09-10 11:26:57.400000000,-0.1085867722032176,-0.0269066252932661,0.9937227714095186
2025-09-10 11:26:57.409999872,-0.1111052053744556,-0.0308635810134269,0.9933292871478864
2025-09-10 11:26:57.420000000,-0.1110658148059231,-0.030602785242181,0.993341761085739
2025-09-10 11:26:57.430000128,-0.1103236097951776,-0.0305246037431247,0.9934268718371204
2025-09-10 11:26:57.440000000,-0.1097009706003367,-0.028665419792076,0.9935512018801488
2025-09-10 11:26:57.449999872,-0.1106364854689625,-0.0291457178111278,0.9934334880687032
2025-09-10 11:26:57.460000000,-0.1102679069566453,-0.0336915679770122,0.9933306936477152
2025-09-10 11:26:57.470000128,-0.1098600177348624,-0.0307945347675729,0.993469915564505
2025-09-10 11:26:57.480000000,-0.1096472829544161,-0.0308407698539672,0.9934919829850308
2025-09-10 11:26:57.489999872,-0.1127151746059362,-0.0324929965240896,0.9930959140941216
2025-09-10 11:26:57.500000000,-0.1122823858653123,-0.0331919663573939,0.9931218249508582
2025-09-10 11:26:57.510000128,-0.1114397017545224,-0.032810091103842,0.9932294250547656
2025-09-10 11:26:57.520000000,-0.110850525907699,-0.0311747894150799,0.9933480223018072
2025-09-10 11:26:57.529999872,-0.1095790659614888,-0.0319565700791472,0.9934642449186504
2025-09-10 11:26:57.540000000,-0.1104446654283624,-0.0350870249398135,0.9932627429634568
2025-09-10 11:26:57.550000128,-0.1098735085226392,-0.0372487441755393,0.9932473726027524
2025-09-10 11:26:57.560000000,-0.1111580386263032,-0.0341942537259407,0.9932142988604622
2025-09-10 11:26:57.570000128,-0.1111141099344724,-0.0339621110686594,0.993227179242106
2025-09-10 11:26:57.580000000,-0.1021201712926454,-0.0365811759599192,0.9940992345739686
2025-09-10 11:26:57.590000128,-0.0875840743086331,-0.0358962213474633,0.9955101663069412
2025-09-10 11:26:57.600000000,-0.0874063018378344,-0.0340724593889193,0.9955898783687108
2025-09-10 11:26:57.609999872,-0.0839457759181008,-0.0387386310403824,0.995717040715195
2025-09-10 11:26:57.620000000,-0.0834053070579273,-0.0404690626016982,0.9956936324626732
2025-09-10 11:26:57.630000128,-0.0820087657984755,-0.0371691543724093,0.9959382592788828
2025-09-10 11:26:57.640000000,-0.0806137608558161,-0.0372726513215026,0.9960482774565432
2025-09-10 11:26:57.649999872,-0.08150403564057,-0.038452801956456,0.9959309585488336
2025-09-10 11:26:57.660000000,-0.083501356768897,-0.0386147715882931,0.9957592193060216
2025-09-10 11:26:57.670000128,-0.0830436054037684,-0.0383079657103868,0.9958093489040336
2025-09-10 11:26:57.680000000,-0.0814728066929809,-0.0405792593110951,0.9958491379136356
2025-09-10 11:26:57.689999872,-0.0822392906455503,-0.0423506430558804,0.9957123691643436
2025-09-10 11:26:57.700000000,-0.079975751150161,-0.0419644213529264,0.995913081834194
2025-09-10 11:26:57.710000128,-0.0770622497692131,-0.0442260375899131,0.9960449122703268
2025-09-10 11:26:57.720000000,-0.076772272934753,-0.0437248477606373,0.9960894316258662
2025-09-10 11:26:57.729999872,-0.0778320611178571,-0.0421682974416764,0.9960742969041096
2025-09-10 11:26:57.740000000,-0.0786214526997943,-0.037670265561021,0.99619256083748
2025-09-10 11:26:57.750000128,-0.0807983567030159,-0.0375409092559176,0.9960232455552084
2025-09-10 11:26:57.760000000,-0.0792572488850397,-0.038827431911741,0.9960977457209278
2025-09-10 11:26:57.769999872,-0.0781191789008412,-0.0363600126817391,0.996280755292223
2025-09-10 11:26:57.780000000,-0.0797815020104499,-0.0416412702086273,0.9959422255092756
2025-09-10 11:26:57.790000128,-0.0827282235198404,-0.0449502197307895,0.9955578932334398
2025-09-10 11:26:57.800000000,-0.0821586395521382,-0.0391125556301856,0.9958514778515004
2025-09-10 11:26:57.809999872,-0.0798273945794396,-0.040664353129645,0.9959789141639528
2025-09-10 11:26:57.820000000,-0.0787750933863924,-0.0434708121125437,0.9959441616658242
2025-09-10 11:26:57.830000128,-0.0815706009696639,-0.0417274345490672,0.9957936825785756
2025-09-10 11:26:57.840000000,-0.0821986910447615,-0.0396465676375089,0.9958270557004828
2025-09-10 11:26:57.850000128,-0.0811413640483583,-0.0400833766179145,0.9958962807236896
2025-09-10 11:26:57.860000000,-0.0808570179630583,-0.0417616077062315,0.9958504459846932
2025-09-10 11:26:57.870000128,-0.0827998139015495,-0.0444406087595809,0.9955748204484416
2025-09-10 11:26:57.880000000,-0.0808970524311164,-0.0480667129108981,0.9955627845685568
2025-09-10 11:26:57.889999872,-0.0801520778950851,-0.0452332190599869,0.9957557935069078
2025-09-10 11:26:57.900000000,-0.0807982017401801,-0.041673684756649,0.9958589029548096
2025-09-10 11:26:57.910000128,-0.0821025190547367,-0.0420743290111303,0.9957353700673336
2025-09-10 11:26:57.920000000,-0.0822590986525449,-0.0404610491124805,0.9957893071295696
2025-09-10 11:26:57.929999872,-0.0820842510221182,-0.0386967521983657,0.9958738560196448
2025-09-10 11:26:57.940000000,-0.083141588536727,-0.0397425315621663,0.9957449509993108
2025-09-10 11:26:57.950000128,-0.084218055933187,-0.0438423283317868,0.9954823802063412
2025-09-10 11:26:57.960000000,-0.083479871977647,-0.0434187931871025,0.9955631167197644
2025-09-10 11:26:57.969999872,-0.0836013488699486,-0.0425840947917812,0.9955889761030352
2025-09-10 11:26:57.980000000,-0.0850169732877829,-0.0430276485063195,0.9954500166844144
2025-09-10 11:26:57.990000128,-0.0847103492218108,-0.0435641192516507,0.9954528237182044
2025-09-10 11:26:58.000000000,-0.0827325387362797,-0.0444478002869303,0.995580092249691
2025-09-10 11:26:58.009999872,-0.0843728900410772,-0.0412315946810327,0.9955808209413114
2025-09-10 11:26:58.020000000,-0.0848507697629407,-0.0369373078492206,0.9957087838115564
2025-09-10 11:26:58.030000128,-0.0863275822455298,-0.0374795415068642,0.9955615664096704
2025-09-10 11:26:58.040000000,-0.0869619807511279,-0.0372114442953404,0.9955164098684136
2025-09-10 11:26:58.049999872,-0.0872310510947902,-0.0377701194997825,0.9954718287314164
2025-09-10 11:26:58.060000000,-0.0806635642009894,-0.0423366316125083,0.995841854429758
2025-09-10 11:26:58.070000128,-0.0618809193202664,-0.0377934209905397,0.9973677401810782
2025-09-10 11:26:58.080000000,-0.051450572554248,-0.0295110465311235,0.998239418534691
2025-09-10 11:26:58.089999872,-0.051850311298635,-0.030973511743415,0.9981744270359342
2025-09-10 11:26:58.100000000,-0.0527880399629439,-0.0329526952963852,0.998061893225853
2025-09-10 11:26:58.110000128,-0.05275995749228,-0.0355861948311427,0.9979729503462772
2025-09-10 11:26:58.120000000,-0.0511481819808366,-0.036233327202273,0.9980335713190756
2025-09-10 11:26:58.129999872,-0.0505510420525881,-0.0356500703745495,0.998084998699854
2025-09-10 11:26:58.140000000,-0.0512852836075492,-0.0382315659748306,0.9979519863442357
2025-09-10 11:26:58.150000128,-0.0511926967939552,-0.0366948589490599,0.9980144263093952
2025-09-10 11:26:58.160000000,-0.0514681929412386,-0.0381478280610931,0.9979457742430622
2025-09-10 11:26:58.169999872,-0.0515411640762412,-0.0331598473031493,0.9981201996415552
2025-09-10 11:26:58.180000000,-0.0500533770761758,-0.03255951829925,0.9982156767008776
2025-09-10 11:26:58.190000128,-0.0514846713259707,-0.0336108617413335,0.9981080295195816
2025-09-10 11:26:58.200000000,-0.0522269510492231,-0.0309610033370396,0.9981551792464266
2025-09-10 11:26:58.209999872,-0.0507516505236163,-0.0298283805209369,0.9982657650568946
2025-09-10 11:26:58.220000000,-0.0475829381566991,-0.0310820793622108,0.998383577759018
2025-09-10 11:26:58.230000128,-0.0462216242948297,-0.034581186137308,0.9983324611635568
2025-09-10 11:26:58.240000000,-0.0456080844162197,-0.0341485574401649,0.9983755699438156
2025-09-10 11:26:58.249999872,-0.0476056208074015,-0.0363334548567431,0.99820518177663
2025-09-10 11:26:58.260000000,-0.0465793975725161,-0.0394468904752108,0.9981354129343464
2025-09-10 11:26:58.270000128,-0.045674355428696,-0.0390479446122209,0.9981929228749992
2025-09-10 11:26:58.280000000,-0.0446351310528774,-0.0416911862704924,0.9981330322473312
2025-09-10 11:26:58.289999872,-0.0460484301740688,-0.0376359810665807,0.998229971002504
2025-09-10 11:26:58.300000000,-0.0475739341258587,-0.0352958368804258,0.9982439204376348
2025-09-10 11:26:58.310000128,-0.0199979357701993,-0.0380814467214008,0.9990745147287744
2025-09-10 11:26:58.320000000,0.0018825873876577,-0.0402716960570232,0.9991869926902665
2025-09-10 11:26:58.329999872,4.304648432589636e-05,-0.0426362217087079,0.9990906619248358
2025-09-10 11:26:58.340000000,-0.0004361709481386,-0.044022064456648,0.9990304637977157
2025-09-10 11:26:58.350000128,-0.0009893521328331,-0.0407566688215008,0.9991686119614308
2025-09-10 11:26:58.360000000,0.0003381758177029,-0.0431637926449401,0.9990679519640396
2025-09-10 11:26:58.369999872,-0.0004352113835018,-0.0454065721566448,0.9989684948966284
2025-09-10 11:26:58.380000000,-0.0023102608044466,-0.0446157871544564,0.999001548663266
2025-09-10 11:26:58.390000128,-0.0010117760764609,-0.047218642193201,0.9988840654143012
2025-09-10 11:26:58.400000000,0.0004450020933386,-0.0453149079119208,0.9989726528259276
2025-09-10 11:26:58.409999872,0.0012603068150331,-0.0438057908695343,0.9990392706560772
2025-09-10 11:26:58.420000000,0.0014392527460649,-0.0429691236236076,0.9990753640074168
2025-09-10 11:26:58.430000128,0.0008949092532571,-0.0444251040286799,0.9990123168757578
2025-09-10 11:26:58.440000000,-0.0005508426968279,-0.0466127010528813,0.998912885427392
2025-09-10 11:26:58.449999872,-0.0019950211482894,-0.043058504920311,0.9990705605935176
2025-09-10 11:26:58.460000000,-0.0038708824004886,-0.0422935946303377,0.9990977270130716
2025-09-10 11:26:58.470000128,-0.0050802726528026,-0.0427823447416443,0.9990714998478238
2025-09-10 11:26:58.480000000,-0.0032904080104265,-0.0419454506060749,0.9991144841251068
2025-09-10 11:26:58.489999872,-0.001017326967881,-0.040987824265299,0.9991591281211604
2025-09-10 11:26:58.500000000,-0.0029769653125737,-0.0442907807302192,0.9990142463547932
2025-09-10 11:26:58.510000128,-0.0036990775947512,-0.0460343969290352,0.9989330063244122
2025-09-10 11:26:58.520000000,-0.0037931982111456,-0.0456249262625476,0.9989514391354908
2025-09-10 11:26:58.529999872,-0.0035345591773967,-0.0449693612735628,0.9989821136727473
2025-09-10 11:26:58.540000000,-0.002331185690399,-0.043811065535872,0.9990371144806826
2025-09-10 11:26:58.550000128,-0.0037063465614705,-0.0440794305692524,0.999021154328504
2025-09-10 11:26:58.560000000,-0.0036212070225756,-0.0385547169132474,0.9992499290284884
2025-09-10 11:26:58.570000128,-0.0049459638183279,-0.0392945757494568,0.9992154291035432
2025-09-10 11:26:58.580000000,-0.0051658947081583,-0.0424548237480781,0.9990850321531116
2025-09-10 11:26:58.590000128,-0.0045023504150929,-0.0455375080347931,0.9989524834559056
2025-09-10 11:26:58.600000000,-0.0069546527106345,-0.0434092271326592,0.9990331685211556
2025-09-10 11:26:58.609999872,-0.0081213239988371,-0.0421821390120715,0.999076929592948
2025-09-10 11:26:58.620000000,-0.0080807337015133,-0.0434446842449225,0.9990231534622732
2025-09-10 11:26:58.630000128,-0.0075800498183544,-0.0438561817023506,0.9990090981423752
2025-09-10 11:26:58.640000000,-0.0079934919259421,-0.0416276075867094,0.99910121928333
2025-09-10 11:26:58.649999872,-0.0054733852654795,-0.0400663415001927,0.9991820306293172
2025-09-10 11:26:58.660000000,-0.0046615082286145,-0.0417437893735889,0.9991174737686096
2025-09-10 11:26:58.670000128,-0.005419427233385,-0.0434394008706339,0.999041364639354
2025-09-10 11:26:58.680000000,-0.0058054474345704,-0.0454496803110608,0.9989497601680012
2025-09-10 11:26:58.689999872,-0.0073864126198784,-0.044312503777575,0.998990411824644
2025-09-10 11:26:58.700000000,-0.0057231273067699,-0.0439522803430571,0.9990172385231778
2025-09-10 11:26:58.710000128,-0.008677100155688,-0.0458471094232621,0.9989107820473356
2025-09-10 11:26:58.720000000,-0.0107011093648076,-0.048593558411167,0.9987613089919448
2025-09-10 11:26:58.729999872,-0.0121052241601885,-0.0457331968029881,0.9988803423124368
2025-09-10 11:26:58.740000000,-0.0097056089419461,-0.0446746364591327,0.9989544424108192
2025-09-10 11:26:58.750000128,-0.0093328116633999,-0.0482354400411392,0.9987923913158796
2025-09-10 11:26:58.760000000,-0.0081473207405045,-0.0469048595067611,0.9988661348345946
2025-09-10 11:26:58.769999872,-0.0060729981962036,-0.0468398242002979,0.9988839519993272
2025-09-10 11:26:58.780000000,-0.0040300670301695,-0.0472127104447019,0.998876728396551
2025-09-10 11:26:58.790000128,0.0115329272518868,-0.0474545670670476,0.9988068159826912
2025-09-10 11:26:58.800000000,0.0365769013899699,-0.05092931933013,0.9980322313018144
2025-09-10 11:26:58.809999872,0.0411443496906737,-0.0503271518110273,0.9978849233649748
2025-09-10 11:26:58.820000000,0.0414990015616543,-0.0476889433142116,0.997999798374208
2025-09-10 11:26:58.830000128,0.0434294623625114,-0.0484661146588321,0.9978802120138368
2025-09-10 11:26:58.840000000,0.0421800224996686,-0.0496775236602794,0.997874235234536
2025-09-10 11:26:58.850000128,0.0419873245834494,-0.0538528308898292,0.9976657442147022
2025-09-10 11:26:58.860000000,0.0439148678130779,-0.0554140018999958,0.9974972545217292
2025-09-10 11:26:58.870000128,0.0456382055801859,-0.0550086917772059,0.9974423281675896
2025-09-10 11:26:58.880000000,0.0458472022963304,-0.0558867942477505,0.9973839282193738
2025-09-10 11:26:58.889999872,0.0474730861155583,-0.0615017457615952,0.9969773524824628
2025-09-10 11:26:58.900000000,0.0489667390595909,-0.0609716508416287,0.996937669194778
2025-09-10 11:26:58.910000128,0.0490531544201486,-0.0624190463741813,0.9968438446874068
2025-09-10 11:26:58.920000000,0.0482872622293098,-0.0612296327686676,0.9969550001767442
2025-09-10 11:26:58.929999872,0.0456691247689981,-0.0595065163450599,0.9971826841433364
2025-09-10 11:26:58.940000000,0.0450675823550489,-0.0606830962696833,0.9971391451787436
2025-09-10 11:26:58.950000128,0.0389801671263956,-0.0627213846828531,0.9972695595847012
2025-09-10 11:26:58.960000000,0.016916679787168,-0.0592100724660934,0.998102195801381
2025-09-10 11:26:58.969999872,0.0052133759200294,-0.0555948954364495,0.998439797039825
2025-09-10 11:26:58.980000000,0.006163100709841,-0.0576058815898587,0.9983203787341496
2025-09-10 11:26:58.990000128,0.0032522370140125,-0.0586384623502128,0.9982739872838556
2025-09-10 11:26:59.000000000,0.0022789723009922,-0.0559865418823274,0.9984289225645008
2025-09-10 11:26:59.009999872,0.0024679000234467,-0.0571192293688114,0.9983643138182512
2025-09-10 11:26:59.020000000,0.0032674312286198,-0.0564274588817444,0.9984013550558288
2025-09-10 11:26:59.030000128,0.0028637432334714,-0.0554373422309858,0.9984580612429634
2025-09-10 11:26:59.040000000,0.0045195483421694,-0.0576211450438778,0.9983282913584164
2025-09-10 11:26:59.049999872,0.0087860073522758,-0.0573655251439987,0.9983145809812451
2025-09-10 11:26:59.060000000,0.0077139405331778,-0.0614527650517559,0.9980801835468652
2025-09-10 11:26:59.070000128,0.004378909063431,-0.0608435508781007,0.9981377096733488
2025-09-10 11:26:59.080000000,0.0048969499403516,-0.0577736785298543,0.9983176959016656
2025-09-10 11:26:59.089999872,0.0075485031591836,-0.0590283202845778,0.9982277683497074
2025-09-10 11:26:59.100000000,0.0100886772079843,-0.057827274658629,0.998275625715538
2025-09-10 11:26:59.110000128,0.0107262759466303,-0.0613398761026583,0.9980593001440482
2025-09-10 11:26:59.120000000,0.0117397889875727,-0.0647191748813627,0.9978344580927254
2025-09-10 11:26:59.129999872,0.010618595736129,-0.0660713420103975,0.9977583992077128
2025-09-10 11:26:59.140000000,0.0092527912292102,-0.0697666595148125,0.9975204253921888
2025-09-10 11:26:59.150000128,0.0117004398775353,-0.0629290314229511,0.9979494159078612
2025-09-10 11:26:59.160000000,0.0124561345066557,-0.0596095731679633,0.9981440494737648
2025-09-10 11:26:59.169999872,0.0294494415677655,-0.0644989224056738,0.9974831424138724
2025-09-10 11:26:59.180000000,0.0504057650823779,-0.0648298496518909,0.9966224708687704
2025-09-10 11:26:59.190000128,0.059911835316806,-0.065514773344118,0.9960513975004708
2025-09-10 11:26:59.200000000,0.0642229344045381,-0.0615983001098564,0.9960326621753156
2025-09-10 11:26:59.209999872,0.063997194743951,-0.0614244757940436,0.996057926447218
2025-09-10 11:26:59.220000000,0.0624371840799663,-0.0654101983065474,0.9959031599516404
2025-09-10 11:26:59.230000128,0.0603672665715507,-0.0661625905205639,0.9959810764980866
2025-09-10 11:26:59.240000000,0.0577089013014944,-0.0653728659973428,0.9961907804742364
2025-09-10 11:26:59.249999872,0.0574495421901935,-0.0645327784210665,0.9962605435383832
2025-09-10 11:26:59.260000000,0.0589990321517255,-0.0639798677167281,0.996205646807982
2025-09-10 11:26:59.270000128,0.0575049981996571,-0.0661514785756853,0.9961511717928702
2025-09-10 11:26:59.280000000,0.0575363537715481,-0.0676593703016782,0.9960480799665524
2025-09-10 11:26:59.289999872,0.061460205081939,-0.0693894956181759,0.9956946023199792
2025-09-10 11:26:59.300000000,0.0620081982785673,-0.0699564071703855,0.9956209541999692
2025-09-10 11:26:59.310000128,0.060265899453792,-0.0673382317547401,0.9959084214460536
2025-09-10 11:26:59.320000000,0.0595890527195367,-0.0672675663219868,0.9959539242942445
2025-09-10 11:26:59.329999872,0.0610228070290953,-0.0717511185505697,0.9955541140535918
2025-09-10 11:26:59.340000000,0.060341900021667,-0.07217297893308,0.99556512404448
2025-09-10 11:26:59.350000128,0.0585832884831807,-0.0721385899635889,0.9956726480869912
2025-09-10 11:26:59.360000000,0.0596481672020489,-0.0717243510786008,0.995639349168056
2025-09-10 11:26:59.369999872,0.0639552641952856,-0.0755770083643415,0.9950868504750768
2025-09-10 11:26:59.380000000,0.0744682486843093,-0.076227883586592,0.99430568222343
2025-09-10 11:26:59.390000128,0.084792802834478,-0.0756577478187327,0.9935220610446808
2025-09-10 11:26:59.400000000,0.0883694229839967,-0.0732701336474573,0.9933893157250884
2025-09-10 11:26:59.409999872,0.0892552645655564,-0.0748079248973332,0.9931954853501336
2025-09-10 11:26:59.420000000,0.0907576287317077,-0.0775494561629577,0.9928489989297602
2025-09-10 11:26:59.430000128,0.0887380911412623,-0.0770955970910214,0.9930668759402782
2025-09-10 11:26:59.440000000,0.0895552249598766,-0.0748450403322584,0.9931656868921964
2025-09-10 11:26:59.449999872,0.0896362683836869,-0.0834783652440036,0.992470000517112
2025-09-10 11:26:59.460000000,0.088873263731357,-0.0890883913666279,0.9920508059154244
2025-09-10 11:26:59.470000128,0.0889535081392993,-0.0845980870337615,0.9924366161422804
2025-09-10 11:26:59.480000000,0.0889749054771132,-0.0846592878399532,0.9924294791962656
2025-09-10 11:26:59.489999872,0.0883952796523949,-0.0873483535486844,0.9922482248245692
2025-09-10 11:26:59.500000000,0.0904905527991183,-0.0855024589967006,0.9922201315028976
2025-09-10 11:26:59.510000128,0.0901677246137048,-0.0822396260636461,0.992525276928955
2025-09-10 11:26:59.520000000,0.0920899364928822,-0.0806269669212183,0.992481100979672
2025-09-10 11:26:59.529999872,0.0926756295298744,-0.0803682736552545,0.992447564499463
2025-09-10 11:26:59.540000000,0.0928728665393266,-0.0808251401927183,0.99239202303001
2025-09-10 11:26:59.550000128,0.0927753380449718,-0.0858677274353984,0.9919775552076376
2025-09-10 11:26:59.560000000,0.0920379685769606,-0.0850517519806605,0.9921165313738336
2025-09-10 11:26:59.570000128,0.0891860524252841,-0.0864018693842937,0.9922603312738516
2025-09-10 11:26:59.580000000,0.0890089634669208,-0.0870727387734708,0.99221758832679
2025-09-10 11:26:59.590000128,0.0878743304424491,-0.0836721919704937,0.9926112362552342
2025-09-10 11:26:59.600000000,0.0867970365212996,-0.0809371526512242,0.9929327528950956
2025-09-10 11:26:59.609999872,0.0900191209553204,-0.0767114061109221,0.99298132814012
2025-09-10 11:26:59.620000000,0.1154880876065613,-0.0797498890568576,0.9901022456374888
2025-09-10 11:26:59.630000128,0.1309731729358574,-0.0819983910106866,0.9879890140293932
2025-09-10 11:26:59.640000000,0.1364392029008151,-0.0683912603409483,0.9882848675461782
2025-09-10 11:26:59.649999872,0.1331072429341418,-0.0675588875027436,0.9887963686208922
2025-09-10 11:26:59.660000000,0.1329453595327228,-0.0695273658546622,0.9886816862752272
2025-09-10 11:26:59.670000128,0.1331392533516623,-0.0708952128404665,0.9885584494673376
2025-09-10 11:26:59.680000000,0.1342572117676316,-0.0723359338353789,0.9883028451666752
2025-09-10 11:26:59.689999872,0.1352554360226489,-0.0702756885935159,0.9883153821625112
2025-09-10 11:26:59.700000000,0.1351900468302719,-0.0684400716120027,0.9884531389174568
2025-09-10 11:26:59.710000128,0.1326075174966069,-0.0724246567557437,0.9885190516106404
2025-09-10 11:26:59.720000000,0.1341334554742168,-0.0686075764521707,0.9885854624542614
2025-09-10 11:26:59.729999872,0.1353584443725842,-0.0670013492395875,0.9885286595426096
2025-09-10 11:26:59.740000000,0.1355893376293403,-0.0686085669778043,0.988386764408796
2025-09-10 11:26:59.750000128,0.1359420447143602,-0.0672549461511959,0.9884313495114766
2025-09-10 11:26:59.760000000,0.1353739411177362,-0.0658649374551898,0.9886029061662098
2025-09-10 11:26:59.769999872,0.1344921223578973,-0.0647282382314429,0.988798323319332
2025-09-10 11:26:59.780000000,0.1343038121820302,-0.0656905640996441,0.9887604542161084
2025-09-10 11:26:59.790000128,0.1343798065885106,-0.0655545130922559,0.9887591584377218
2025-09-10 11:26:59.800000000,0.1333927764874432,-0.0646857109244037,0.988950011872782
2025-09-10 11:26:59.809999872,0.1322031584296811,-0.0695993731567337,0.9887761385457308
2025-09-10 11:26:59.820000000,0.1336322017413805,-0.0704633473576142,0.9885228127549264
2025-09-10 11:26:59.830000128,0.135545164898763,-0.0723379336783591,0.9881268803264652
2025-09-10 11:26:59.840000000,0.1341268366845758,-0.0713583883015436,0.9883916086754254
2025-09-10 11:26:59.850000128,0.1359476259824834,-0.0705975012901924,0.9881974680200856
2025-09-10 11:26:59.860000000,0.1345482166253963,-0.0691833809483903,0.9884889666574308
2025-09-10 11:26:59.870000128,0.133323981515332,-0.0682754454315073,0.9887179473965408
2025-09-10 11:26:59.880000000,0.133799050267474,-0.0664628967489849,0.9887772739617632
2025-09-10 11:26:59.889999872,0.1342182132875883,-0.0688748785982761,0.988555371398062
2025-09-10 11:26:59.900000000,0.1354411273040761,-0.0735398788803672,0.9880524213061078
2025-09-10 11:26:59.910000128,0.1366829684059399,-0.0710208812530803,0.9880656863659302
2025-09-10 11:26:59.920000000,0.1360458277181997,-0.0692780865475904,0.988277329237484
2025-09-10 11:26:59.929999872,0.1350371023228886,-0.0693389993522312,0.9884113941902274
2025-09-10 11:26:59.940000000,0.1359108693894112,-0.071722634706235,0.9881215002481276
2025-09-10 11:26:59.950000128,0.1334368904194445,-0.0710230793011067,0.988509139301088
2025-09-10 11:26:59.960000000,0.1331084075381408,-0.0732329697277603,0.988392171148433
2025-09-10 11:26:59.969999872,0.1349193171426678,-0.0762683996996808,0.9879169545407174
2025-09-10 11:26:59.980000000,0.1351889580577566,-0.0743220490089536,0.988028430082034
2025-09-10 11:26:59.990000128,0.1378125025365763,-0.0744719539327993,0.9876546168686892
2025-09-10 11:27:00.000000000,0.1379803077278987,-0.0720858608588617,0.9878082118222906
2025-09-10 11:27:00.009999872,0.1368390430507712,-0.0712260454873871,0.988029314717523
2025-09-10 11:27:00.020000000,0.1368894303234113,-0.0735761828145563,0.987850104615154
2025-09-10 11:27:00.030000128,0.1362614716448739,-0.0739326969939449,0.987910303448838
2025-09-10 11:27:00.040000000,0.1342505315557346,-0.0762698711705216,0.9880079460857766
2025-09-10 11:27:00.049999872,0.1337847051858666,-0.0752209348235564,0.9881515387948354
2025-09-10 11:27:00.060000000,0.1350825064823229,-0.0737503986028012,0.98808582377665
2025-09-10 11:27:00.070000128,0.1352250900427828,-0.0744870667406799,0.9880110585976712
2025-09-10 11:27:00.080000000,0.1354122373918396,-0.0742914281302056,0.9880001567160356
2025-09-10 11:27:00.089999872,0.1357386366311749,-0.0777857822184037,0.9876863847447634
2025-09-10 11:27:00.100000000,0.1342835903420935,-0.077186344645814,0.98793227782326
2025-09-10 11:27:00.110000128,0.1349321913770411,-0.077739051543861,0.9878005586125422
2025-09-10 11:27:00.120000000,0.1354764712890554,-0.0769011579280747,0.9877916468751836
2025-09-10 11:27:00.129999872,0.1382851643615516,-0.0771537910025934,0.9873826542184276
2025-09-10 11:27:00.140000000,0.1383283803065612,-0.0769002349997158,0.98739638092245
2025-09-10 11:27:00.150000128,0.1377901248400166,-0.0746001697751526,0.9876480629080844
2025-09-10 11:27:00.160000000,0.1376404753337489,-0.0747848726061776,0.9876549611980784
2025-09-10 11:27:00.169999872,0.1389074541562001,-0.0740030392365597,0.9875364648272972
2025-09-10 11:27:00.180000000,0.1398164119681889,-0.0737591470913978,0.9874264322797376
2025-09-10 11:27:00.190000128,0.1379434063716996,-0.0809296900359205,0.9871281588067792
2025-09-10 11:27:00.200000000,0.1357862017280834,-0.0843354864788837,0.9871421544745368
2025-09-10 11:27:00.209999872,0.1360624419320547,-0.0826268795964936,0.9872486063113144
2025-09-10 11:27:00.220000000,0.1358457607871984,-0.0840275429556092,0.9871602206840542
2025-09-10 11:27:00.230000128,0.1463666953221129,-0.0778027156439188,0.9861660752322174
2025-09-10 11:27:00.240000000,0.1782419513664279,-0.0793024898830505,0.980785869530876
2025-09-10 11:27:00.249999872,0.1976733134591431,-0.0872187410979868,0.9763801269727715
2025-09-10 11:27:00.260000000,0.204585759257696,-0.089282294637192,0.9747683514421618
2025-09-10 11:27:00.270000128,0.2025826424536375,-0.0860597397675412,0.9754762909305612
2025-09-10 11:27:00.280000000,0.2021273661902498,-0.0840023992710041,0.975750031900439
2025-09-10 11:27:00.289999872,0.2028713856055322,-0.08463313027198,0.9755410981413636
2025-09-10 11:27:00.300000000,0.2050713873758401,-0.0833329305732349,0.975192980266893
2025-09-10 11:27:00.310000128,0.2016505928604683,-0.0760369047093969,0.976501626993645
2025-09-10 11:27:00.320000000,0.2016758046189583,-0.0816034531267439,0.9760470000307808
2025-09-10 11:27:00.329999872,0.203095366598581,-0.083502774639651,0.9755919017159111
2025-09-10 11:27:00.340000000,0.201218361850623,-0.084673180874596,0.9758799225799912
2025-09-10 11:27:00.350000128,0.1995000450890816,-0.08902936591176,0.975845020489834
2025-09-10 11:27:00.360000000,0.2037025126907777,-0.084339939041299,0.9753932852987937
2025-09-10 11:27:00.369999872,0.2017226102823223,-0.0828044652113921,0.975936170577739
2025-09-10 11:27:00.380000000,0.2047686536294981,-0.0832382465833864,0.9752646783291632
2025-09-10 11:27:00.390000128,0.2072087371983873,-0.0793912984108325,0.9750700287493672
2025-09-10 11:27:00.400000000,0.2032919023799243,-0.0841864795568348,0.9754922034986122
2025-09-10 11:27:00.409999872,0.2013981018417088,-0.0888971592193152,0.9754671186961108
2025-09-10 11:27:00.420000000,0.2039224166152959,-0.0872280018815011,0.9750932897366992
2025-09-10 11:27:00.430000128,0.2081186632608826,-0.0883922561094531,0.974101345375513
2025-09-10 11:27:00.440000000,0.2060582385726838,-0.0860702558743337,0.9747471022629663
2025-09-10 11:27:00.449999872,0.2041202000913899,-0.0897895830553523,0.974819354900895
2025-09-10 11:27:00.460000000,0.2040649860552272,-0.0892139037067271,0.9748837678675786
2025-09-10 11:27:00.470000128,0.20413475941855,-0.0916057365852717,0.9746473151975542
2025-09-10 11:27:00.480000000,0.2036701401906663,-0.091146176897942,0.9747875914431838
2025-09-10 11:27:00.489999872,0.2072765104922606,-0.0934561892803905,0.9738081889588626
2025-09-10 11:27:00.500000000,0.2091931345590097,-0.0945492678577629,0.973292694106422
2025-09-10 11:27:00.510000128,0.2106945939947875,-0.0937822487117393,0.9730429989923064
2025-09-10 11:27:00.520000000,0.1902688271843983,-0.0882379811742546,0.9777585755595118
2025-09-10 11:27:00.529999872,0.1539002764202506,-0.0792635894357911,0.984902019648414
2025-09-10 11:27:00.540000000,0.1533828328855006,-0.0815543964004514,0.9847957082582036
2025-09-10 11:27:00.550000128,0.1542833046971972,-0.0781963179136654,0.9849274073536876
2025-09-10 11:27:00.560000000,0.1554313175072032,-0.0751342932873758,0.9849852504023509
2025-09-10 11:27:00.570000128,0.155187767606475,-0.0789529861406585,0.9847249274618732
2025-09-10 11:27:00.580000000,0.1541196854397045,-0.0773293988539787,0.9850214650619796
2025-09-10 11:27:00.590000128,0.1538829089502414,-0.0738028562397834,0.985328974882938
2025-09-10 11:27:00.600000000,0.153962352848945,-0.0774131049650279,0.985039494175178
2025-09-10 11:27:00.609999872,0.1534144723974745,-0.0771048643898406,0.9851491458385522
2025-09-10 11:27:00.620000000,0.1539674724147151,-0.0796978224636981,0.9848564740777048
2025-09-10 11:27:00.630000128,0.1553147419546335,-0.0778351285933857,0.984793899091793
2025-09-10 11:27:00.640000000,0.1551243354987432,-0.0772146734562412,0.9848727505313158
2025-09-10 11:27:00.649999872,0.1581031139148803,-0.0799204368368945,0.9841829754401455
2025-09-10 11:27:00.660000000,0.1571292885519222,-0.0815117581100426,0.9842084230329352
2025-09-10 11:27:00.670000128,0.1569997713983404,-0.0817530845088286,0.9842090758340736
2025-09-10 11:27:00.680000000,0.1592565114818011,-0.0872572084729743,0.983373552176461
2025-09-10 11:27:00.689999872,0.1583743752875603,-0.0902188887307032,0.9832487525384777
2025-09-10 11:27:00.700000000,0.1570615851092267,-0.0851997977872521,0.983906831432727
2025-09-10 11:27:00.710000128,0.1620761581773515,-0.0780682805495855,0.983685245656608
2025-09-10 11:27:00.720000000,0.1601786311136085,-0.0767851751929397,0.9840969682938568
2025-09-10 11:27:00.729999872,0.1883244910563161,-0.0869026950135598,0.9782544697918634
2025-09-10 11:27:00.740000000,0.2308623160824992,-0.111337336804405,0.9665953592100092
2025-09-10 11:27:00.750000128,0.2485462844457071,-0.1151435846110317,0.9617518907759712
2025-09-10 11:27:00.760000000,0.25215142202259,-0.10758156378847,0.9616890700766092
2025-09-10 11:27:00.769999872,0.2528741382100654,-0.1090097627460475,0.9613384117211624
2025-09-10 11:27:00.780000000,0.2541678626183098,-0.1087258544915766,0.961029336793168
2025-09-10 11:27:00.790000128,0.2485730653895863,-0.1075049776375287,0.9626287503217318
2025-09-10 11:27:00.800000000,0.2509307580319755,-0.1050037607942352,0.9622930764026962
2025-09-10 11:27:00.809999872,0.2539367458442373,-0.1033266320098169,0.961685882306456
2025-09-10 11:27:00.820000000,0.2528363444591741,-0.1040427237897074,0.9618985884940991
2025-09-10 11:27:00.830000128,0.2493335267073677,-0.1037359770215585,0.962845594854673
2025-09-10 11:27:00.840000000,0.2527423960608373,-0.1047430694192224,0.9618472699145468
2025-09-10 11:27:00.850000128,0.2540161648585147,-0.1097698794349055,0.960950759175213
2025-09-10 11:27:00.860000000,0.2546091888357147,-0.1100934572980527,0.9607567806789508
2025-09-10 11:27:00.870000128,0.2520255947501419,-0.1105543991942863,0.961384847191606
2025-09-10 11:27:00.880000000,0.2508824382749423,-0.1053890407873872,0.9622635565411038
2025-09-10 11:27:00.889999872,0.2519716510712732,-0.1042413652624673,0.96210395738955
2025-09-10 11:27:00.900000000,0.2536479567002115,-0.1038118326636319,0.9617098405760576
2025-09-10 11:27:00.910000128,0.255769636934704,-0.1062623534549622,0.9608799118831148
2025-09-10 11:27:00.920000000,0.2552530900313263,-0.1117793039199263,0.960391194901659
2025-09-10 11:27:00.929999872,0.2533260115190632,-0.1109637394806172,0.9609958274666552
2025-09-10 11:27:00.940000000,0.2552169493712931,-0.1104445231618355,0.9605552123939392
2025-09-10 11:27:00.950000128,0.2567974994529954,-0.1096290210758248,0.9602273282992134
2025-09-10 11:27:00.960000000,0.2631121781936127,-0.109641778656214,0.9585148209909508
2025-09-10 11:27:00.969999872,0.2766088074945664,-0.1034455851166564,0.9553986490132308
2025-09-10 11:27:00.980000000,0.27854352876513,-0.1034812584011313,0.9548325150217642
2025-09-10 11:27:00.990000128,0.2782466824546838,-0.1014245021562423,0.9551397039518988
2025-09-10 11:27:01.000000000,0.27617403303278,-0.1010588290859466,0.9557797950062484
2025-09-10 11:27:01.009999872,0.2773875599932777,-0.1004913742638179,0.955488160711343
2025-09-10 11:27:01.020000000,0.2786049013592766,-0.1049521068407036,0.9546540547278294
2025-09-10 11:27:01.030000128,0.2767793825674575,-0.1007733758757464,0.9556348152407292
2025-09-10 11:27:01.040000000,0.2741171154547285,-0.1008721318570996,0.9563914575263536
2025-09-10 11:27:01.049999872,0.2760641355658022,-0.1027360388066328,0.955632722014388
2025-09-10 11:27:01.060000000,0.2752389808931537,-0.1034887461025252,0.9557895075941278
2025-09-10 11:27:01.070000128,0.2777834508336624,-0.1048300164713024,0.95490681330147
2025-09-10 11:27:01.080000000,0.2779331074545899,-0.0970067441588442,0.955689740118798
2025-09-10 11:27:01.089999872,0.2744828635294841,-0.094746384921095,0.9569128905877684
2025-09-10 11:27:01.100000000,0.276808330500353,-0.1015647904993372,0.9555426424270312
2025-09-10 11:27:01.110000128,0.2761464882613547,-0.1055341908668647,0.9553039576904294
2025-09-10 11:27:01.120000000,0.2789123033939681,-0.1000541576054273,0.955090096567512
2025-09-10 11:27:01.129999872,0.2797398392670662,-0.1022930148701012,0.9546107905505896
2025-09-10 11:27:01.140000000,0.280343765696674,-0.1048696605841117,0.9541539327194442
2025-09-10 11:27:01.150000128,0.2797334023604823,-0.1072448893336922,0.9540690526977764
2025-09-10 11:27:01.160000000,0.2779829227479251,-0.1025648810472413,0.9550947282004474
2025-09-10 11:27:01.169999872,0.2768986336439276,-0.0997912813761309,0.9557033257488622
2025-09-10 11:27:01.180000000,0.280125213506515,-0.1053019189030634,0.9541705144434416
2025-09-10 11:27:01.190000128,0.2801646440210266,-0.1071053571926287,0.953958182889172
2025-09-10 11:27:01.200000000,0.2747831897830609,-0.1101476059132814,0.9551762683003692
2025-09-10 11:27:01.209999872,0.2758819703536431,-0.1106677647527185,0.9547993424162108
2025-09-10 11:27:01.220000000,0.2738542264440863,-0.1125092473288266,0.955167803019036
2025-09-10 11:27:01.230000128,0.2746313993118325,-0.1117089842143495,0.9550385842246496
2025-09-10 11:27:01.240000000,0.2785273769551726,-0.1067794448934751,0.9544740176844588
2025-09-10 11:27:01.249999872,0.2509057138688001,-0.1140206346315796,0.9612729152671472
2025-09-10 11:27:01.260000000,0.1724879008388526,-0.1040509132636995,0.979500552073962
2025-09-10 11:27:01.270000128,0.0885160270697717,-0.090651427755556,0.9919411432124704
2025-09-10 11:27:01.280000000,0.0215363915747727,-0.0777952120648877,0.996736719910387
2025-09-10 11:27:01.289999872,-0.0391976901445083,-0.0806560867278755,0.9959709517657032
2025-09-10 11:27:01.300000000,-0.0741927501952397,-0.0805580236813038,0.9939848291795148
2025-09-10 11:27:01.310000128,-0.0782341547547973,-0.0829368629560403,0.9934791863913472
2025-09-10 11:27:01.320000000,-0.0756781019080525,-0.0799493400721226,0.9939219928714862
2025-09-10 11:27:01.329999872,-0.073591845988051,-0.0778393908965878,0.994246080922082
2025-09-10 11:27:01.340000000,-0.07280453577814,-0.0832321673673362,0.9938671469997714
2025-09-10 11:27:01.350000128,-0.0735138569073126,-0.0832805441970812,0.9938108792928608
2025-09-10 11:27:01.360000000,-0.0725405815391318,-0.0821291952436603,0.9939781986133264
2025-09-10 11:27:01.369999872,-0.0719593761412949,-0.078885461052266,0.9942831247788162
2025-09-10 11:27:01.380000000,-0.0730982924839943,-0.0787131057186852,0.9942137026937636
2025-09-10 11:27:01.390000128,-0.0730882561844728,-0.0786946365876554,0.9942159025987514
2025-09-10 11:27:01.400000000,-0.0728716628457728,-0.0803361948627183,0.9941005062613494
2025-09-10 11:27:01.409999872,-0.0716164655667447,-0.0768925388575572,0.994463985938036
2025-09-10 11:27:01.420000000,-0.0695003932314614,-0.077941849081219,0.99453243461562
2025-09-10 11:27:01.430000128,-0.0701827543052559,-0.0876040901424596,0.9936799808733392
2025-09-10 11:27:01.440000000,-0.0838788488936855,-0.0753621684615997,0.9936221023472837
2025-09-10 11:27:01.449999872,-0.0888601354095145,-0.0752565494081095,0.9931970238105768
2025-09-10 11:27:01.460000000,-0.0891667725731941,-0.0835663474131661,0.9925048877707868
2025-09-10 11:27:01.470000128,-0.0893193072454965,-0.0871945419364047,0.992179002604714
2025-09-10 11:27:01.480000000,-0.090551670214719,-0.0879023612695177,0.9920048235288818
2025-09-10 11:27:01.489999872,-0.0906440256565438,-0.0845871859695178,0.9922845703640332
2025-09-10 11:27:01.500000000,-0.0903539022080695,-0.0852705092242253,0.992252544774976
2025-09-10 11:27:01.510000128,-0.0908327058976367,-0.0854105912346731,0.9921967801017382
2025-09-10 11:27:01.520000000,-0.0908404615321203,-0.0837934940258691,0.9923339462638412
2025-09-10 11:27:01.529999872,-0.0874323647175092,-0.082719656846913,0.9927300942204952
2025-09-10 11:27:01.540000000,-0.0865810065297677,-0.0874915520221692,0.9923955651014592
2025-09-10 11:27:01.550000128,-0.0870354930582875,-0.090719441742781,0.9920659281710964
2025-09-10 11:27:01.560000000,-0.088740981529134,-0.0878607042333195,0.9921721296473064
2025-09-10 11:27:01.570000128,-0.0876187636700392,-0.089072201791598,0.9921638448970668
2025-09-10 11:27:01.580000000,-0.0864473393262997,-0.0879354026322719,0.9923679874357616
2025-09-10 11:27:01.590000128,-0.0868091543595027,-0.0861254515573956,0.9924951270980744
2025-09-10 11:27:01.600000000,-0.0891282935479544,-0.0882208187190956,0.9921054552988618
2025-09-10 11:27:01.609999872,-0.0724598270160777,-0.0840759793003511,0.9938213135033316
2025-09-10 11:27:01.620000000,-0.0393358957605819,-0.074428986077891,0.9964502061498758
2025-09-10 11:27:01.630000128,-0.0303928665611022,-0.0787574911184674,0.9964303945860562
2025-09-10 11:27:01.640000000,-0.0313996355507531,-0.0797361530635305,0.99632133811432
2025-09-10 11:27:01.649999872,-0.0303762633547332,-0.0824439644653074,0.9961326595127012
2025-09-10 11:27:01.660000000,-0.0301297275819609,-0.0780070808997366,0.9964974133661054
2025-09-10 11:27:01.670000128,-0.0319113911760404,-0.0737609529230988,0.9967652606993715
2025-09-10 11:27:01.680000000,-0.0320948690810828,-0.0748854501248652,0.9966755182797784
2025-09-10 11:27:01.689999872,-0.0329703806075659,-0.076883745984585,0.9964947785141528
2025-09-10 11:27:01.700000000,-0.0364601359150256,-0.0733972829218737,0.9966360907315892
2025-09-10 11:27:01.710000128,-0.0324014983831465,-0.0763598510729213,0.9965537195990232
2025-09-10 11:27:01.720000000,-0.0302611667182481,-0.0747803833056009,0.996740766730005
2025-09-10 11:27:01.729999872,-0.0316222076750944,-0.0737186497299409,0.996777606421687
2025-09-10 11:27:01.740000000,-0.0342043195536471,-0.074898291509697,0.9966043901432508
2025-09-10 11:27:01.750000128,-0.0367506864776654,-0.074831595741849,0.9965187501106784
2025-09-10 11:27:01.760000000,-0.037595273599883,-0.0742941840170435,0.9965274555295462
2025-09-10 11:27:01.769999872,-0.0355296823170677,-0.0742148423835832,0.9966091504920211
2025-09-10 11:27:01.780000000,-0.0338171629639742,-0.0729674002123768,0.9967608328958932
2025-09-10 11:27:01.790000128,-0.0336037309525556,-0.0750907915034208,0.9966103362385212
2025-09-10 11:27:01.800000000,-0.034025262580245,-0.0754780830321314,0.9965667767330696
2025-09-10 11:27:01.809999872,-0.0363672968191039,-0.0720108986948283,0.99674061329477
2025-09-10 11:27:01.820000000,-0.0381141742647736,-0.0713227035264541,0.9967248274633236
2025-09-10 11:27:01.830000128,-0.0349933736770092,-0.0706255477699899,0.9968889084551448
2025-09-10 11:27:01.840000000,-0.0336079327764911,-0.0689738377851754,0.997052213555376
2025-09-10 11:27:01.850000128,-0.0343774236270867,-0.0673575885745108,0.9971364741128422
2025-09-10 11:27:01.860000000,-0.0355952418725812,-0.0702375109441087,0.9968950149400932
2025-09-10 11:27:01.870000128,-0.036793310277679,-0.0712895150214842,0.9967768342847922
2025-09-10 11:27:01.880000000,-0.0345573477554155,-0.0732566870685627,0.9967142256012252
2025-09-10 11:27:01.889999872,-6.204823049040508e-05,-0.0926705390715563,0.9956968250116116
2025-09-10 11:27:01.900000000,0.0163932922410982,-0.0939931528263882,0.9954378670671784
2025-09-10 11:27:01.910000128,0.0191256892851891,-0.0938754195916914,0.995400227851014
2025-09-10 11:27:01.920000000,0.0221775603803478,-0.0958077791135623,0.9951527647938796
2025-09-10 11:27:01.929999872,0.0188436396319819,-0.0952032530662953,0.995279487305458
2025-09-10 11:27:01.940000000,0.0173242393235954,-0.0967080918313325,0.995162004754101
2025-09-10 11:27:01.950000128,0.0173976355656407,-0.0978416031125894,0.9950499198417554
2025-09-10 11:27:01.960000000,0.0176479339345471,-0.0950722187836948,0.9953139322060086
2025-09-10 11:27:01.969999872,0.0200845180100627,-0.0943915262320837,0.9953325333333988
2025-09-10 11:27:01.980000000,0.0200233522355671,-0.0932624296655412,0.9954401963845596
2025-09-10 11:27:01.990000128,0.0176618768175384,-0.0944842166432522,0.9953696755038268
2025-09-10 11:27:02.000000000,0.0162660938416066,-0.0921751993325179,0.9956099370833674
2025-09-10 11:27:02.009999872,0.0155050909473726,-0.0911743970890844,0.995714226809156
2025-09-10 11:27:02.020000000,0.0157803914175693,-0.0895484150765897,0.995857449941496
2025-09-10 11:27:02.030000128,0.0226310619282129,-0.0935618200612429,0.9953562281227908
2025-09-10 11:27:02.040000000,0.0148371686239442,-0.0866968219682086,0.9961242490210934
2025-09-10 11:27:02.049999872,-0.0063867466582981,-0.1595708773249909,0.9871658141248894
2025-09-10 11:27:02.060000000,-0.0578482157336012,-0.2562136770239658,0.9648876285051528
2025-09-10 11:27:02.070000128,-0.142643797051531,-0.3403677369391348,0.9294097862695732
2025-09-10 11:27:02.080000000,-0.0945287390945702,-0.3341982568860865,0.9377504159313884
2025-09-10 11:27:02.089999872,-0.0162279015944691,-0.2837925226363921,0.9587483816442736
2025-09-10 11:27:02.100000000,0.0269092166271943,-0.147048735205752,0.988763148349947
2025-09-10 11:27:02.110000128,0.042687882613231,-0.115039762428219,0.9924432466083176
2025-09-10 11:27:02.120000000,0.0600474182631159,-0.1361032636027889,0.9888732017789764
2025-09-10 11:27:02.129999872,0.0549619809356879,-0.1281001221806445,0.9902371126901522
2025-09-10 11:27:02.140000000,0.0556410428685434,-0.1228027863858436,0.990870097441826
2025-09-10 11:27:02.150000128,0.0548107920688771,-0.1234808835110033,0.9908320990360197
2025-09-10 11:27:02.160000000,0.0607320042664867,-0.1166622281744095,0.9913130424720324
2025-09-10 11:27:02.169999872,0.062088167692654,-0.1165230098513936,0.9912454023135449
2025-09-10 11:27:02.180000000,0.0567672100996088,-0.1258214453813885,0.9904274065975986
2025-09-10 11:27:02.190000128,0.0541678092242841,-0.1242063363395693,0.9907767833659322
2025-09-10 11:27:02.200000000,0.0579841578558716,-0.1174964895096736,0.9913790457694012
2025-09-10 11:27:02.209999872,0.0618712890980764,-0.1192656006667876,0.99093272227883
2025-09-10 11:27:02.220000000,0.0578697747970315,-0.1225073682664966,0.9907790035549592
2025-09-10 11:27:02.230000128,0.0547074182875558,-0.1232910827795518,0.9908614470708588
2025-09-10 11:27:02.240000000,0.0554256719605555,-0.129814438267809,0.9899879830103666
2025-09-10 11:27:02.249999872,0.0566926203081376,-0.1311753045474592,0.9897368267774412
2025-09-10 11:27:02.260000000,0.056964924858383,-0.1284736944742317,0.9900755057893416
2025-09-10 11:27:02.270000128,0.0563848826481418,-0.1284223801248194,0.9901153656477774
2025-09-10 11:27:02.280000000,0.0563097500241464,-0.1262507897260461,0.9903988843621382
2025-09-10 11:27:02.289999872,0.0568145697800814,-0.1236140199831162,0.9907026187127588
2025-09-10 11:27:02.300000000,0.0567264424126002,-0.1231903831264993,0.9907604353406309
2025-09-10 11:27:02.310000128,0.0600375510891786,-0.1236842301157133,0.9905037625773552
2025-09-10 11:27:02.320000000,0.0684594916496454,-0.1150085058012455,0.9910026950500372
2025-09-10 11:27:02.329999872,0.0916375932421223,-0.0974497461797688,0.9910126631250936
2025-09-10 11:27:02.340000000,0.0928658046809533,-0.1035999193778227,0.9902742039586144
2025-09-10 11:27:02.350000128,0.0937649481629548,-0.1120503961985695,0.989268842735756
2025-09-10 11:27:02.360000000,0.0929301934470517,-0.1150662709335035,0.9890013814142784
2025-09-10 11:27:02.369999872,0.0905714193012589,-0.1135379412156247,0.9893967626338146
2025-09-10 11:27:02.380000000,0.0892748054632895,-0.1093917490365185,0.9899815424300714
2025-09-10 11:27:02.390000128,0.0893494820356267,-0.1062802003026101,0.9903136821652028
2025-09-10 11:27:02.400000000,0.0896480051834753,-0.1048795712768912,0.9904360204957204
2025-09-10 11:27:02.409999872,0.0913767006829881,-0.1016714715809738,0.990612543045388
2025-09-10 11:27:02.420000000,0.088782995727983,-0.1008651456729052,0.990930775613488
2025-09-10 11:27:02.430000128,0.0869939994291495,-0.1016052896483612,0.9910138289543662
2025-09-10 11:27:02.440000000,0.0802271737446377,-0.1055469852826848,0.9911727571370617
2025-09-10 11:27:02.449999872,0.0779599995545302,-0.1077872785458992,0.9911125773862052
2025-09-10 11:27:02.460000000,0.0812014904872986,-0.1106759963201335,0.990533766098454
2025-09-10 11:27:02.470000128,0.0812713918058813,-0.110893810936542,0.9905036716589724
2025-09-10 11:27:02.480000000,0.0819056609427942,-0.1114656695324251,0.9903872309461652
2025-09-10 11:27:02.489999872,0.0841412686675018,-0.1095442745611145,0.9904142056826036
2025-09-10 11:27:02.500000000,0.0855359160093801,-0.107279259409171,0.9905426631766328
2025-09-10 11:27:02.510000128,0.0840471977133881,-0.1082567237004014,0.9905637537938592
2025-09-10 11:27:02.520000000,0.0838296715197273,-0.1062569039301166,0.9907986962749198
2025-09-10 11:27:02.529999872,0.0853648659571906,-0.1082986776103095,0.9904464832023834
2025-09-10 11:27:02.540000000,0.0853991261954386,-0.1080914630469363,0.9904661654299092
2025-09-10 11:27:02.550000128,0.0848689455429616,-0.1145107754961288,0.9897901516875692
2025-09-10 11:27:02.560000000,0.0858653875601937,-0.120631413582458,0.9889768436501614
2025-09-10 11:27:02.570000128,0.0835275160287472,-0.1202418085187875,0.9892244748034688
2025-09-10 11:27:02.580000000,0.0818153965828117,-0.1242149646803027,0.9888765764398854
2025-09-10 11:27:02.590000128,0.0836361254445151,-0.1257292551423519,0.9885328284493028
2025-09-10 11:27:02.600000000,0.0836724265884269,-0.128340862363603,0.9881940842145186
2025-09-10 11:27:02.609999872,0.0839177132709552,-0.1282832828359399,0.98818076116883
2025-09-10 11:27:02.620000000,0.0860806671689083,-0.1274307150563971,0.98810502053171
2025-09-10 11:27:02.630000128,0.0982640257067753,-0.1246504570215384,0.9873228675647192
2025-09-10 11:27:02.640000000,0.1199725376749673,-0.1319517123043181,0.9839691742243692
2025-09-10 11:27:02.649999872,0.1315695838819291,-0.1361864525388995,0.9819076813743776
2025-09-10 11:27:02.660000000,0.1320982908048382,-0.1330516339527312,0.9822664120639312
2025-09-10 11:27:02.670000128,0.1321358705492632,-0.1324374206973406,0.982344359841916
2025-09-10 11:27:02.680000000,0.1320617986149623,-0.1256698350804797,0.9832429882269318
2025-09-10 11:27:02.689999872,0.129285868858598,-0.1347356389639474,0.9824110502770488
2025-09-10 11:27:02.700000000,0.132496166799852,-0.1342878037951936,0.9820445771629766
2025-09-10 11:27:02.710000128,0.1328906898755673,-0.1242094787200298,0.983316871583364
2025-09-10 11:27:02.720000000,0.1324438018713421,-0.1237678306131914,0.9834328464369944
2025-09-10 11:27:02.729999872,0.1351290386835069,-0.1276376876510095,0.9825725233261792
2025-09-10 11:27:02.740000000,0.1324367117591866,-0.1287766852326292,0.9827904571773736
2025-09-10 11:27:02.750000128,0.1304796920210763,-0.1295582586678215,0.982949493911588
2025-09-10 11:27:02.760000000,0.1313591591940196,-0.1293425273907496,0.9828607642509763
2025-09-10 11:27:02.769999872,0.1309335255832696,-0.1286539416608813,0.9830079222333123
2025-09-10 11:27:02.780000000,0.130787829592426,-0.1296617362215394,0.9828948966143422
2025-09-10 11:27:02.790000128,0.1324318618610747,-0.1312360388478744,0.982465726665072
2025-09-10 11:27:02.800000000,0.1337706720677333,-0.1287010905026963,0.982619680546835
2025-09-10 11:27:02.809999872,0.1321651512047501,-0.1230012056980651,0.983566508276816
2025-09-10 11:27:02.820000000,0.1334325506975707,-0.119808726336076,0.983789420307043
2025-09-10 11:27:02.830000128,0.1347683169932247,-0.1207366025068777,0.9834938604535924
2025-09-10 11:27:02.840000000,0.1346730118409204,-0.1226385949495955,0.9832715570535356
2025-09-10 11:27:02.850000128,0.1356375254633504,-0.1180430751057494,0.9837013236271248
2025-09-10 11:27:02.860000000,0.1390281542154365,-0.1142977739243294,0.9836702654911308
2025-09-10 11:27:02.870000128,0.1367730907027986,-0.12060419040238,0.9832333145886538
2025-09-10 11:27:02.880000000,0.1320199009095268,-0.1227176388441502,0.9836214347401928
2025-09-10 11:27:02.889999872,0.1315796003854256,-0.1199284443321701,0.984024378256188
2025-09-10 11:27:02.900000000,0.1327013064776909,-0.1160763547079046,0.984335635409406
2025-09-10 11:27:02.910000128,0.1333718146978011,-0.1151181392727358,0.9843575433015171
2025-09-10 11:27:02.920000000,0.1354749691464375,-0.1153177256445155,0.9840469271772296
2025-09-10 11:27:02.929999872,0.1383650257145953,-0.1188433145313859,0.983224992689971
2025-09-10 11:27:02.940000000,0.1386386519517007,-0.1194124158607705,0.983117489989528
2025-09-10 11:27:02.950000128,0.1374312783899096,-0.1193018785098882,0.9833004146770848
2025-09-10 11:27:02.960000000,0.1355486738261423,-0.1198768509579524,0.9834917882872124
2025-09-10 11:27:02.969999872,0.1370569380373644,-0.1213261385486063,0.9831049607446328
2025-09-10 11:27:02.980000000,0.1372009547825956,-0.1162987648842612,0.983692276727402
2025-09-10 11:27:02.990000128,0.1351318610233191,-0.1133086137400324,0.9843274547571488
2025-09-10 11:27:03.000000000,0.1333109004591115,-0.1094522744985406,0.9850118798399728
2025-09-10 11:27:03.009999872,0.1412331580678783,-0.120234066248487,0.982647935109787
2025-09-10 11:27:03.020000000,0.1590310466121364,-0.1325327639081664,0.9783374636107476
2025-09-10 11:27:03.030000128,0.1636450031726141,-0.1208240909577568,0.979092361312694
2025-09-10 11:27:03.040000000,0.1631787399974868,-0.1192385168536339,0.979364526063395
2025-09-10 11:27:03.049999872,0.1624235584599401,-0.1228610240261738,0.9790422648856638
2025-09-10 11:27:03.060000000,0.1638294781105344,-0.1212817794772518,0.9790049193282234
2025-09-10 11:27:03.070000128,0.1655018952011613,-0.1179647560898821,0.9791289184808498
2025-09-10 11:27:03.080000000,0.1644870702789771,-0.1173709077952094,0.9793712644928724
2025-09-10 11:27:03.089999872,0.1626899266434412,-0.1180146490690903,0.979594064076468
2025-09-10 11:27:03.100000000,0.1633109259195999,-0.1155842197324686,0.9797805007368332
2025-09-10 11:27:03.110000128,0.165685774920451,-0.1138573342137969,0.9795839583388132
2025-09-10 11:27:03.120000000,0.1662847457343845,-0.1167519282476691,0.9791416499089916
2025-09-10 11:27:03.129999872,0.1641911669573353,-0.1179994952757036,0.9793453833085995
2025-09-10 11:27:03.140000000,0.1679460447498598,-0.1180520893200856,0.9787021151811416
2025-09-10 11:27:03.150000128,0.1710801114382285,-0.118827217793969,0.9780652778734292
2025-09-10 11:27:03.160000000,0.167851416954175,-0.1184509759211147,0.9786701528757336
2025-09-10 11:27:03.169999872,0.1656000708893214,-0.118329579608643,0.9790682954273894
2025-09-10 11:27:03.180000000,0.1658556774043023,-0.1193432382818485,0.9789019796430908
2025-09-10 11:27:03.190000128,0.1650559275628456,-0.1194413561852454,0.9790251800689286
2025-09-10 11:27:03.200000000,0.1650487769045769,-0.1201865197772182,0.9789351876943354
2025-09-10 11:27:03.209999872,0.1663314162494686,-0.1185512249298806,0.9789174975635438
2025-09-10 11:27:03.220000000,0.1648537983799622,-0.1194510344352585,0.9790580552408756
2025-09-10 11:27:03.230000128,0.1632647559501322,-0.1159727208179911,0.9797422862623704
2025-09-10 11:27:03.240000000,0.1651287203057575,-0.108967422106933,0.9802339550584608
2025-09-10 11:27:03.249999872,0.1656380191329095,-0.1076108838114907,0.9802978854935044
2025-09-10 11:27:03.260000000,0.1654826434020311,-0.1108359497386288,0.9799647376197842
2025-09-10 11:27:03.270000128,0.1636346938727347,-0.1122956981226015,0.9801088527017466
2025-09-10 11:27:03.280000000,0.1643996624118108,-0.1120832643240954,0.9800051494034802
2025-09-10 11:27:03.289999872,0.1686665612995523,-0.1142996102687428,0.979023590212104
2025-09-10 11:27:03.300000000,0.1708877910062497,-0.1142972870316214,0.9786385916477112
2025-09-10 11:27:03.310000128,0.1893984127842861,-0.1256320112479354,0.9738299846403334
2025-09-10 11:27:03.320000000,0.2059942466989027,-0.1323808909333848,0.9695574609287656
2025-09-10 11:27:03.329999872,0.206239147539428,-0.1315730438705198,0.9696153609286808
2025-09-10 11:27:03.340000000,0.2070442618384015,-0.1330733688058766,0.9692389551366818
2025-09-10 11:27:03.350000128,0.2073012414400057,-0.1264533629532516,0.9700699677318362
2025-09-10 11:27:03.360000000,0.2074449330751405,-0.1167829073121648,0.971250921390126
2025-09-10 11:27:03.369999872,0.2066779963891929,-0.1229901687425511,0.9706480434231696
2025-09-10 11:27:03.380000000,0.2040727487398051,-0.1234807858010714,0.971136864072068
2025-09-10 11:27:03.390000128,0.204554889482178,-0.1232881888639191,0.9710598949990616
2025-09-10 11:27:03.400000000,0.206956173182331,-0.1249723288665885,0.9703355395941068
2025-09-10 11:27:03.409999872,0.2072217082052221,-0.1240246914013744,0.9704004532002772
2025-09-10 11:27:03.420000000,0.2044905922954273,-0.1215845857779292,0.9712882096287768
2025-09-10 11:27:03.430000128,0.2020458639243809,-0.1213767253899654,0.9718256836514764
2025-09-10 11:27:03.440000000,0.2020781562785389,-0.1196693660732487,0.972030689628004
2025-09-10 11:27:03.449999872,0.2021177568763508,-0.1176552801647577,0.9722683001130012
2025-09-10 11:27:03.460000000,0.2022053504001112,-0.1169406818229623,0.972336296352424
2025-09-10 11:27:03.470000128,0.2018999769542898,-0.1145389631020652,0.9726855736759752
2025-09-10 11:27:03.480000000,0.2056132726040286,-0.1161872145968446,0.9717117439309294
2025-09-10 11:27:03.489999872,0.2085261684511373,-0.1156160995145178,0.9711589749387776
2025-09-10 11:27:03.500000000,0.2042220356814595,-0.1139749832515727,0.9722669712249432
2025-09-10 11:27:03.510000128,0.2055494230052444,-0.1163022974923309,0.971711485112848
2025-09-10 11:27:03.520000000,0.2036587040300517,-0.120914855452265,0.9715465660501084
2025-09-10 11:27:03.529999872,0.2034528841491552,-0.1201503796307593,0.9716845219545154
2025-09-10 11:27:03.540000000,0.2046691628824044,-0.1223429741044483,0.9711553585561344
2025-09-10 11:27:03.550000128,0.217835387649188,-0.1324940593670554,0.9669503958943122
2025-09-10 11:27:03.560000000,0.2459887688628438,-0.1429529204517292,0.9586730350477498
2025-09-10 11:27:03.570000128,0.2584712567810402,-0.13906100188915,0.9559574505026966
2025-09-10 11:27:03.580000000,0.2551790023248582,-0.1459800637838538,0.9558103879693672
2025-09-10 11:27:03.590000128,0.25239316667606,-0.1412389258995869,0.957261330685598
2025-09-10 11:27:03.600000000,0.252657974615155,-0.1368430628121139,0.957829799089362
2025-09-10 11:27:03.609999872,0.2506694067594995,-0.1461397238056397,0.9569785941393112
2025-09-10 11:27:03.620000000,0.2539290885141862,-0.1468933742634167,0.9560033235318078
2025-09-10 11:27:03.630000128,0.2534426791524841,-0.1452275713293495,0.956386825980884
2025-09-10 11:27:03.640000000,0.2551713771335084,-0.1477657394262841,0.9555379922031316
2025-09-10 11:27:03.649999872,0.2567538520156561,-0.1459603923646272,0.9553915549845972
2025-09-10 11:27:03.660000000,0.2555161557934113,-0.1407642538426911,0.9565024406496136
2025-09-10 11:27:03.670000128,0.2555201535289603,-0.1416839271661248,0.9563655765047804
2025-09-10 11:27:03.680000000,0.2567924149674749,-0.1412163495638227,0.9560939275149908
2025-09-10 11:27:03.689999872,0.257088557142225,-0.1394526808801027,0.9562731950556188
2025-09-10 11:27:03.700000000,0.2591671933265061,-0.1352786560153361,0.9563116914113022
2025-09-10 11:27:03.710000128,0.2579373699629603,-0.1387918761699953,0.9561407471109072
2025-09-10 11:27:03.720000000,0.2596651393429124,-0.141297094840975,0.9553057868554584
2025-09-10 11:27:03.729999872,0.2607190851642902,-0.1404738019557374,0.9551401308683432
2025-09-10 11:27:03.740000000,0.2582563192627548,-0.1356959680653204,0.9564989690593868
2025-09-10 11:27:03.750000128,0.2622390835439566,-0.1352587330866199,0.9554767072963256
2025-09-10 11:27:03.760000000,0.2620204238581735,-0.1333265900419486,0.9558082014028596
2025-09-10 11:27:03.769999872,0.2592019832265869,-0.136733269883718,0.9560953638619478
2025-09-10 11:27:03.780000000,0.2386001576985206,-0.1326421144794404,0.9620166496546017
2025-09-10 11:27:03.790000128,0.1779812964363586,-0.1171338425750641,0.9770375228426148
2025-09-10 11:27:03.800000000,0.0935979446595283,-0.0982504079295093,0.9907503631577416
2025-09-10 11:27:03.809999872,0.0204029000572938,-0.0918177888552271,0.9955667809438948
2025-09-10 11:27:03.820000000,-0.0495106454300408,-0.099383514082265,0.9938166898969654
2025-09-10 11:27:03.830000128,-0.072320191555666,-0.0835562542585034,0.99387531525219
2025-09-10 11:27:03.840000000,-0.0739494371901834,-0.072626998168831,0.9946138948739052
2025-09-10 11:27:03.850000128,-0.0737041308115531,-0.076602359771532,0.9943338370883024
2025-09-10 11:27:03.860000000,-0.0746627871102292,-0.0809058196239021,0.9939213834966614
2025-09-10 11:27:03.870000128,-0.0759580182642828,-0.0832837221194852,0.9936267916533286
2025-09-10 11:27:03.880000000,-0.0807652637611115,-0.0831595208057557,0.9932580058922028
2025-09-10 11:27:03.889999872,-0.0820065633662736,-0.0901562273005711,0.99254560512038
2025-09-10 11:27:03.900000000,-0.0834928014486372,-0.0915129374850984,0.992297502959222
2025-09-10 11:27:03.910000128,-0.0861577319330966,-0.0836065007215279,0.9927672427438596
2025-09-10 11:27:03.920000000,-0.0851963490353287,-0.0858112926459594,0.992662079544434
2025-09-10 11:27:03.929999872,-0.0847124007207794,-0.0871339597956294,0.9925882742680652
2025-09-10 11:27:03.940000000,-0.0808640966358233,-0.0927093591729231,0.992404137736748
2025-09-10 11:27:03.950000128,-0.080650264450585,-0.0947794716001634,0.992225975575748
2025-09-10 11:27:03.960000000,-0.0799547249883175,-0.0907589437671859,0.9926580761159944
2025-09-10 11:27:03.969999872,-0.0798784814132111,-0.090968477058945,0.9926450344351176
2025-09-10 11:27:03.980000000,-0.0831556716390113,-0.0864538826424048,0.992779361414367
2025-09-10 11:27:03.990000128,-0.0818034654851363,-0.0851528170381269,0.9930041242538188
2025-09-10 11:27:04.000000000,-0.081298974091073,-0.0861217772225965,0.992961991367122
2025-09-10 11:27:04.009999872,-0.0795124997427626,-0.0888160743568062,0.9928693102923988
2025-09-10 11:27:04.020000000,-0.0796340393250328,-0.0843996632765474,0.9932447415514388
2025-09-10 11:27:04.030000128,-0.0790480370462653,-0.0826458683627221,0.9934390108515488
2025-09-10 11:27:04.040000000,-0.0814868829094115,-0.082333103895038,0.9932679134637928
2025-09-10 11:27:04.049999872,-0.0905256791465133,-0.0821242417275782,0.9925022470179768
2025-09-10 11:27:04.060000000,-0.0905629634839439,-0.0860246229646671,0.9921683898859068
2025-09-10 11:27:04.070000128,-0.0913837189959927,-0.0871520617198854,0.9919947248047416
2025-09-10 11:27:04.080000000,-0.0910840039572367,-0.0875141103745339,0.9919904156333728
2025-09-10 11:27:04.089999872,-0.0931557544326849,-0.0865668078723053,0.9918811386405514
2025-09-10 11:27:04.100000000,-0.0953199502198026,-0.0860285176845924,0.9917223407965994
2025-09-10 11:27:04.110000128,-0.0904333144973371,-0.0900935803184763,0.9918190169655068
2025-09-10 11:27:04.120000000,-0.0922541424126911,-0.0845337102186828,0.9921407284475134
2025-09-10 11:27:04.129999872,-0.0946550013061952,-0.07868777130758,0.9923954178523652
2025-09-10 11:27:04.140000000,-0.097139662093209,-0.0821034167303745,0.9918784779445592
2025-09-10 11:27:04.150000128,-0.0971047365806424,-0.0800025975064352,0.992053554262988
2025-09-10 11:27:04.160000000,-0.0945709337666955,-0.0817269919148225,0.9921577683408268
2025-09-10 11:27:04.169999872,-0.0920734523753251,-0.0816339246864081,0.9924003132345248
2025-09-10 11:27:04.180000000,-0.0933822278662806,-0.0815433355632216,0.9922854649464308
2025-09-10 11:27:04.190000128,-0.0951128762509584,-0.0798838684643116,0.9922560699388272
2025-09-10 11:27:04.200000000,-0.0999872629483904,-0.0782906469104567,0.9919037865914372
2025-09-10 11:27:04.209999872,-0.1007465309000074,-0.0748502600239918,0.9920925234502852
2025-09-10 11:27:04.220000000,-0.0982452333730545,-0.0778314771296509,0.9921139729321884
2025-09-10 11:27:04.230000128,-0.0963518243151092,-0.0782263397187131,0.992268595555338
2025-09-10 11:27:04.240000000,-0.0939954260465799,-0.0737325315752077,0.9928385436060756
2025-09-10 11:27:04.249999872,-0.0933669846340232,-0.0686073435519441,0.993265140126792
2025-09-10 11:27:04.260000000,-0.0933988875444173,-0.0719159046310433,0.9930280713386528
2025-09-10 11:27:04.270000128,-0.0921342875038469,-0.0617092172558762,0.9938326044016798
2025-09-10 11:27:04.280000000,-0.0930870259226817,-0.0595190988963135,0.9938773981087612
2025-09-10 11:27:04.289999872,-0.0939514523168499,-0.0648964516533341,0.9934593978469184
2025-09-10 11:27:04.300000000,-0.0894258858590091,-0.0625859783577739,0.9940251537317012
2025-09-10 11:27:04.310000128,-0.0880771424320029,-0.0615259434595787,0.9942117356289965
2025-09-10 11:27:04.320000000,-0.0872125274397289,-0.0661012520849789,0.993994265340788
2025-09-10 11:27:04.329999872,-0.0899169814627171,-0.0639727083946177,0.9938925641261688
2025-09-10 11:27:04.340000000,-0.0917355695324526,-0.0598363892185386,0.993983999774566
2025-09-10 11:27:04.350000128,-0.0928715020282651,-0.0630850134799443,0.993677596197705
2025-09-10 11:27:04.360000000,-0.0924893620660945,-0.0642967805463604,0.9936355679603966
2025-09-10 11:27:04.369999872,-0.0916669700501345,-0.0649574572989292,0.9936688056606616
2025-09-10 11:27:04.380000000,-0.0893424261381653,-0.0667300014665204,0.9937630692453936
2025-09-10 11:27:04.390000128,-0.064466103274847,-0.0674986629097993,0.9956344972096668
2025-09-10 11:27:04.400000000,-0.0458375873065448,-0.0677275635684167,0.9966503362378408
2025-09-10 11:27:04.409999872,-0.0448094303650313,-0.0720380939633872,0.9963948153059026
2025-09-10 11:27:04.420000000,-0.0436011171967417,-0.0747926428950336,0.9962454532633872
2025-09-10 11:27:04.430000128,-0.0454392846088498,-0.074287518765967,0.9962011021725644
2025-09-10 11:27:04.440000000,-0.047376820754763,-0.0748117912368991,0.996071600211098
2025-09-10 11:27:04.449999872,-0.045753339946433,-0.0773747426038607,0.9959516961633894
2025-09-10 11:27:04.460000000,-0.0443785136383107,-0.0771808690220997,0.996028945856619
2025-09-10 11:27:04.470000128,-0.0443950573830624,-0.0753849619463475,0.996165742430597
2025-09-10 11:27:04.480000000,-0.0449269344496579,-0.0755169264981275,0.9961319010920352
2025-09-10 11:27:04.489999872,-0.0450501727127272,-0.0767911900902842,0.9960289127646202
2025-09-10 11:27:04.500000000,-0.0450866098694921,-0.0805513913768921,0.9957302199681012
2025-09-10 11:27:04.510000128,-0.0476448939095287,-0.0843043784346582,0.9953003244554358
2025-09-10 11:27:04.520000000,-0.0478471391568256,-0.086335014940181,0.99511653411537
2025-09-10 11:27:04.529999872,-0.0478170623637185,-0.0843136050918381,0.9952912862792088
2025-09-10 11:27:04.540000000,-0.0453099997059573,-0.0816359439855492,0.9956317474730476
2025-09-10 11:27:04.550000128,-0.0428696301453838,-0.0788591891921018,0.9959635651424016
2025-09-10 11:27:04.560000000,-0.0461196767056418,-0.0787820078816022,0.9958244677927482
2025-09-10 11:27:04.570000128,-0.0440827595436094,-0.0772290237856388,0.9960383467498316
2025-09-10 11:27:04.580000000,-0.0424447503499863,-0.0766181852182979,0.9961566628104146
2025-09-10 11:27:04.590000128,-0.0442622100992101,-0.0795729599438071,0.9958458720117862
2025-09-10 11:27:04.600000000,-0.0442741558644292,-0.0815531380565994,0.9956851333607494
2025-09-10 11:27:04.609999872,-0.042589298336453,-0.0814129375242891,0.9957700965940256
2025-09-10 11:27:04.620000000,-0.0429113837264975,-0.0819659546304065,0.9957108995226494
2025-09-10 11:27:04.630000128,-0.0433112874103608,-0.0823865590822385,0.9956588709319302
2025-09-10 11:27:04.640000000,-0.0414101542378752,-0.0837537086607138,0.995625690413607
2025-09-10 11:27:04.649999872,-0.0407424588014887,-0.0836551796955502,0.995661520277305
2025-09-10 11:27:04.660000000,-0.0018275502202011,-0.0828274730874835,0.9965622257351192
2025-09-10 11:27:04.670000128,0.0222302207858882,-0.0919588604386418,0.995514633378454
2025-09-10 11:27:04.680000000,0.0263758951703705,-0.0957486039377433,0.9950560371144608
2025-09-10 11:27:04.689999872,0.0268947760986493,-0.0999586552336818,0.9946280401549504
2025-09-10 11:27:04.700000000,0.0267664130634836,-0.1006602328125252,0.9945607455866348
2025-09-10 11:27:04.710000128,0.0259816938681176,-0.098569988095847,0.9947908870865918
2025-09-10 11:27:04.720000000,0.0241769622614347,-0.0957502945207486,0.9951117302067136
2025-09-10 11:27:04.729999872,0.0263833725079799,-0.0962375323363651,0.9950086708290096
2025-09-10 11:27:04.740000000,0.0266045257542874,-0.0947751765568691,0.9951431380047816
2025-09-10 11:27:04.750000128,0.0246179722251958,-0.0968426243374515,0.99499520679999
2025-09-10 11:27:04.760000000,0.0231265514276747,-0.0966460929174664,0.9950500969010816
2025-09-10 11:27:04.769999872,0.0224638136510866,-0.0933020450857887,0.9953844008517808
2025-09-10 11:27:04.780000000,0.0226901656430675,-0.0939131075207681,0.9953217995296209
2025-09-10 11:27:04.790000128,0.0253719958685819,-0.0969929847500454,0.9949616187245224
2025-09-10 11:27:04.800000000,0.0261532000349357,-0.0970134170480292,0.994939398677426
2025-09-10 11:27:04.809999872,0.0242668945477994,-0.0943965667487398,0.9952388688224836
2025-09-10 11:27:04.820000000,0.0226970194259588,-0.0960284113295642,0.9951197865215512
2025-09-10 11:27:04.830000128,0.0235323629189609,-0.0940543498564071,0.9952889063827344
2025-09-10 11:27:04.840000000,0.0242865408970955,-0.0931789301221283,0.995353128750068
2025-09-10 11:27:04.850000128,0.0272913546904851,-0.0926360077585325,0.9953259526535612
2025-09-10 11:27:04.860000000,0.0257747253356718,-0.0959319212232806,0.9950541342179736
2025-09-10 11:27:04.870000128,0.0260032852515966,-0.0957196812412419,0.9950686266681306
2025-09-10 11:27:04.880000000,0.027524256989769,-0.0947204684613954,0.9951233331259072
2025-09-10 11:27:04.889999872,0.0256363431398001,-0.0947290594022988,0.9951729413600304
2025-09-10 11:27:04.900000000,0.0264414912096012,-0.0922631306083029,0.995383525216772
2025-09-10 11:27:04.910000128,0.0275235591468584,-0.0956218488489701,0.9950371428819098
2025-09-10 11:27:04.920000000,0.0265851985678544,-0.0954789551853394,0.9950763771358578
2025-09-10 11:27:04.929999872,0.0224266468526772,-0.0937232740524511,0.9953456652901216
2025-09-10 11:27:04.940000000,0.0235001481546459,-0.0934594919100983,0.9953457019591816
2025-09-10 11:27:04.950000128,0.0239770715512657,-0.0940693707148331,0.9952768728013028
2025-09-10 11:27:04.960000000,0.0242744894365677,-0.0935759761402623,0.9953161738121163
2025-09-10 11:27:04.969999872,0.0242989250691126,-0.094690779662729,0.9952101378539862
2025-09-10 11:27:04.980000000,0.0258669083492896,-0.0954757340093022,0.9950956171483394
2025-09-10 11:27:04.990000128,0.0238299293822562,-0.0950471155054479,0.9951875101204448
2025-09-10 11:27:05.000000000,0.0244428057263421,-0.094928851106125,0.9951839339920512
2025-09-10 11:27:05.009999872,0.0255072161364282,-0.0914538233489532,0.9954825865477648
2025-09-10 11:27:05.020000000,0.0252156164690119,-0.0893703621870832,0.9956792209585562
2025-09-10 11:27:05.030000128,0.0251643371086474,-0.0901033135230208,0.9956144580258236
2025-09-10 11:27:05.040000000,0.0222421011377057,-0.0904537255476124,0.99565225479157
2025-09-10 11:27:05.049999872,0.0233782872155519,-0.0911610203280556,0.9955617128333206
2025-09-10 11:27:05.060000000,0.0255565721855317,-0.0909768498627185,0.9955250245007315
2025-09-10 11:27:05.070000128,0.0295104363530926,-0.091482454130631,0.9953693257944444
2025-09-10 11:27:05.080000000,0.0593734766869095,-0.0860750404898978,0.9945179121920186
2025-09-10 11:27:05.089999872,0.0782708359589096,-0.0855790403873086,0.993252185542363
2025-09-10 11:27:05.100000000,0.0766153730185989,-0.0841122596945008,0.9935065235751128
2025-09-10 11:27:05.110000128,0.0776839927232253,-0.0809772926909696,0.99368399169103
2025-09-10 11:27:05.120000000,0.0782779249759823,-0.080531235259229,0.9936736318374748
2025-09-10 11:27:05.129999872,0.0795853020564374,-0.080998652436083,0.9935317800655016
2025-09-10 11:27:05.140000000,0.0798801720563228,-0.0823253071500324,0.9933990647845936
2025-09-10 11:27:05.150000128,0.0780687170729686,-0.0822522441515893,0.9935491149141084
2025-09-10 11:27:05.160000000,0.075445266274013,-0.0842883564066479,0.9935811415134193
2025-09-10 11:27:05.169999872,0.0752600276323471,-0.0843899016654556,0.9935865703287626
2025-09-10 11:27:05.180000000,0.0790632154793842,-0.0846334311776177,0.9932704517326406
2025-09-10 11:27:05.190000128,0.0817462235030554,-0.0824706454238112,0.993235192482812
2025-09-10 11:27:05.200000000,0.0820410316860081,-0.0829053290058624,0.9931746953795818
2025-09-10 11:27:05.209999872,0.0813656508909924,-0.0830324114597571,0.993219638097366
2025-09-10 11:27:05.220000000,0.0828824011929619,-0.0815753953675066,0.9932149628570464
2025-09-10 11:27:05.230000128,0.0822656049494955,-0.0801670209068603,0.9933809032799116
2025-09-10 11:27:05.240000000,0.0803857906587291,-0.0802835623861295,0.9935253767623472
2025-09-10 11:27:05.249999872,0.0801706327846448,-0.0824367476734481,0.9933664239704972
2025-09-10 11:27:05.260000000,0.0796343257338394,-0.0786434728707837,0.99371705144862
2025-09-10 11:27:05.270000128,0.0785085344017116,-0.0768381824438932,0.9939478375371688
2025-09-10 11:27:05.280000000,0.0805403031339302,-0.0783862662585409,0.9936643562255516
2025-09-10 11:27:05.289999872,0.0810747295782811,-0.0787217523203196,0.9935943709257954
2025-09-10 11:27:05.300000000,0.0818102501298641,-0.0826717706232858,0.99321320033299
2025-09-10 11:27:05.310000128,0.0828579214919489,-0.0851341787431539,0.9929182929404428
2025-09-10 11:27:05.320000000,0.0793987290777669,-0.0831789531584119,0.9933665504597516
2025-09-10 11:27:05.329999872,0.0802524689158054,-0.0816905606980959,0.9934214581564808
2025-09-10 11:27:05.340000000,0.0816277673612349,-0.0787346325907765,0.9935480689057856
2025-09-10 11:27:05.350000128,0.0837914153704762,-0.078768427006503,0.9933652569005692
2025-09-10 11:27:05.360000000,0.0835361105686761,-0.0783823006881438,0.9934173006193778
2025-09-10 11:27:05.369999872,0.08327273569758,-0.0795316386128262,0.99334806082712
2025-09-10 11:27:05.380000000,0.0857469928104318,-0.0829650624821279,0.992856611818295
2025-09-10 11:27:05.390000128,0.0838894870819998,-0.0797697147826161,0.9932770744161062
2025-09-10 11:27:05.400000000,0.0788788430438968,-0.0763026540294095,0.9939597743913609
2025-09-10 11:27:05.409999872,0.0842814329704132,-0.0834190312618881,0.9929440594916624
2025-09-10 11:27:05.420000000,0.1075750298969598,-0.0820567662938859,0.9908048748608672
2025-09-10 11:27:05.430000128,0.1156899154531332,-0.0826435390881082,0.9898413453222892
2025-09-10 11:27:05.440000000,0.1129958681967657,-0.0867774478164026,0.9897987716303404
2025-09-10 11:27:05.449999872,0.1118616285837903,-0.0895822039336852,0.9896777277422008
2025-09-10 11:27:05.460000000,0.1109725391754008,-0.0864823205984568,0.9900534853091876
2025-09-10 11:27:05.470000128,0.1100252654434092,-0.0834014052368832,0.9904234683046542
2025-09-10 11:27:05.480000000,0.1102891127244079,-0.0873490720851345,0.990053761782828
2025-09-10 11:27:05.489999872,0.1094057423596719,-0.0868508721886586,0.99019559155694
2025-09-10 11:27:05.500000000,0.1090968775791941,-0.0879767822232841,0.9901302727884382
2025-09-10 11:27:05.510000128,0.1079491648089961,-0.0858429010840293,0.9904433220283316
2025-09-10 11:27:05.520000000,0.1094709698973884,-0.0873071960240877,0.9901482516634248
2025-09-10 11:27:05.529999872,0.1109516803658748,-0.0890557833672894,0.9898276577631216
2025-09-10 11:27:05.540000000,0.1093535136339687,-0.0880877424962923,0.9900920960586508
2025-09-10 11:27:05.550000128,0.1087089862237741,-0.0851453390112562,0.9904204296958224
2025-09-10 11:27:05.560000000,0.1079909809040198,-0.0859989460663842,0.9904252265157923
2025-09-10 11:27:05.570000128,0.1071323723678044,-0.0885781662637164,0.9902911507492146
2025-09-10 11:27:05.580000000,0.1164073774125061,-0.0965002395189206,0.9885024159083948
2025-09-10 11:27:05.590000128,0.1518417840376589,-0.1000431221942553,0.9833287580061344
2025-09-10 11:27:05.600000000,0.1635935807631809,-0.088629602819998,0.9825385151926872
2025-09-10 11:27:05.609999872,0.1617469080100182,-0.0820135010777015,0.9834183867460364
2025-09-10 11:27:05.620000000,0.1584767331050423,-0.0826264621718788,0.983899381447774
2025-09-10 11:27:05.630000128,0.1577771019593816,-0.086974463072018,0.9836370412253868
2025-09-10 11:27:05.640000000,0.1591666318921372,-0.0882247721087887,0.9833017710135912
2025-09-10 11:27:05.649999872,0.1575218373134844,-0.0868555630285586,0.9836884577651483
2025-09-10 11:27:05.660000000,0.1556280094726851,-0.0887463281123705,0.9838211280075976
2025-09-10 11:27:05.670000128,0.1531036902410261,-0.0844200883251491,0.984597637983026
2025-09-10 11:27:05.680000000,0.1564592858489858,-0.0823213145577546,0.9842477803079408
2025-09-10 11:27:05.689999872,0.1562171992361853,-0.0899381019687759,0.9836195018791852
2025-09-10 11:27:05.700000000,0.1550956484788069,-0.0905465715697401,0.983741154064373
2025-09-10 11:27:05.710000128,0.1535838439642563,-0.0896456512961733,0.9840608010061412
2025-09-10 11:27:05.720000000,0.1546180732251751,-0.0846792386514887,0.9843387008410972
2025-09-10 11:27:05.729999872,0.1548226313489455,-0.0888493909308976,0.983938889643761
2025-09-10 11:27:05.740000000,0.1575280169958455,-0.09347685968412,0.9830803632282316
2025-09-10 11:27:05.750000128,0.1579555490741447,-0.090690717754622,0.9832727181356335
2025-09-10 11:27:05.760000000,0.1601478306597078,-0.0919182851102792,0.9828039993800264
2025-09-10 11:27:05.769999872,0.1595119166006879,-0.0891465760577185,0.9831626703855068
2025-09-10 11:27:05.780000000,0.1584854685323165,-0.0873911247357873,0.9834862213480706
2025-09-10 11:27:05.790000128,0.1594217375987257,-0.0902765642738093,0.9830741841407086
2025-09-10 11:27:05.800000000,0.1659019492475896,-0.091735944530803,0.9818661108913432
2025-09-10 11:27:05.809999872,0.1865968525218643,-0.1006832211738116,0.977263784043489
2025-09-10 11:27:05.820000000,0.1959945933641547,-0.1062892866198226,0.9748275267563328
2025-09-10 11:27:05.830000128,0.1945959959844073,-0.1074479651621573,0.9749806834647282
2025-09-10 11:27:05.840000000,0.1955027600660158,-0.1134077354857191,0.9741238916783488
2025-09-10 11:27:05.850000128,0.1929138597139023,-0.1129573256150813,0.974692200297188
2025-09-10 11:27:05.860000000,0.1903902121954905,-0.1096550074337494,0.9755651420816864
2025-09-10 11:27:05.870000128,0.1904233799545315,-0.108424997546645,0.975696139314747
2025-09-10 11:27:05.880000000,0.196299259115781,-0.110228664505027,0.9743286110917784
2025-09-10 11:27:05.889999872,0.1983857003791495,-0.1108724296760962,0.9738328492214632
2025-09-10 11:27:05.900000000,0.1962099248973814,-0.1051676040698043,0.9749058623405548
2025-09-10 11:27:05.910000128,0.1947705880751372,-0.1029992211264148,0.9754258446792442
2025-09-10 11:27:05.920000000,0.19348375487487,-0.1072123095470729,0.9752279514457652
2025-09-10 11:27:05.929999872,0.1957758672836428,-0.105333014123213,0.9749752642631796
2025-09-10 11:27:05.940000000,0.1969524600721045,-0.1041374779592593,0.974866716098068
2025-09-10 11:27:05.950000128,0.1950735342969161,-0.1059576787145501,0.9750483508720652
2025-09-10 11:27:05.960000000,0.1953812822036121,-0.1080140234149269,0.974761060624701
2025-09-10 11:27:05.969999872,0.1978371592648244,-0.1063330313535178,0.9744504835327428
2025-09-10 11:27:05.980000000,0.1960191816933471,-0.1075237792639286,0.9746871894618666
2025-09-10 11:27:05.990000128,0.1970199825069933,-0.1051952934519326,0.9747394917251
2025-09-10 11:27:06.000000000,0.1951699339006554,-0.1043648833715215,0.9752008347105032
2025-09-10 11:27:06.009999872,0.1925415008736002,-0.1069142335182619,0.9754471370159143
2025-09-10 11:27:06.020000000,0.1937357520052864,-0.1042499390139313,0.9754990561812644
2025-09-10 11:27:06.030000128,0.1930656887443695,-0.102444166461817,0.9758231564108354
2025-09-10 11:27:06.040000000,0.1928255013433387,-0.100755240305559,0.9760464679423102
2025-09-10 11:27:06.049999872,0.1921283064530974,-0.1031850523391237,0.9759300993581648
2025-09-10 11:27:06.060000000,0.1934345289791955,-0.1063795270294701,0.97532890822921
2025-09-10 11:27:06.070000128,0.1907694235174551,-0.1044350201041775,0.9760637036723872
2025-09-10 11:27:06.080000000,0.1891891622341745,-0.1069314538349131,0.9761009809819284
2025-09-10 11:27:06.089999872,0.188187171558986,-0.107329912645092,0.9762509299930144
2025-09-10 11:27:06.100000000,0.1892528140585379,-0.1056182983168382,0.9762316054254644
2025-09-10 11:27:06.110000128,0.1906430786069164,-0.1043401771756365,0.9760985319148032
2025-09-10 11:27:06.120000000,0.1979540083971045,-0.1082517594361637,0.9742154623790849
2025-09-10 11:27:06.129999872,0.2274737472656124,-0.1344692685343577,0.9644551363981504
2025-09-10 11:27:06.140000000,0.237815301475131,-0.1381680515528118,0.961433030384536
2025-09-10 11:27:06.150000128,0.2357524003986153,-0.1381913294692362,0.9619376082500444
2025-09-10 11:27:06.160000000,0.2367256214070514,-0.1399189944799033,0.9614487272617184
2025-09-10 11:27:06.169999872,0.2348321530982063,-0.1397126927265886,0.961942941843406
2025-09-10 11:27:06.180000000,0.2345610995559981,-0.1350469715111611,0.9626751300728326
2025-09-10 11:27:06.190000128,0.2354368898053468,-0.1362674429174815,0.962289278190044
2025-09-10 11:27:06.200000000,0.2328546005740428,-0.1389226831552703,0.9625379073555718
2025-09-10 11:27:06.209999872,0.2332910324084868,-0.1394433641774144,0.9623569204742424
2025-09-10 11:27:06.220000000,0.2298342169689485,-0.1433562468563981,0.9626137435116526
2025-09-10 11:27:06.230000128,0.229486714055249,-0.1435704683113084,0.9626647228921376
2025-09-10 11:27:06.240000000,0.2302232545782538,-0.1407140367262875,0.9629105944580678
2025-09-10 11:27:06.249999872,0.2287824325758275,-0.1388673448452405,0.9635219037885544
2025-09-10 11:27:06.260000000,0.2319353083176159,-0.1408044838808504,0.9624864207222148
2025-09-10 11:27:06.270000128,0.2325823419845959,-0.1402096020285264,0.9624171245857812
2025-09-10 11:27:06.280000000,0.2355982572236978,-0.1405184658437135,0.9616381970107498
2025-09-10 11:27:06.289999872,0.2315190189478459,-0.1400580438540928,0.9626955324593502
2025-09-10 11:27:06.300000000,0.2266433301013993,-0.1319650340955421,0.96499638895527
2025-09-10 11:27:06.310000128,0.2256109869997085,-0.1347191110132281,0.9648577323485692
2025-09-10 11:27:06.320000000,0.2406115623446783,-0.1347971704912081,0.9612157920538016
2025-09-10 11:27:06.329999872,0.2605475467760767,-0.1279117679811993,0.9569501321808216
2025-09-10 11:27:06.340000000,0.2604471668279204,-0.1299103187265753,0.9567082012712492
2025-09-10 11:27:06.350000128,0.2606522617805297,-0.1286075402853245,0.9568283539958736
2025-09-10 11:27:06.360000000,0.2636044793204727,-0.1296316184665142,0.955880914118456
2025-09-10 11:27:06.369999872,0.262796935536317,-0.1312907610729855,0.9558768261285536
2025-09-10 11:27:06.380000000,0.2573795995448225,-0.133536859068365,0.9570390007770334
2025-09-10 11:27:06.390000128,0.262729108363519,-0.137332981467221,0.9550461076931492
2025-09-10 11:27:06.400000000,0.2614731036186695,-0.1353621110603806,0.9556719703817298
2025-09-10 11:27:06.409999872,0.2577840741570271,-0.1362831369425349,0.9565428781273252
2025-09-10 11:27:06.420000000,0.2549100219807249,-0.1344953154417517,0.9575656065346176
2025-09-10 11:27:06.430000128,0.2516122673063414,-0.1334187264672501,0.9585878730553706
2025-09-10 11:27:06.440000000,0.2520788298515223,-0.1360673494551733,0.9580928660380116
2025-09-10 11:27:06.449999872,0.2543079905183905,-0.1378871884529203,0.9572432132008288
2025-09-10 11:27:06.460000000,0.2537324917954624,-0.1376242856788472,0.9574337463232914
2025-09-10 11:27:06.470000128,0.2518732158626943,-0.1391964619060093,0.9576973572709876
2025-09-10 11:27:06.480000000,0.2528029048843196,-0.1403289206052962,0.9572870443726909
2025-09-10 11:27:06.489999872,0.2498737588874982,-0.1350524934902352,0.9588138133243088
2025-09-10 11:27:06.500000000,0.2526720741042977,-0.1383387321804084,0.9576112040627708
2025-09-10 11:27:06.510000128,0.2272297537159787,-0.1324569669953786,0.964791060759044
2025-09-10 11:27:06.520000000,0.14732571846732,-0.1162904045526052,0.9822279137181348
2025-09-10 11:27:06.529999872,0.0647927866889614,-0.107809586872922,0.9920579558530684
2025-09-10 11:27:06.540000000,-0.0105359823041783,-0.1047721339607889,0.9944404421694588
2025-09-10 11:27:06.550000128,-0.0804285328230418,-0.0973911699702554,0.9919910337900024
2025-09-10 11:27:06.560000000,-0.1099389062782433,-0.0992483020506808,0.9889707839094138
2025-09-10 11:27:06.570000128,-0.1097875477324065,-0.0926875886272718,0.9896240221808312
2025-09-10 11:27:06.580000000,-0.1077658258512192,-0.0956614192714168,0.9895632469132952
2025-09-10 11:27:06.590000128,-0.1050950694182162,-0.097649255191197,0.9896563289064464
2025-09-10 11:27:06.600000000,-0.1049685769027198,-0.1028533927279424,0.9891424454887018
2025-09-10 11:27:06.609999872,-0.106537758696285,-0.0982671071385322,0.9894408934477068
2025-09-10 11:27:06.620000000,-0.1080832940091672,-0.0976135287386305,0.9893379607410808
2025-09-10 11:27:06.630000128,-0.1039761811011603,-0.1013585161256278,0.9894015387962714
2025-09-10 11:27:06.640000000,-0.1022323712316112,-0.1040463145848357,0.9893042538540284
2025-09-10 11:27:06.649999872,-0.1022552296125991,-0.108793610437235,0.9887910893332856
2025-09-10 11:27:06.660000000,-0.1030029915967797,-0.1077557876970988,0.9888271203501104
2025-09-10 11:27:06.670000128,-0.1043606788629669,-0.1015430967452201,0.98934212899818
2025-09-10 11:27:06.680000000,-0.1025709804890489,-0.1023325981016819,0.9894479437177456
2025-09-10 11:27:06.689999872,-0.0999146331782669,-0.1038171808353275,0.9895650858029792
2025-09-10 11:27:06.700000000,-0.1008364055324147,-0.1044348541764301,0.9894065800026046
2025-09-10 11:27:06.710000128,-0.1008754440731851,-0.1021788018830036,0.98963813448593
2025-09-10 11:27:06.720000000,-0.0990541619578466,-0.1026747278688337,0.9897707680346444
2025-09-10 11:27:06.729999872,-0.1005069129468433,-0.1052336512120095,0.9893554665045748
2025-09-10 11:27:06.740000000,-0.1034846765686621,-0.1079505678938061,0.9887555798107458
2025-09-10 11:27:06.750000128,-0.1006982945397824,-0.1117156225137629,0.9886250417439068
2025-09-10 11:27:06.760000000,-0.1033759706136397,-0.1104308922101186,0.9884930079395428
2025-09-10 11:27:06.769999872,-0.1038646341574371,-0.1088048781357705,0.9886220897113324
2025-09-10 11:27:06.780000000,-0.1052331160998504,-0.1113629630425393,0.9881924315325944
2025-09-10 11:27:06.790000128,-0.1088793957062918,-0.1105414191709623,0.9878896050866728
2025-09-10 11:27:06.800000000,-0.1118837668690466,-0.1074179233400405,0.9878984828698272
2025-09-10 11:27:06.809999872,-0.1088503810464335,-0.1126341831800003,0.987656385250164
2025-09-10 11:27:06.820000000,-0.1103382826745076,-0.1145144310495123,0.9872749913057896
2025-09-10 11:27:06.830000128,-0.1131268851623909,-0.1123567363243635,0.9872073093611052
2025-09-10 11:27:06.840000000,-0.1108797236944539,-0.114035126673075,0.9872698095040168
2025-09-10 11:27:06.850000128,-0.112296898667092,-0.1128122688910778,0.9872501195428643
2025-09-10 11:27:06.860000000,-0.1095239048342179,-0.1116200595129859,0.9876970570899676
2025-09-10 11:27:06.870000128,-0.1091529467443426,-0.1133481294618561,0.9875413083838696
2025-09-10 11:27:06.880000000,-0.1117737181840016,-0.1090026655527681,0.9877373410101062
2025-09-10 11:27:06.889999872,-0.1115645068746514,-0.1091717538114917,0.9877423191174604
2025-09-10 11:27:06.900000000,-0.111445040223931,-0.1155957818284725,0.9870246289900524
2025-09-10 11:27:06.910000128,-0.1126213253108765,-0.1163598254182003,0.9868013113661066
2025-09-10 11:27:06.920000000,-0.1133027418832936,-0.1164094677258364,0.986717449174542
2025-09-10 11:27:06.929999872,-0.1045433143701644,-0.1145832215201336,0.9878974545804688
2025-09-10 11:27:06.940000000,-0.0829171244775205,-0.1048382152576496,0.9910265884879024
2025-09-10 11:27:06.950000128,-0.0682887083253599,-0.1060231593549216,0.9920159988607316
2025-09-10 11:27:06.960000000,-0.067246817122667,-0.1048918805907998,0.9922074173140392
2025-09-10 11:27:06.969999872,-0.0679607755491575,-0.1025223841725914,0.9924064156031664
2025-09-10 11:27:06.980000000,-0.0668444691633368,-0.1013893744607719,0.9925986155988356
2025-09-10 11:27:06.990000128,-0.0659938687093815,-0.0992604166667963,0.9928706758565806
2025-09-10 11:27:07.000000000,-0.0653513090419994,-0.1032027539585637,0.9925111576107672
2025-09-10 11:27:07.009999872,-0.0677880344810413,-0.0991419529764314,0.9927616307760972
2025-09-10 11:27:07.020000000,-0.069175845801156,-0.0989965516403158,0.9926804043200516
2025-09-10 11:27:07.030000128,-0.0677379663174246,-0.1038519468711593,0.9922833975484268
2025-09-10 11:27:07.040000000,-0.0656322608035878,-0.1043225689580177,0.9923755377616932
2025-09-10 11:27:07.049999872,-0.0630007246655211,-0.1058469625594444,0.9923846679632646
2025-09-10 11:27:07.060000000,-0.0637902849539768,-0.1055869837585885,0.9923619241014108
2025-09-10 11:27:07.070000128,-0.0623820327903238,-0.1050534793235126,0.9925080596483696
2025-09-10 11:27:07.080000000,-0.0620775847567215,-0.1001888098272497,0.9930299974603845
2025-09-10 11:27:07.089999872,-0.061013158115622,-0.1009044417307377,0.9930235083701524
2025-09-10 11:27:07.100000000,-0.0617002304002016,-0.099699764332127,0.9931027331352384
2025-09-10 11:27:07.110000128,-0.0587070467993295,-0.097823759125961,0.9934706814026104
2025-09-10 11:27:07.120000000,-0.0568688234386651,-0.1000925443731578,0.9933516091906276
2025-09-10 11:27:07.129999872,-0.0553504321669695,-0.0980464292038142,0.9936413977785504
2025-09-10 11:27:07.140000000,-0.0555211745870367,-0.0962297503236642,0.9938094557434644
2025-09-10 11:27:07.150000128,-0.0557370373894421,-0.0979182987002955,0.9936324216946064
2025-09-10 11:27:07.160000000,-0.0568308461043433,-0.0988411833595524,0.9934790764797956
2025-09-10 11:27:07.169999872,-0.0557477477348315,-0.1044053483769084,0.9929711535854352
2025-09-10 11:27:07.180000000,-0.0530568013943195,-0.1033359566911346,0.993230414294957
2025-09-10 11:27:07.190000128,-0.0431641584323081,-0.1025774750875473,0.9937880644440716
2025-09-10 11:27:07.200000000,-0.0178559064554812,-0.112073498824494,0.9935394795708368
2025-09-10 11:27:07.209999872,-0.0086207781284649,-0.1149182864850304,0.9933375406254434
2025-09-10 11:27:07.220000000,-0.0052457010291392,-0.1180781796686067,0.9929904461307072
2025-09-10 11:27:07.230000128,-0.0022942377676699,-0.1200195761420635,0.992768874318562
2025-09-10 11:27:07.240000000,0.00145050981223,-0.120208416144377,0.9927476178311108
2025-09-10 11:27:07.249999872,0.0023452915085026,-0.1195402974016471,0.9928265794713927
2025-09-10 11:27:07.260000000,0.0036731831457196,-0.118719682856952,0.992921016308912
2025-09-10 11:27:07.270000128,0.005506356446432,-0.1186850282423082,0.9929166853819144
2025-09-10 11:27:07.280000000,0.0066637094305675,-0.1213744316295752,0.992584425791188
2025-09-10 11:27:07.289999872,0.0083361681986843,-0.1215938148825641,0.9925449372608112
2025-09-10 11:27:07.300000000,0.0100540529032846,-0.1233448512019564,0.9923129363775248
2025-09-10 11:27:07.310000128,0.0077483775452241,-0.1199650533306448,0.9927478776732752
2025-09-10 11:27:07.320000000,0.0099754335208592,-0.1214230602502804,0.9925507196942268
2025-09-10 11:27:07.329999872,0.0136386442569893,-0.1236487449170388,0.992232319199124
2025-09-10 11:27:07.340000000,0.0135783848935938,-0.1261108948479626,0.9919232176254004
2025-09-10 11:27:07.350000128,0.0140975028502881,-0.1256198522019932,0.9919782825980292
2025-09-10 11:27:07.360000000,0.0158672778551469,-0.1298425004256214,0.9914076631621778
2025-09-10 11:27:07.369999872,0.0155431494102751,-0.1287581770561284,0.9915542054510144
2025-09-10 11:27:07.380000000,0.0156577136661954,-0.1263941633477177,0.9918565175842612
2025-09-10 11:27:07.390000128,0.0171490759302521,-0.1226548912463902,0.9923012077227734
2025-09-10 11:27:07.400000000,0.0171631951272037,-0.1239273912216937,0.992142845782809
2025-09-10 11:27:07.409999872,0.0213655647095478,-0.1241502942093194,0.9920333749891592
2025-09-10 11:27:07.420000000,0.0479097131408268,-0.1208354621884173,0.991515733846153
2025-09-10 11:27:07.430000128,0.0731334767708553,-0.1291369697168382,0.9889262548985942
2025-09-10 11:27:07.440000000,0.0870590042342034,-0.1311107314435681,0.9875376984612192
2025-09-10 11:27:07.449999872,0.0941753572156307,-0.1308866440170006,0.986914225508618
2025-09-10 11:27:07.460000000,0.0933731927205696,-0.1319126170671465,0.986853843453864
2025-09-10 11:27:07.470000128,0.0945748350985666,-0.1328568022170778,0.9866127257798428
2025-09-10 11:27:07.480000000,0.0961789544599767,-0.1319307552304296,0.9865819198339862
2025-09-10 11:27:07.489999872,0.0974261822371251,-0.1286775128739098,0.9868891714348088
2025-09-10 11:27:07.500000000,0.0968939365958562,-0.1291545469374533,0.9868792570807938
2025-09-10 11:27:07.510000128,0.0966056842904508,-0.1294400013214586,0.9868701169964944
2025-09-10 11:27:07.520000000,0.0955377496360789,-0.1274689224928376,0.9872305770148072
2025-09-10 11:27:07.529999872,0.094421784842494,-0.1271136754925366,0.9873837349531012
2025-09-10 11:27:07.540000000,0.0942618205559192,-0.1270046915129295,0.987413043016543
2025-09-10 11:27:07.550000128,0.0971926430458986,-0.1268069132785193,0.9871542923386024
2025-09-10 11:27:07.560000000,0.0973123814629415,-0.1270721146115406,0.9871083922762296
2025-09-10 11:27:07.570000128,0.0959002615912886,-0.1239205190824375,0.9876471256360044
2025-09-10 11:27:07.580000000,0.0968006712869943,-0.1239010951002088,0.987561718917535
2025-09-10 11:27:07.590000128,0.0970045762670923,-0.1251384263321498,0.987385682718944
2025-09-10 11:27:07.600000000,0.0935400043556475,-0.1225743290115985,0.9880413966289578
2025-09-10 11:27:07.609999872,0.088753912213348,-0.1253728359290163,0.988131770098473
2025-09-10 11:27:07.620000000,0.0858592712368685,-0.1254488319872912,0.9883778508726804
2025-09-10 11:27:07.630000128,0.083122871219779,-0.1228066689815974,0.9889434313113288
2025-09-10 11:27:07.640000000,0.0817946119540595,-0.1233552043855564,0.98898591244076
2025-09-10 11:27:07.649999872,0.0819357256701186,-0.1256600863308173,0.9886840140116774
2025-09-10 11:27:07.660000000,0.081503556869859,-0.1256650072632472,0.9887191088307588
2025-09-10 11:27:07.670000128,0.0827377554162702,-0.1246703067789762,0.9887425238333352
2025-09-10 11:27:07.680000000,0.0823242013237222,-0.1249832361624459,0.988737536738023
2025-09-10 11:27:07.689999872,0.0824757896565699,-0.1263138386320539,0.9885557942223396
2025-09-10 11:27:07.700000000,0.082578956270348,-0.1241851396111917,0.9888168521425232
2025-09-10 11:27:07.710000128,0.0859727900285853,-0.1235548275448573,0.9886065364770058
2025-09-10 11:27:07.720000000,0.0900501597337081,-0.1262881372200659,0.9878979072401256
2025-09-10 11:27:07.729999872,0.0914313493052662,-0.1258465205572998,0.9878273946534584
2025-09-10 11:27:07.740000000,0.0911096867930145,-0.1248726186793577,0.9879806951943132
2025-09-10 11:27:07.750000128,0.0889133307981372,-0.1243984184671088,0.9882405846195872
2025-09-10 11:27:07.760000000,0.0898818276145803,-0.1211167746822201,0.9885605616021912
2025-09-10 11:27:07.769999872,0.0919843047367511,-0.1206762725792511,0.9884210261414288
2025-09-10 11:27:07.780000000,0.0926851739363443,-0.1196836279667575,0.9884762454045644
2025-09-10 11:27:07.790000128,0.0911858781472521,-0.120867994105113,0.9884715795750127
2025-09-10 11:27:07.800000000,0.0947141760519235,-0.1201159520814953,0.9882314419762008
2025-09-10 11:27:07.809999872,0.094620409854769,-0.1184749722364753,0.988438495300786
2025-09-10 11:27:07.820000000,0.0932721184807045,-0.1203058768744222,0.9883454901518992
2025-09-10 11:27:07.830000128,0.090833171205673,-0.1214145324911583,0.9884370725082476
2025-09-10 11:27:07.840000000,0.1037478054158286,-0.1226684360117661,0.9870100544968256
2025-09-10 11:27:07.850000128,0.1350875556326061,-0.1305473772515352,0.9821958738489756
2025-09-10 11:27:07.860000000,0.1468547289777918,-0.1424697802181489,0.9788442421046628
2025-09-10 11:27:07.870000128,0.1492920997469597,-0.1453888279039226,0.9780459895495034
2025-09-10 11:27:07.880000000,0.1459141950816613,-0.1443939401251552,0.9787029364055286
2025-09-10 11:27:07.889999872,0.1458120908359249,-0.142970481403167,0.9789271043409732
2025-09-10 11:27:07.900000000,0.1457991444216495,-0.1404252586534224,0.97929737884773
2025-09-10 11:27:07.910000128,0.1447928408783516,-0.1394252411138751,0.9795895239184188
2025-09-10 11:27:07.920000000,0.1450289163287638,-0.1360779320914584,0.980025208770783
2025-09-10 11:27:07.929999872,0.1447384827382125,-0.1365948609947034,0.979996232423614
2025-09-10 11:27:07.940000000,0.1428045912858755,-0.1368957475438828,0.9802379318369984
2025-09-10 11:27:07.950000128,0.1422042378509971,-0.136524397189775,0.9803769906057496
2025-09-10 11:27:07.960000000,0.1409890530427008,-0.1351768627705501,0.980739161394932
2025-09-10 11:27:07.969999872,0.1382495491074544,-0.1354852171332452,0.9810865497548844
2025-09-10 11:27:07.980000000,0.1386842393916885,-0.1387660139396102,0.980566507239392
2025-09-10 11:27:07.990000128,0.1416814628087043,-0.139310461083857,0.9800606912477354
2025-09-10 11:27:08.000000000,0.1391772532472323,-0.1356320373639958,0.9809350858334344
2025-09-10 11:27:08.009999872,0.1382707416149406,-0.1363900086507579,0.980958188483842
2025-09-10 11:27:08.020000000,0.1376452507782299,-0.1387440610346277,0.980715998883376
2025-09-10 11:27:08.030000128,0.1349378910334119,-0.1372170089329863,0.9813069132656408
2025-09-10 11:27:08.040000000,0.1346946910995117,-0.1398593528284334,0.9809672275953052
2025-09-10 11:27:08.049999872,0.1338690098728379,-0.1443153329031661,0.9804346856801396
2025-09-10 11:27:08.060000000,0.1355496577561656,-0.1403885186366103,0.9807738547275844
2025-09-10 11:27:08.070000128,0.1364561943574811,-0.1377129190623086,0.9810274506581412
2025-09-10 11:27:08.080000000,0.1338336598598974,-0.138380334346638,0.9812947745476984
2025-09-10 11:27:08.089999872,0.1325854652984252,-0.1349237726342836,0.9819453497877224
2025-09-10 11:27:08.100000000,0.1346040489014282,-0.1382681343235005,0.981205214544868
2025-09-10 11:27:08.110000128,0.1336304276696804,-0.1425146765796443,0.980730582657754
2025-09-10 11:27:08.120000000,0.1484824398028264,-0.1386515416165606,0.9791469323230052
2025-09-10 11:27:08.129999872,0.1748971216531847,-0.143399762613444,0.9740880375612048
2025-09-10 11:27:08.140000000,0.1810731096685568,-0.1444116031445051,0.9728092402070372
2025-09-10 11:27:08.150000128,0.18395148358357,-0.1426350507325659,0.9725312817539196
2025-09-10 11:27:08.160000000,0.1834830701079896,-0.1441255091160034,0.9724000208791644
2025-09-10 11:27:08.169999872,0.1804508948360301,-0.1420292354069788,0.9732754855859594
2025-09-10 11:27:08.180000000,0.1818588776030691,-0.1386405743314798,0.9735019978335891
2025-09-10 11:27:08.190000128,0.1809896388922461,-0.138112061599445,0.9737390867447016
2025-09-10 11:27:08.200000000,0.1812116580141219,-0.1390756896148617,0.9735606234631328
2025-09-10 11:27:08.209999872,0.1789528349993057,-0.1372902284741186,0.974231633653535
2025-09-10 11:27:08.220000000,0.1754608999333247,-0.1383833832000377,0.9747120148273024
2025-09-10 11:27:08.230000128,0.1773497417839321,-0.1390569210572352,0.9742742128349976
2025-09-10 11:27:08.240000000,0.1784255832513585,-0.1387558943051289,0.974120687100421
2025-09-10 11:27:08.249999872,0.1764246128866557,-0.1390882609102499,0.9744376899754832
2025-09-10 11:27:08.260000000,0.1754208466986142,-0.1383337078534806,0.9747262753281298
2025-09-10 11:27:08.270000128,0.1743852016847512,-0.1375685654604902,0.9750203542647258
2025-09-10 11:27:08.280000000,0.1723792873457459,-0.1410218519729989,0.9748836948889228
2025-09-10 11:27:08.289999872,0.1740221530021772,-0.1412343024592521,0.9745610099287452
2025-09-10 11:27:08.300000000,0.1726946806429217,-0.1383058124112345,0.9752169243460184
2025-09-10 11:27:08.310000128,0.1705244583342614,-0.1363081487705778,0.9758798582246406
2025-09-10 11:27:08.320000000,0.1663242798684822,-0.1349425762684105,0.9767941108730516
2025-09-10 11:27:08.329999872,0.1691364251562798,-0.1331063704396214,0.9765631386826684
2025-09-10 11:27:08.340000000,0.1693303109699463,-0.1370620595297157,0.9759821912434132
2025-09-10 11:27:08.350000128,0.1699164481720356,-0.1376971671253166,0.9757909052692908
2025-09-10 11:27:08.360000000,0.169731632709468,-0.136291134060956,0.9760204401723136
2025-09-10 11:27:08.369999872,0.1698123721840213,-0.1357202742211631,0.9760859416150648
2025-09-10 11:27:08.380000000,0.168738478821296,-0.1355910637157351,0.976290115286184
2025-09-10 11:27:08.390000128,0.1668226180490412,-0.1377873935031762,0.9763118601650114
2025-09-10 11:27:08.400000000,0.1670608793711077,-0.137719110265545,0.9762807532935488
2025-09-10 11:27:08.409999872,0.1703699562600748,-0.1376859035764684,0.975713415896426
2025-09-10 11:27:08.420000000,0.1728258157511415,-0.1386053978089495,0.9751511580817488
2025-09-10 11:27:08.430000128,0.1696383792663472,-0.1325761911719658,0.9765481932880842
2025-09-10 11:27:08.440000000,0.1704896832839359,-0.1293668803129851,0.976830322098894
2025-09-10 11:27:08.449999872,0.1716806231856149,-0.1294661575450849,0.9766085590824556
2025-09-10 11:27:08.460000000,0.169318058013583,-0.126887157523563,0.9773592197785314
2025-09-10 11:27:08.470000128,0.1685774101211289,-0.1324985500766762,0.976742438427056
2025-09-10 11:27:08.480000000,0.1665022933754354,-0.1293024773131856,0.977526396401342
2025-09-10 11:27:08.489999872,0.1650788662311511,-0.1262187062743781,0.9781706426336152
2025-09-10 11:27:08.500000000,0.1662092994978578,-0.1298711590751767,0.9775008699744986
2025-09-10 11:27:08.510000128,0.1699789768443118,-0.1291158717342409,0.976952526532005
2025-09-10 11:27:08.520000000,0.1696470136685877,-0.1265280358845459,0.9773487335074053
2025-09-10 11:27:08.529999872,0.1648204504643642,-0.1269141527858589,0.978124233894331
2025-09-10 11:27:08.540000000,0.1666021292128667,-0.1289489662248767,0.9775560826117728
2025-09-10 11:27:08.550000128,0.1684352227620257,-0.1370002627920269,0.9761457389795964
2025-09-10 11:27:08.560000000,0.167659211801755,-0.1369408322201039,0.9762876610758122
2025-09-10 11:27:08.570000128,0.1691021705570004,-0.1364302340739101,0.976110263824456
2025-09-10 11:27:08.580000000,0.1679091015739953,-0.1374044528195062,0.976179568498535
2025-09-10 11:27:08.590000128,0.1671909797301622,-0.1284525674143017,0.9775209021916323
2025-09-10 11:27:08.600000000,0.1837792932664432,-0.1426382101565661,0.9725633719042774
2025-09-10 11:27:08.609999872,0.2140563536838334,-0.1578366746401123,0.963985197804475
2025-09-10 11:27:08.620000000,0.2288728485684587,-0.1621411070301298,0.9598580523177392
2025-09-10 11:27:08.630000128,0.2260282433525679,-0.1551929543646747,0.9616789381714234
2025-09-10 11:27:08.640000000,0.2251837546213139,-0.1504938548536078,0.9626234343220348
2025-09-10 11:27:08.649999872,0.2253014722665505,-0.1532459571040893,0.962161588937002
2025-09-10 11:27:08.660000000,0.2273930367645918,-0.1559154122533934,0.961240235868657
2025-09-10 11:27:08.670000128,0.2263821376257367,-0.1516725917849093,0.9621572390546412
2025-09-10 11:27:08.680000000,0.227448767815848,-0.1469540667821459,0.9626378136533186
2025-09-10 11:27:08.689999872,0.2286334960597944,-0.1509010117527114,0.9617461250930436
2025-09-10 11:27:08.700000000,0.2275635916492052,-0.1569091396330116,0.9610381541100966
2025-09-10 11:27:08.710000128,0.2253469808683324,-0.1500081427926895,0.9626610490247416
2025-09-10 11:27:08.720000000,0.2261922130996413,-0.1503032646391514,0.962416755554422
2025-09-10 11:27:08.729999872,0.2265297348166111,-0.1598024196333324,0.9608056337903356
2025-09-10 11:27:08.740000000,0.2327364336543602,-0.1606689637091802,0.9591763323552494
2025-09-10 11:27:08.750000128,0.2302133165042068,-0.1555129108505402,0.960633938325586
2025-09-10 11:27:08.760000000,0.2271963059225452,-0.1511194931456709,0.962052356873858
2025-09-10 11:27:08.769999872,0.1966330634929812,-0.2001078988197114,0.9598397091032052
2025-09-10 11:27:08.780000000,0.1403582885997632,-0.2108188859593407,0.9673959624394805
2025-09-10 11:27:08.790000128,0.1228698378417502,-0.2551249958401572,0.9590694653914814
2025-09-10 11:27:08.800000000,-0.0256518371014075,-0.3753076574766649,0.9265452743890616
2025-09-10 11:27:08.809999872,0.074118901966325,-0.3430461984961498,0.9363897127097492
2025-09-10 11:27:08.820000000,0.1107575669011944,-0.3638301136296737,0.9248569672064682
2025-09-10 11:27:08.830000128,0.1144893862926006,-0.3135372889004669,0.94264868795076
2025-09-10 11:27:08.840000000,0.17845341797114,-0.2655924039366055,0.9474254865611292
2025-09-10 11:27:08.850000128,0.2104836278632169,-0.1782797380859166,0.961203920814702
2025-09-10 11:27:08.860000000,0.2601240517794864,-0.2005626947528097,0.9445157929644769
2025-09-10 11:27:08.870000128,0.2668119471546646,-0.1962957239635403,0.943546169304484
2025-09-10 11:27:08.880000000,0.2567604665761769,-0.1668405333004358,0.9519654926790204
2025-09-10 11:27:08.889999872,0.2565750837383151,-0.1617426196885807,0.9528948270302194
2025-09-10 11:27:08.900000000,0.2598929575735244,-0.163901186925326,0.9516260040205688
2025-09-10 11:27:08.910000128,0.2575259964992318,-0.1698375685731722,0.9512284486011922
2025-09-10 11:27:08.920000000,0.2532514628861377,-0.1672867356928537,0.9528267652659956
2025-09-10 11:27:08.929999872,0.2542996595010585,-0.1698601821764169,0.9520920132469552
2025-09-10 11:27:08.940000000,0.2530205014252624,-0.1621988251335874,0.953767354748417
2025-09-10 11:27:08.950000128,0.252257921214367,-0.1603530430411363,0.9542813226570316
2025-09-10 11:27:08.960000000,0.2528458542563216,-0.1627513593001435,0.9537195442221716
2025-09-10 11:27:08.969999872,0.252480584685413,-0.1599099512836379,0.9542967891790146
2025-09-10 11:27:08.980000000,0.2525169912637158,-0.1560828151438315,0.954920585148261
2025-09-10 11:27:08.990000128,0.2530556339936924,-0.1552526342112997,0.9549133288809528
2025-09-10 11:27:09.000000000,0.2517517361014911,-0.1555774437456177,0.95520506822748
2025-09-10 11:27:09.009999872,0.2491270304925691,-0.1572095119541758,0.955625916365334
2025-09-10 11:27:09.020000000,0.2484212696645897,-0.1560960389480038,0.955992102165586
2025-09-10 11:27:09.030000128,0.249672019364312,-0.1594260327752301,0.9551163399398516
2025-09-10 11:27:09.040000000,0.2494343811446367,-0.1620620688472818,0.954734714642728
2025-09-10 11:27:09.049999872,0.2492668022454419,-0.1596304249944473,0.9551880384062732
2025-09-10 11:27:09.060000000,0.2481634657908766,-0.1568736222814926,0.9559317762680264
2025-09-10 11:27:09.070000128,0.2455271432796599,-0.159992078423067,0.9560956838908942
2025-09-10 11:27:09.080000000,0.2451833716796697,-0.1628914235806191,0.9556942494206336
2025-09-10 11:27:09.089999872,0.2473060738412887,-0.1628025194399188,0.955162313696066
2025-09-10 11:27:09.100000000,0.2517382424465163,-0.1657587398640934,0.9534945712737996
2025-09-10 11:27:09.110000128,0.2669641784406021,-0.1690151663163472,0.9487697302215072
2025-09-10 11:27:09.120000000,0.2734785086233844,-0.174205693519398,0.9459713957972276
2025-09-10 11:27:09.129999872,0.2722407508499336,-0.1761506002589948,0.9459682550725792
2025-09-10 11:27:09.140000000,0.2746602477943234,-0.1753477000488608,0.9454178612492656
2025-09-10 11:27:09.150000128,0.2741034563612549,-0.1749256671427577,0.9456576051539346
2025-09-10 11:27:09.160000000,0.2699977564684351,-0.1686480787760631,0.947976285055251
2025-09-10 11:27:09.169999872,0.2720224398058194,-0.1681279102884504,0.947489735049477
2025-09-10 11:27:09.180000000,0.2720286772500413,-0.1695113850971124,0.947241410135796
2025-09-10 11:27:09.190000128,0.2707816944464478,-0.1720271907084505,0.947145141786447
2025-09-10 11:27:09.200000000,0.2728441877536555,-0.1825021631228604,0.9445893338718816
2025-09-10 11:27:09.209999872,0.2715569044747627,-0.181264089246019,0.9451984858123166
2025-09-10 11:27:09.220000000,0.2718144290587718,-0.1803650526058641,0.94529644236818
2025-09-10 11:27:09.230000128,0.2697396847835684,-0.1754883909232315,0.9468074392948316
2025-09-10 11:27:09.240000000,0.2684107241726727,-0.1703031064722617,0.948131074838811
2025-09-10 11:27:09.249999872,0.2719348421521979,-0.1730811593555657,0.9466226037338178
2025-09-10 11:27:09.260000000,0.2739811105553401,-0.1723100541057127,0.9461731323140332
2025-09-10 11:27:09.270000128,0.2742411153393608,-0.1727261188168439,0.9460219334327788
2025-09-10 11:27:09.280000000,0.276689022964357,-0.1741453944576516,0.9450484464619888
2025-09-10 11:27:09.289999872,0.274905322501856,-0.1760192341278061,0.9452218220487776
2025-09-10 11:27:09.300000000,0.2706003198382039,-0.1741262586919693,0.9468133464085724
2025-09-10 11:27:09.310000128,0.2713855364521739,-0.173517777518621,0.946700307113906
2025-09-10 11:27:09.320000000,0.2693226152880337,-0.1692628354975573,0.9480587647470704
2025-09-10 11:27:09.329999872,0.2688768456070968,-0.1692409772719369,0.948189186559527
2025-09-10 11:27:09.340000000,0.2521230232775353,-0.167624924470901,0.953066558971366
2025-09-10 11:27:09.350000128,0.2091879127769902,-0.1529563177655174,0.9658389006473184
2025-09-10 11:27:09.360000000,0.2053570907997181,-0.1527262146917951,0.9666970407548542
2025-09-10 11:27:09.369999872,0.2092565112655241,-0.156838863267497,0.9652011621739486
2025-09-10 11:27:09.380000000,0.2084290102720849,-0.1569682528492041,0.9653591638734608
2025-09-10 11:27:09.390000128,0.2060493959216834,-0.1534645252610633,0.9664327632725962
2025-09-10 11:27:09.400000000,0.2067794427902263,-0.1545555365985614,0.9661029179886036
2025-09-10 11:27:09.409999872,0.2074775579988557,-0.1565086371372508,0.9656387054319396
2025-09-10 11:27:09.420000000,0.2066183112070931,-0.1563923525069289,0.965841760099074
2025-09-10 11:27:09.430000128,0.2065605107850463,-0.1544935821926151,0.9661596599141958
2025-09-10 11:27:09.440000000,0.2033951987742739,-0.1535889016183495,0.9669750991702126
2025-09-10 11:27:09.449999872,0.2022579324585701,-0.1515752649055358,0.9675312231790772
2025-09-10 11:27:09.460000000,0.2002551110222474,-0.1540947880563473,0.9675498368576873
2025-09-10 11:27:09.470000128,0.2112549008845901,-0.1584885719084125,0.9644961064860108
2025-09-10 11:27:09.480000000,0.2560170309888234,-0.1688061428841374,0.9518191876445063
2025-09-10 11:27:09.489999872,0.289816731758404,-0.1771257914399081,0.9405491566099368
2025-09-10 11:27:09.500000000,0.2943563303862541,-0.1657568868576481,0.9412114561674222
2025-09-10 11:27:09.510000128,0.2939897575124119,-0.1653072522488317,0.9414050854078356
2025-09-10 11:27:09.520000000,0.2927551283396062,-0.1679458452563821,0.9413228074852856
2025-09-10 11:27:09.529999872,0.2902210418271493,-0.1686352715927468,0.9419840190022358
2025-09-10 11:27:09.540000000,0.2909130151726139,-0.1745618653768148,0.9406900513768311
2025-09-10 11:27:09.550000128,0.2904578030351897,-0.17364505723549,0.9410003500284442
2025-09-10 11:27:09.560000000,0.2902287811303997,-0.1724173503469606,0.941296718310914
2025-09-10 11:27:09.570000128,0.2926057382546007,-0.1706056534496376,0.9408908507109112
2025-09-10 11:27:09.580000000,0.2932941579260688,-0.1674945633954366,0.9412354159079492
2025-09-10 11:27:09.590000128,0.2945134435393737,-0.1714234680093865,0.9401467046106236
2025-09-10 11:27:09.600000000,0.294331812164196,-0.1747424121549801,0.939592397661028
2025-09-10 11:27:09.609999872,0.2910239398915292,-0.1771186173042999,0.9401776756625444
2025-09-10 11:27:09.620000000,0.2897164871781968,-0.1769215776128064,0.9406184733632024
2025-09-10 11:27:09.630000128,0.2910496107199685,-0.175249469241864,0.9405199347330176
2025-09-10 11:27:09.640000000,0.2873497522033011,-0.1793612697815131,0.9408823809653708
2025-09-10 11:27:09.649999872,0.2882090953600482,-0.1798497316319005,0.9405262310981424
2025-09-10 11:27:09.660000000,0.2895257825822412,-0.1802814911298699,0.9400390444955632
2025-09-10 11:27:09.670000128,0.2890069915449126,-0.1802146217213971,0.9402114916102507
2025-09-10 11:27:09.680000000,0.29090254278278,-0.177073699959248,0.940223704968799
2025-09-10 11:27:09.689999872,0.2910707044588447,-0.1793921063831705,0.9397320454114786
2025-09-10 11:27:09.700000000,0.293780286317127,-0.1784961395417457,0.939059248152171
2025-09-10 11:27:09.710000128,0.2936442902707397,-0.17813033719051,0.939171237721742
2025-09-10 11:27:09.720000000,0.2924575744805007,-0.1818590904712691,0.9388268415112262
2025-09-10 11:27:09.729999872,0.2923233763721253,-0.1780925160495576,0.9395903891342966
2025-09-10 11:27:09.740000000,0.2921332988300257,-0.1826816358867438,0.938768105351066
2025-09-10 11:27:09.750000128,0.2921567470724719,-0.1785399828382172,0.9395572945106438
2025-09-10 11:27:09.760000000,0.2416397892463391,-0.1703652144647872,0.9552936228999708
2025-09-10 11:27:09.769999872,0.1466509264063868,-0.1421441431764512,0.9789221359969243
2025-09-10 11:27:09.780000000,0.0711353629422897,-0.1102172843784602,0.9913586184440556
2025-09-10 11:27:09.790000128,-0.0085005607008303,-0.1079905980606096,0.994115572354786
2025-09-10 11:27:09.800000000,-0.0657141689187389,-0.1060096216535212,0.9921913162894528
2025-09-10 11:27:09.809999872,-0.0873049763711122,-0.1193748654194869,0.9890032773489272
2025-09-10 11:27:09.820000000,-0.0853964994950149,-0.1196964689187689,0.9891310293395796
2025-09-10 11:27:09.830000128,-0.0876457358468074,-0.1254024711167599,0.9882269199053838
2025-09-10 11:27:09.840000000,-0.0916399657736093,-0.125452977872837,0.98785812089381
2025-09-10 11:27:09.850000128,-0.0938547472955383,-0.1223652982758802,0.9880374588991784
2025-09-10 11:27:09.860000000,-0.0922356011753378,-0.1284734887838901,0.9874143793542404
2025-09-10 11:27:09.870000128,-0.0915638378310261,-0.130163386194768,0.987255567974152
2025-09-10 11:27:09.880000000,-0.0917519745203847,-0.1247585384586949,0.9879356670620112
2025-09-10 11:27:09.889999872,-0.0901130689818645,-0.1194656470873658,0.988740407773783
2025-09-10 11:27:09.900000000,-0.090212243081902,-0.1198497691258933,0.988684876003776
2025-09-10 11:27:09.910000128,-0.0864368143615807,-0.1199166167083789,0.98901399492638
2025-09-10 11:27:09.920000000,-0.0868609913098009,-0.1146118967888304,0.9896056190741568
2025-09-10 11:27:09.929999872,-0.0886218542335088,-0.1118302975619699,0.989767726034455
2025-09-10 11:27:09.940000000,-0.0904910228020511,-0.1112552064505758,0.989663404309707
2025-09-10 11:27:09.950000128,-0.0961625821652889,-0.1119128838970235,0.9890542271327468
2025-09-10 11:27:09.960000000,-0.0923059380646889,-0.1071783084178347,0.9899456671972908
2025-09-10 11:27:09.969999872,-0.0886133322527801,-0.1073526575191431,0.9902641487353948
2025-09-10 11:27:09.980000000,-0.0917918283879294,-0.1086098379084164,0.989837442891866
2025-09-10 11:27:09.990000128,-0.0929871372007512,-0.1100124280594889,0.9895709464144876
2025-09-10 11:27:10.000000000,-0.0936165840851437,-0.1158399032028891,0.9888463237582342
2025-09-10 11:27:10.009999872,-0.0922012792594795,-0.1105010055515744,0.9895900423281384
2025-09-10 11:27:10.020000000,-0.0946556073500768,-0.1118681032804087,0.9892046519631982
2025-09-10 11:27:10.030000128,-0.0953423667674711,-0.1122699138094645,0.9890931703092448
2025-09-10 11:27:10.040000000,-0.0928383717463943,-0.1113159989877992,0.989439126526148
2025-09-10 11:27:10.049999872,-0.09484524031346,-0.1108595847067565,0.9893000216660908
2025-09-10 11:27:10.060000000,-0.0965107483963528,-0.1100179760822658,0.989232894915418
2025-09-10 11:27:10.070000128,-0.0968414465765609,-0.1072856884002503,0.989500639357774
2025-09-10 11:27:10.080000000,-0.0954262337273603,-0.1095172007843928,0.9893936611121796
2025-09-10 11:27:10.089999872,-0.0948343987714057,-0.1138193287832664,0.9889649120191236
2025-09-10 11:27:10.100000000,-0.0897864184189224,-0.1114992989983753,0.9897001088159852
2025-09-10 11:27:10.110000128,-0.0659132836671431,-0.1121540265660039,0.991502351667028
2025-09-10 11:27:10.120000000,-0.0578711649532176,-0.1143223160104311,0.9917566921019332
2025-09-10 11:27:10.129999872,-0.0534356260483555,-0.1173278616334398,0.991654580362207
2025-09-10 11:27:10.140000000,-0.0505277788691014,-0.1183420221107314,0.9916864975209144
2025-09-10 11:27:10.150000128,-0.0493301903672536,-0.1184163961310962,0.9917379136877112
2025-09-10 11:27:10.160000000,-0.0483315222895914,-0.1176683390853248,0.9918761142048296
2025-09-10 11:27:10.169999872,-0.0507806999494525,-0.1152621556651081,0.9920362674741664
2025-09-10 11:27:10.180000000,-0.0516851538964443,-0.1148674785822067,0.992035335676541
2025-09-10 11:27:10.190000128,-0.0520031030272375,-0.1129745078710453,0.9922360796941592
2025-09-10 11:27:10.200000000,-0.0515207849481867,-0.1132250214270921,0.9922326860374826
2025-09-10 11:27:10.209999872,-0.0514529562910298,-0.1136664276376706,0.99218573690464
2025-09-10 11:27:10.220000000,-0.0492204481076547,-0.1125587050401794,0.9924252543178048
2025-09-10 11:27:10.230000128,-0.0484923392625782,-0.1137674868956731,0.992323259809164
2025-09-10 11:27:10.240000000,-0.0502818100469592,-0.1139179715747605,0.9922169295727088
2025-09-10 11:27:10.249999872,-0.0515200976540866,-0.1118810377208264,0.9923851636014236
2025-09-10 11:27:10.260000000,-0.0512646203035736,-0.1137458701631176,0.9921863815463128
2025-09-10 11:27:10.270000128,-0.0505728846488029,-0.1121609687998839,0.9924022875911616
2025-09-10 11:27:10.280000000,-0.048774577674404,-0.1111362171732914,0.9926075668687472
2025-09-10 11:27:10.289999872,-0.0482076563087823,-0.1132747914304217,0.9923934922698804
2025-09-10 11:27:10.300000000,-0.0517804687384598,-0.1118256148864449,0.9923778589390706
2025-09-10 11:27:10.310000128,-0.0562184117141213,-0.1102188790209832,0.9923161234665592
2025-09-10 11:27:10.320000000,-0.0662854669321337,-0.1058034395217826,0.9921753217344956
2025-09-10 11:27:10.329999872,-0.067793686563598,-0.1111359474271269,0.99149020028016
2025-09-10 11:27:10.340000000,-0.06779214166753,-0.1112601113205354,0.9914763805341364
2025-09-10 11:27:10.350000128,-0.0646644396850467,-0.1081910374057811,0.992024802948636
2025-09-10 11:27:10.360000000,-0.0669262654328554,-0.1108941945821759,0.9915761960652252
2025-09-10 11:27:10.369999872,-0.0669045892514773,-0.1097171874993336,0.9917085835588636
2025-09-10 11:27:10.380000000,-0.0658530547396259,-0.1098466771788288,0.9917646306933062
2025-09-10 11:27:10.390000128,-0.0686325120501943,-0.1127592171672338,0.99124918019311
2025-09-10 11:27:10.400000000,-0.0697419883438066,-0.1108105913408746,0.991391480651583
2025-09-10 11:27:10.409999872,-0.0675739388065783,-0.114283626564404,0.991147322799922
2025-09-10 11:27:10.420000000,-0.0647069199624846,-0.1162680521873956,0.9911078420381496
2025-09-10 11:27:10.430000128,-0.0623885387068726,-0.1090031637173466,0.9920816400567196
2025-09-10 11:27:10.440000000,-0.0668315412135358,-0.1075461750564121,0.9919512918131408
2025-09-10 11:27:10.449999872,-0.0683109885016293,-0.1121983520822451,0.9913350284540332
2025-09-10 11:27:10.460000000,-0.065226765624256,-0.1109129896929293,0.9916873387129508
2025-09-10 11:27:10.470000128,-0.0668006338523668,-0.113944031033892,0.9912388375707792
2025-09-10 11:27:10.480000000,-0.0703021984353875,-0.1140815477856467,0.9909808279426916
2025-09-10 11:27:10.489999872,-0.0702625162098053,-0.1148070901482826,0.990899849060212
2025-09-10 11:27:10.500000000,-0.067650072302926,-0.1128278360514164,0.9913089060072868
2025-09-10 11:27:10.510000128,-0.0656070767651744,-0.1138708823485413,0.991326955969368
2025-09-10 11:27:10.520000000,-0.0608397697432944,-0.1128576467527514,0.9917467791664434
2025-09-10 11:27:10.529999872,-0.0196688881400842,-0.1192904807368902,0.992664553635766
2025-09-10 11:27:10.540000000,0.0103563225443507,-0.1295383055381381,0.9915203346284256
2025-09-10 11:27:10.550000128,0.0119959523622738,-0.125773476576511,0.99198645641802
2025-09-10 11:27:10.560000000,0.0118381755342211,-0.126086889449464,0.9919485641448248
2025-09-10 11:27:10.570000128,0.0096829640332513,-0.1247058855772158,0.9921465024430278
2025-09-10 11:27:10.580000000,0.0121344365524762,-0.1295044336847239,0.9915045925791534
2025-09-10 11:27:10.590000128,0.0126683666657442,-0.125921970169503,0.9919592581929224
2025-09-10 11:27:10.600000000,0.0162700749352466,-0.124926640181862,0.9920325696439976
2025-09-10 11:27:10.609999872,0.0162522503521434,-0.1246611877134287,0.9920662541566307
2025-09-10 11:27:10.620000000,0.0158951123323109,-0.1235768056259109,0.9922076992823828
2025-09-10 11:27:10.630000128,0.0157150616114112,-0.125976697872389,0.9919087198082888
2025-09-10 11:27:10.640000000,0.015236656888358,-0.1286947393218824,0.9915671981049692
2025-09-10 11:27:10.649999872,0.0145904088038995,-0.1284971046678218,0.9916025484350685
2025-09-10 11:27:10.660000000,0.0137814214542322,-0.1280112066130053,0.9916769652483532
2025-09-10 11:27:10.670000128,0.0150784600940278,-0.1246182944983037,0.9920901777144692
2025-09-10 11:27:10.680000000,0.0158899712195811,-0.1237620201978833,0.9921846960980498
2025-09-10 11:27:10.689999872,0.015535608226288,-0.1274514797723732,0.9917231292961116
2025-09-10 11:27:10.700000000,0.0144140913199635,-0.1290958023714342,0.9915273610856612
2025-09-10 11:27:10.710000128,0.0135788422843974,-0.1276099451861681,0.9917314742065004
2025-09-10 11:27:10.720000000,0.0112999653442394,-0.1274104922888023,0.9917857012671356
2025-09-10 11:27:10.729999872,0.0102645251557451,-0.1265027444503925,0.9919131490054186
2025-09-10 11:27:10.740000000,0.0109754526153489,-0.1241858219976047,0.9921982770871292
2025-09-10 11:27:10.750000128,0.0108476860277418,-0.1252473459589207,0.9920662427671298
2025-09-10 11:27:10.760000000,0.0120685996652331,-0.124195989626908,0.9921843100264756
2025-09-10 11:27:10.769999872,0.0141203813277456,-0.1249937456283431,0.9920570439168084
2025-09-10 11:27:10.780000000,0.0132268159498266,-0.1231507975593134,0.992299819812709
2025-09-10 11:27:10.790000128,0.014077449037396,-0.122315585751658,0.992391416181553
2025-09-10 11:27:10.800000000,0.012171142048744,-0.1205144884356957,0.9926369534619957
2025-09-10 11:27:10.809999872,0.0166547089671321,-0.120423257522732,0.9925829233453668
2025-09-10 11:27:10.820000000,0.0185702295786123,-0.1225684581439417,0.9922863093087672
2025-09-10 11:27:10.830000128,0.030702314637594,-0.1198410622577673,0.992318239111236
2025-09-10 11:27:10.840000000,0.0508612852479177,-0.1116726643495075,0.9924426158222006
2025-09-10 11:27:10.850000128,0.0548322689341518,-0.1082534230812874,0.9926100033118328
2025-09-10 11:27:10.860000000,0.0561959888120544,-0.1107389455986797,0.9922594906420034
2025-09-10 11:27:10.870000128,0.0592189410593439,-0.1119572452999402,0.9919469200741836
2025-09-10 11:27:10.880000000,0.059190242291882,-0.111333150622655,0.9920188732024516
2025-09-10 11:27:10.889999872,0.0574539213561244,-0.1117173532202826,0.9920777590039296
2025-09-10 11:27:10.900000000,0.0600715235540657,-0.1094527590074898,0.9921751385735996
2025-09-10 11:27:10.910000128,0.0590413498532158,-0.1115419448593686,0.9920042910917772
2025-09-10 11:27:10.920000000,0.0581776649138727,-0.1097144954131687,0.9922590835066228
2025-09-10 11:27:10.929999872,0.0571070352026688,-0.1067066803614061,0.9926492184536336
2025-09-10 11:27:10.940000000,0.0564519614668288,-0.1112205323235196,0.992191095120401
2025-09-10 11:27:10.950000128,0.0580471195401812,-0.108299888872824,0.9924221208655226
2025-09-10 11:27:10.960000000,0.0580848673668628,-0.1050024132003889,0.9927742147160497
2025-09-10 11:27:10.969999872,0.0580116328362205,-0.1056183962679747,0.9927131533456462
2025-09-10 11:27:10.980000000,0.0589779773669755,-0.1053478248122455,0.9926849621068252
2025-09-10 11:27:10.990000128,0.0590798390287388,-0.1054993454473737,0.9926628132102632
2025-09-10 11:27:11.000000000,0.0578497285231139,-0.108179684715756,0.9924467566195184
2025-09-10 11:27:11.009999872,0.0627033312611006,-0.1091825274115737,0.9920420696506684
2025-09-10 11:27:11.020000000,0.0906820511584245,-0.1242184484415302,0.9881024960319044
2025-09-10 11:27:11.030000128,0.0983597944245977,-0.1308507046398328,0.986510741926316
2025-09-10 11:27:11.040000000,0.1030151767865028,-0.1249915387447592,0.9867953124097536
2025-09-10 11:27:11.049999872,0.104968312495646,-0.125378322569949,0.9865403841715564
2025-09-10 11:27:11.060000000,0.1022989992473915,-0.127056716078312,0.9866060539305328
2025-09-10 11:27:11.070000128,0.1021721777482136,-0.12833036105019,0.9864543398084452
2025-09-10 11:27:11.080000000,0.1022182916917531,-0.1313617661973897,0.9860504587621884
2025-09-10 11:27:11.089999872,0.1013678412577684,-0.1314007389557647,0.986133057229408
2025-09-10 11:27:11.100000000,0.0986739424473372,-0.1313351256208509,0.9864149927186098
2025-09-10 11:27:11.110000128,0.0984784471395913,-0.1325658956093792,0.9862698813054456
2025-09-10 11:27:11.120000000,0.0986701932928878,-0.1322170200148764,0.9862975476872738
2025-09-10 11:27:11.129999872,0.0976201585331044,-0.1324849389780805,0.98636608092125
2025-09-10 11:27:11.140000000,0.1001981459543696,-0.1311677214865234,0.9862836105235354
2025-09-10 11:27:11.150000128,0.1003731448750807,-0.1298812037736958,0.9864360621419828
2025-09-10 11:27:11.160000000,0.0993465607537046,-0.1321122434422571,0.9862436899666656
2025-09-10 11:27:11.169999872,0.0988677760202621,-0.1338987015276647,0.9860508610584005
2025-09-10 11:27:11.180000000,0.0989162193125364,-0.1307283332866604,0.9864713297572344
2025-09-10 11:27:11.190000128,0.1015830179238917,-0.1360045282914887,0.9854865086614244
2025-09-10 11:27:11.200000000,0.1009362653460979,-0.1372579618624814,0.9853791768874252
2025-09-10 11:27:11.209999872,0.0994367375512892,-0.1351353943646559,0.9858249136713196
2025-09-10 11:27:11.220000000,0.0987773477780439,-0.1335066245445433,0.9861130851827584
2025-09-10 11:27:11.230000128,0.0997284166600532,-0.1308481466597489,0.9863736641994189
2025-09-10 11:27:11.240000000,0.0983710350589558,-0.1310742191711107,0.9864799483669768
2025-09-10 11:27:11.249999872,0.1063510542542253,-0.1281996132304727,0.986029569752638
2025-09-10 11:27:11.260000000,0.1264321913923738,-0.1235697972620391,0.9842486505880212
2025-09-10 11:27:11.270000128,0.1336555711963651,-0.1340295006898861,0.9819227470799284
2025-09-10 11:27:11.280000000,0.1373574243753076,-0.1368610944961464,0.981020886007173
2025-09-10 11:27:11.289999872,0.1384877160492019,-0.1398327988326355,0.980442726972926
2025-09-10 11:27:11.300000000,0.1400666563030052,-0.1422448232215855,0.9798712885163824
2025-09-10 11:27:11.310000128,0.1384340613327739,-0.1395126734918479,0.9804959074866508
2025-09-10 11:27:11.320000000,0.1322689928671433,-0.1357771936139966,0.9818703922719224
2025-09-10 11:27:11.329999872,0.1332913438102904,-0.1354282893835949,0.9817803196743558
2025-09-10 11:27:11.340000000,0.1358183216147694,-0.1309701931163572,0.9820387935457596
2025-09-10 11:27:11.350000128,0.1382471784072789,-0.1340029290367816,0.9812904425663124
2025-09-10 11:27:11.360000000,0.1374193210563191,-0.1391043564641754,0.9806966443366204
2025-09-10 11:27:11.369999872,0.1374172457424735,-0.1405294058389337,0.98049374636818
2025-09-10 11:27:11.380000000,0.1384109212143401,-0.1437351159323712,0.9798890923653072
2025-09-10 11:27:11.390000128,0.1411412646927121,-0.1420833062686848,0.979740515381854
2025-09-10 11:27:11.400000000,0.1403946783818656,-0.1372100267087903,0.980542065825136
2025-09-10 11:27:11.409999872,0.1372763370508365,-0.1384315732601966,0.9808118610674588
2025-09-10 11:27:11.420000000,0.1455281286480629,-0.1368421758685753,0.9798447747861632
2025-09-10 11:27:11.430000128,0.1589511998829372,-0.1409283518255067,0.9771763994834918
2025-09-10 11:27:11.440000000,0.1640090189137819,-0.1442292053560998,0.9758580726915604
2025-09-10 11:27:11.449999872,0.169192599293512,-0.1477192284863385,0.974450046887836
2025-09-10 11:27:11.460000000,0.1709062676151146,-0.150287957847771,0.9737579665480623
2025-09-10 11:27:11.470000128,0.1693591665927946,-0.1529904233713969,0.9736074173133824
2025-09-10 11:27:11.480000000,0.1667789984784221,-0.1534827260478571,0.973975265841722
2025-09-10 11:27:11.489999872,0.1664802451492422,-0.1487667870828447,0.9747578012183826
2025-09-10 11:27:11.500000000,0.1677604257084886,-0.1502065245103038,0.9743174223838154
2025-09-10 11:27:11.510000128,0.168469603455469,-0.1490157566683253,0.974377902549172
2025-09-10 11:27:11.520000000,0.1654831249009456,-0.1511804198096902,0.9745562149199932
2025-09-10 11:27:11.529999872,0.1655287116526482,-0.1537174163832105,0.9741515290339
2025-09-10 11:27:11.540000000,0.1669292912532796,-0.1543055281937742,0.9738194985162898
2025-09-10 11:27:11.550000128,0.1664292937842142,-0.1523352919364202,0.9742151964536035
2025-09-10 11:27:11.560000000,0.1674418393754646,-0.1478813041146796,0.97472783397208
2025-09-10 11:27:11.570000128,0.1698405992595798,-0.1519281440690835,0.9736898941053412
2025-09-10 11:27:11.580000000,0.1693294864943081,-0.1540826431845532,0.9734403238374892
2025-09-10 11:27:11.590000128,0.1662947893980091,-0.1542082265152943,0.973943461343665
2025-09-10 11:27:11.600000000,0.1654145821832131,-0.1563622598794471,0.9737498958595814
2025-09-10 11:27:11.609999872,0.1645251285325105,-0.1544984282230772,0.9741979869400058
2025-09-10 11:27:11.620000000,0.1659156132051241,-0.152479192403787,0.9742803011344614
2025-09-10 11:27:11.630000128,0.1687720742020516,-0.1517959221133195,0.9738962906795076
2025-09-10 11:27:11.640000000,0.1700766032880424,-0.1545148045335388,0.9732415549050318
2025-09-10 11:27:11.649999872,0.1676488328994876,-0.1530218874039561,0.973898439675704
2025-09-10 11:27:11.660000000,0.166394765287854,-0.1494921457631545,0.9746614183602056
2025-09-10 11:27:11.670000128,0.1684905734262262,-0.1483649458744747,0.974473585841179
2025-09-10 11:27:11.680000000,0.1708528562890056,-0.1462717258416878,0.9743787167817156
2025-09-10 11:27:11.689999872,0.1708335745767527,-0.1474092125046032,0.974210661954642
2025-09-10 11:27:11.700000000,0.1693775754348227,-0.1489782575526393,0.9742262138314698
2025-09-10 11:27:11.710000128,0.1676314787003988,-0.1488449893007696,0.9745485398423064
2025-09-10 11:27:11.720000000,0.1679118887858211,-0.1538024638128478,0.9737301472838744
2025-09-10 11:27:11.729999872,0.1648986635629626,-0.1553316320635704,0.9740023176746636
2025-09-10 11:27:11.740000000,0.1659086462669281,-0.1491797120182884,0.97479214944316
2025-09-10 11:27:11.750000128,0.1652838780110979,-0.1555749678604518,0.9738981820728654
2025-09-10 11:27:11.760000000,0.1642324721798669,-0.1492831695758315,0.9750601162815976
2025-09-10 11:27:11.769999872,0.1680853424689577,-0.1507577650207547,0.9741762745689512
2025-09-10 11:27:11.780000000,0.1859777765476884,-0.155745184410496,0.9701317973158692
2025-09-10 11:27:11.790000128,0.2091012147520885,-0.1673911821868941,0.9634608835418672
2025-09-10 11:27:11.800000000,0.2226058201366045,-0.1663215272349762,0.960616363809994
2025-09-10 11:27:11.809999872,0.2275919531040192,-0.1620073056267158,0.9601851570430936
2025-09-10 11:27:11.820000000,0.228389507061876,-0.16469178137603,0.95953887373635
2025-09-10 11:27:11.830000128,0.2308352379619628,-0.1664883308387112,0.9586431706373252
2025-09-10 11:27:11.840000000,0.2311756340441715,-0.1643938223463093,0.9589225711175252
2025-09-10 11:27:11.850000128,0.2298833297441251,-0.165627419601139,0.9590209656634324
2025-09-10 11:27:11.860000000,0.2321699687047372,-0.1628555998223687,0.9589448155332704
2025-09-10 11:27:11.870000128,0.2324003842732641,-0.1617714564362049,0.9590724984442772
2025-09-10 11:27:11.880000000,0.2324189812206656,-0.1626861363793576,0.9589132589542732
2025-09-10 11:27:11.889999872,0.2304080030000537,-0.1594735190603778,0.9599376796813566
2025-09-10 11:27:11.900000000,0.2300628772450771,-0.158541143895632,0.9601748685557132
2025-09-10 11:27:11.910000128,0.2341205485970134,-0.1626085926230774,0.9585123965446538
2025-09-10 11:27:11.920000000,0.2356665929868992,-0.1606746173136029,0.958459662323394
2025-09-10 11:27:11.929999872,0.2369056543190097,-0.1589578148679424,0.9584404645277091
2025-09-10 11:27:11.940000000,0.2368486257575555,-0.1677531374579471,0.9569543423537888
2025-09-10 11:27:11.950000128,0.2347152816542035,-0.1685647368652826,0.957337279146449
2025-09-10 11:27:11.960000000,0.2353146396380952,-0.1655018596851012,0.957724467063866
2025-09-10 11:27:11.969999872,0.237374096838474,-0.1669774893917023,0.9569597986261296
2025-09-10 11:27:11.980000000,0.2358425142183546,-0.1669468388325597,0.9573437530432736
2025-09-10 11:27:11.990000128,0.2363744302867403,-0.1661712267403381,0.9573475085412976
2025-09-10 11:27:12.000000000,0.2374661109011511,-0.1719008923684998,0.9560648144223256
2025-09-10 11:27:12.009999872,0.2581791341906185,-0.1644737166953715,0.9519936613155536
2025-09-10 11:27:12.020000000,0.2732652868475533,-0.1650321190543978,0.9476763596737756
2025-09-10 11:27:12.030000128,0.2744377675181585,-0.1682698687902304,0.9467677450235448
2025-09-10 11:27:12.040000000,0.2750420084841978,-0.1699030019968263,0.9463006200364898
2025-09-10 11:27:12.049999872,0.2756951217675995,-0.1727354294442555,0.9455975207498468
2025-09-10 11:27:12.060000000,0.2783750524536353,-0.1692954422888093,0.9454344945006355
2025-09-10 11:27:12.070000128,0.2808729120299461,-0.1645145228676206,0.9455397289661908
2025-09-10 11:27:12.080000000,0.2800158826170253,-0.1654534385357873,0.945630088966554
2025-09-10 11:27:12.089999872,0.2796979380433549,-0.1619518300372716,0.9463301053025176
2025-09-10 11:27:12.100000000,0.2811471281429062,-0.1588823315948977,0.946420993556232
2025-09-10 11:27:12.110000128,0.2817141803198991,-0.1621633553034103,0.9456955994417164
2025-09-10 11:27:12.120000000,0.2828789451873761,-0.1667611262297849,0.944547632016645
2025-09-10 11:27:12.129999872,0.2824647105967621,-0.1680720193098282,0.9444392429333948
2025-09-10 11:27:12.140000000,0.2841024409621827,-0.1694976364297835,0.9436929343192342
2025-09-10 11:27:12.150000128,0.2832030996684171,-0.171025420983092,0.9436876123568416
2025-09-10 11:27:12.160000000,0.2848800579142838,-0.1728952657788291,0.9428417574938132
2025-09-10 11:27:12.169999872,0.2844816576707438,-0.1722896058968213,0.9430728912172291
2025-09-10 11:27:12.180000000,0.28559246728941,-0.1680541695163709,0.9435013188839272
2025-09-10 11:27:12.190000128,0.242762801232246,-0.1723592670134903,0.954650986178952
2025-09-10 11:27:12.200000000,0.1635316841458802,-0.163460326197948,0.9729019015500342
2025-09-10 11:27:12.209999872,0.084265452924579,-0.1339660001212699,0.9873968018253472
2025-09-10 11:27:12.220000000,0.0172744029592367,-0.1357068710934235,0.9905984252664825
2025-09-10 11:27:12.230000128,-0.0281505194577637,-0.1381931660194967,0.9900051500470924
2025-09-10 11:27:12.240000000,-0.0385824752492735,-0.1211947254249278,0.9918786373003582
2025-09-10 11:27:12.249999872,-0.0349041806910359,-0.1237004245467537,0.9917055526401172
2025-09-10 11:27:12.260000000,-0.0336121029940673,-0.1332416804361203,0.9905134431833196
2025-09-10 11:27:12.270000128,-0.0312311350972281,-0.1337856964028426,0.9905180481134834
2025-09-10 11:27:12.280000000,-0.0336745921423107,-0.1346812160328502,0.990316611943858
2025-09-10 11:27:12.289999872,-0.0331071160512773,-0.1344233942527838,0.990370773975246
2025-09-10 11:27:12.300000000,-0.0328107759357166,-0.1351034712756652,0.9902880919367664
2025-09-10 11:27:12.310000128,-0.0327410114530729,-0.1386957606913786,0.989793671496878
2025-09-10 11:27:12.320000000,-0.0319682866118411,-0.1348725818293349,0.990347118601247
2025-09-10 11:27:12.329999872,-0.028050531404014,-0.1352138066362087,0.9904193022063428
2025-09-10 11:27:12.340000000,-0.0288677358035374,-0.1384310400032425,0.989951261928181
2025-09-10 11:27:12.350000128,-0.0314594611794909,-0.1422262194335174,0.9893341219264324
2025-09-10 11:27:12.360000000,-0.0290391795410785,-0.1443888594569419,0.9890948302950048
2025-09-10 11:27:12.369999872,-0.0351413337489943,-0.1415638780029016,0.989305188052262
2025-09-10 11:27:12.380000000,-0.0428646061762916,-0.1354998135911571,0.9898496987190092
2025-09-10 11:27:12.390000128,-0.0422333683092454,-0.1365549000538866,0.9897318333127052
2025-09-10 11:27:12.400000000,-0.0414534215534404,-0.1392707578204604,0.9893863097181138
2025-09-10 11:27:12.409999872,-0.0428746681711912,-0.1382284469629438,0.9894719092927412
2025-09-10 11:27:12.420000000,-0.0445227793056146,-0.136957615079357,0.9895758352924138
2025-09-10 11:27:12.430000128,-0.0430966306800743,-0.1391913658234556,0.9893272684527736
2025-09-10 11:27:12.440000000,-0.0398639798919343,-0.1452548872720711,0.9885908561334934
2025-09-10 11:27:12.449999872,-0.0406084360161339,-0.1449149364151777,0.9886104471064974
2025-09-10 11:27:12.460000000,-0.041006863643824,-0.1421904245090661,0.9889895450974336
2025-09-10 11:27:12.470000128,-0.0396071536007636,-0.1403925517654178,0.9893033937030844
2025-09-10 11:27:12.480000000,-0.0367884745426256,-0.1406603877813367,0.9893741776749736
2025-09-10 11:27:12.489999872,-0.0350182080917617,-0.1413137893548347,0.9893453077870332
2025-09-10 11:27:12.500000000,-0.0303038592224033,-0.1463298233469271,0.9887715908719698
2025-09-10 11:27:12.510000128,-0.0300703551593408,-0.1458090315614524,0.9888556517792184
2025-09-10 11:27:12.520000000,-0.0300659473281724,-0.1455982907131471,0.988886837081306
2025-09-10 11:27:12.529999872,-0.0282675293288662,-0.1460838266387726,0.9888682735229272
2025-09-10 11:27:12.540000000,-0.026112333117146,-0.1442421252331632,0.9891978342917052
2025-09-10 11:27:12.550000128,-0.0269160115848296,-0.1444962514465253,0.9891392023564064
2025-09-10 11:27:12.560000000,-0.0283485797813524,-0.1431053262635839,0.9893013815917644
2025-09-10 11:27:12.570000128,-0.0252400388379091,-0.1468258479216962,0.988840285800258
2025-09-10 11:27:12.580000000,-0.0249410865582385,-0.1495159949742263,0.9884446921543774
2025-09-10 11:27:12.590000128,-0.0237654325807097,-0.1512648911940358,0.9882075373656632
2025-09-10 11:27:12.600000000,-0.0235429767033287,-0.1559455296807437,0.9874850479984691
2025-09-10 11:27:12.609999872,-0.021908576370731,-0.1590154906834741,0.9870329720957156
2025-09-10 11:27:12.620000000,-0.0228945863381655,-0.1614173660042729,0.986620632192864
2025-09-10 11:27:12.630000128,-0.0070867795080073,-0.1648239911288803,0.9862975359923352
2025-09-10 11:27:12.640000000,0.0139825959461692,-0.1719988835928946,0.9849979040857924
2025-09-10 11:27:12.649999872,0.0200744091389336,-0.1745449237982726,0.9844445579482768
2025-09-10 11:27:12.660000000,0.0215388801810845,-0.1732995278226331,0.984633612211668
2025-09-10 11:27:12.670000128,0.0205094215006132,-0.1780231742042179,0.9838125396008962
2025-09-10 11:27:12.680000000,0.0229678129315036,-0.1814602918914953,0.9831300229551516
2025-09-10 11:27:12.689999872,0.0238995359393477,-0.1852881418256607,0.9823935650647748
2025-09-10 11:27:12.700000000,0.0273202069720297,-0.1863925854416591,0.982095418166371
2025-09-10 11:27:12.710000128,0.0288306454448376,-0.1853686040364043,0.982246035635079
2025-09-10 11:27:12.720000000,0.0287883015138304,-0.1852115807720548,0.9822768978469693
2025-09-10 11:27:12.729999872,0.0279658287903702,-0.1859647300019145,0.9821583536351878
2025-09-10 11:27:12.740000000,0.0305064239323229,-0.1861016274452722,0.9820567918206576
2025-09-10 11:27:12.750000128,0.0330036941408099,-0.1866900588839726,0.9818643379240122
2025-09-10 11:27:12.760000000,0.0356711251883436,-0.1852867513404523,0.982036858068728
2025-09-10 11:27:12.769999872,0.0357909910555264,-0.1872566257631632,0.9816587803646734
2025-09-10 11:27:12.780000000,0.0360475566414304,-0.1877211561242484,0.9815606660841492
2025-09-10 11:27:12.790000128,0.0388861457776621,-0.1859786605522339,0.9817839912555896
2025-09-10 11:27:12.800000000,0.043068908176137,-0.1840633310543745,0.9819703454329378
2025-09-10 11:27:12.809999872,0.0535087059508274,-0.185095313460181,0.98126272899899
2025-09-10 11:27:12.820000000,0.0768657437563007,-0.1827302335855492,0.9801537222143072
2025-09-10 11:27:12.830000128,0.0835922159177608,-0.1853262716141067,0.979115169164268
2025-09-10 11:27:12.840000000,0.0848820635591376,-0.1913458935779205,0.9778454807876392
2025-09-10 11:27:12.850000128,0.0889942938154739,-0.1911734290104517,0.9775135475831886
2025-09-10 11:27:12.860000000,0.0920893796415016,-0.1903009432263963,0.977397103108244
2025-09-10 11:27:12.870000128,0.0921565595634238,-0.1930510634272215,0.9768512964822496
2025-09-10 11:27:12.880000000,0.0939632253769778,-0.1923167190382083,0.9768240332092236
2025-09-10 11:27:12.889999872,0.0971739527524418,-0.191660561602643,0.976638854455743
2025-09-10 11:27:12.900000000,0.097302342460978,-0.1897716006480518,0.976994879075158
2025-09-10 11:27:12.910000128,0.0979658647845506,-0.1911692855658455,0.976656026241204
2025-09-10 11:27:12.920000000,0.0971032285819289,-0.1920221925706531,0.976574851488264
2025-09-10 11:27:12.929999872,0.1005581633156149,-0.1909746882984273,0.9764306038935427
2025-09-10 11:27:12.940000000,0.1028940680109696,-0.1916871619199302,0.9760475617116394
2025-09-10 11:27:12.950000128,0.1044474467445917,-0.193908064751027,0.9754436904778498
2025-09-10 11:27:12.960000000,0.1017993543864162,-0.193038489123876,0.975896015548419
2025-09-10 11:27:12.969999872,0.1041076749763273,-0.1881020462895638,0.9766162051659304
2025-09-10 11:27:12.980000000,0.1053575916072996,-0.187331534932408,0.9766302646910844
2025-09-10 11:27:12.990000128,0.104534818998958,-0.1852310028065593,0.9771192082935078
2025-09-10 11:27:13.000000000,0.1053547908227448,-0.1817770939369002,0.9776796285954572
2025-09-10 11:27:13.009999872,0.1052851835727003,-0.1854357932010303,0.9769997936130628
2025-09-10 11:27:13.020000000,0.1076491400620551,-0.1868917120193524,0.976464618213264
2025-09-10 11:27:13.030000128,0.1084532119927086,-0.1880984584309611,0.9761438780960318
2025-09-10 11:27:13.040000000,0.1117636128572506,-0.1845170545327719,0.9764539678999952
2025-09-10 11:27:13.049999872,0.1438456081744771,-0.1962893010796442,0.9699376017510506
2025-09-10 11:27:13.060000000,0.1582953652449146,-0.2052255731055531,0.96582868122948
2025-09-10 11:27:13.070000128,0.1676039870111471,-0.2067603544930046,0.9639289700739856
2025-09-10 11:27:13.080000000,0.1696590239439834,-0.2090541864990798,0.9630743287522426
2025-09-10 11:27:13.089999872,0.1680263765801998,-0.2105127453947935,0.9630428447372816
2025-09-10 11:27:13.100000000,0.1707580472103277,-0.2073323773588639,0.9632522902187346
2025-09-10 11:27:13.110000128,0.1708132580778033,-0.2081783375116246,0.963060024430327
2025-09-10 11:27:13.120000000,0.1695553529535476,-0.2061837580856227,0.9637111808973098
2025-09-10 11:27:13.129999872,0.1690646542499573,-0.2044193229372959,0.96417316032609
2025-09-10 11:27:13.140000000,0.1682596410201448,-0.2026359807005712,0.9646902883979344
2025-09-10 11:27:13.150000128,0.1677014152075173,-0.2026820454974294,0.9647778105711045
2025-09-10 11:27:13.160000000,0.1685323052236714,-0.2030752964818432,0.9645503025010188
2025-09-10 11:27:13.169999872,0.169274050111569,-0.2028391889564693,0.964470092528694
2025-09-10 11:27:13.180000000,0.1690160614061546,-0.2045399405963331,0.9641560992326914
2025-09-10 11:27:13.190000128,0.1717990200876225,-0.2052719789943198,0.9635084386432162
2025-09-10 11:27:13.200000000,0.1725717292645385,-0.2090619107768775,0.96255499360866
2025-09-10 11:27:13.209999872,0.1700847600160876,-0.2085240070518814,0.9631141743808452
2025-09-10 11:27:13.220000000,0.1704438248833861,-0.2082304308675356,0.9631142145248622
2025-09-10 11:27:13.230000128,0.1682864602574479,-0.2076752601103029,0.9636133320124504
2025-09-10 11:27:13.240000000,0.1682312695728091,-0.2099544293273884,0.963128951669366
2025-09-10 11:27:13.249999872,0.1687209732582344,-0.2148136180448728,0.961971071646786
2025-09-10 11:27:13.260000000,0.1724076126725061,-0.2141971136123596,0.9614547371627544
2025-09-10 11:27:13.270000128,0.1708263300733484,-0.2172862230408606,0.9610437358571716
2025-09-10 11:27:13.280000000,0.1691837369554827,-0.2217628319707607,0.9603114648415306
2025-09-10 11:27:13.289999872,0.1707970219472712,-0.2194476396850354,0.9605577081730232
2025-09-10 11:27:13.300000000,0.1701927941845903,-0.2199892732959233,0.9605410623405818
2025-09-10 11:27:13.310000128,0.1704557318059488,-0.2199469209200476,0.9605041361036863
2025-09-10 11:27:13.320000000,0.1682046293138545,-0.2222315014659291,0.9603751154801896
2025-09-10 11:27:13.329999872,0.1782328922441717,-0.225466480310103,0.9578089070262666
2025-09-10 11:27:13.340000000,0.1999242546520817,-0.2216009445555863,0.95442302663645
2025-09-10 11:27:13.350000128,0.2011158109257953,-0.2177244284083567,0.955064659523068
2025-09-10 11:27:13.360000000,0.1989952805727878,-0.215686492067353,0.9559708235346084
2025-09-10 11:27:13.369999872,0.2020697650339687,-0.2145928268590467,0.9555719380139625
2025-09-10 11:27:13.380000000,0.1990604492732223,-0.2185833911716004,0.9552990310049864
2025-09-10 11:27:13.390000128,0.1967308042863171,-0.2170171504993971,0.956138351408404
2025-09-10 11:27:13.400000000,0.1936797366261848,-0.2149176545654207,0.9572348517352
2025-09-10 11:27:13.409999872,0.1949275835610765,-0.2147993510779279,0.957008085620775
2025-09-10 11:27:13.420000000,0.1962951582453223,-0.2150742108386504,0.9566667626094132
2025-09-10 11:27:13.430000128,0.1936061916067486,-0.2150230781422701,0.957226053990255
2025-09-10 11:27:13.440000000,0.1942821839922604,-0.2187082653072812,0.956253694199127
2025-09-10 11:27:13.449999872,0.1947632549789245,-0.2264212863047077,0.9543587771997154
2025-09-10 11:27:13.460000000,0.1931541585681955,-0.2267848291390111,0.954599451236068
2025-09-10 11:27:13.470000128,0.1919437949758892,-0.2270373183906033,0.9547835543348332
2025-09-10 11:27:13.480000000,0.1903627096617548,-0.2216661751630417,0.9563608866734472
2025-09-10 11:27:13.489999872,0.1918278181843321,-0.2177847523034606,0.9569597117093066
2025-09-10 11:27:13.500000000,0.1847957766068536,-0.2158499274130766,0.9587801258808192
2025-09-10 11:27:13.510000128,0.1720574194371452,-0.2088215464414056,0.962699229333051
2025-09-10 11:27:13.520000000,0.1658002417094616,-0.2055545112044421,0.9644986380356312
2025-09-10 11:27:13.529999872,0.1631425035536342,-0.2059166072159736,0.9648745381690385
2025-09-10 11:27:13.540000000,0.1639899644126144,-0.2082980157729678,0.9642194917118166
2025-09-10 11:27:13.550000128,0.1631494447906011,-0.2094963447440829,0.964102453167394
2025-09-10 11:27:13.560000000,0.1619634073391224,-0.2107824794758917,0.964022095716222
2025-09-10 11:27:13.570000128,0.1623025242089994,-0.2076101521534869,0.9646532617257836
2025-09-10 11:27:13.580000000,0.1620163979913465,-0.2035663960550061,0.9655627422281196
2025-09-10 11:27:13.590000128,0.159775985937158,-0.2050990484274277,0.9656117307965832
2025-09-10 11:27:13.600000000,0.1628253536683679,-0.2082366664838265,0.9644300881528296
2025-09-10 11:27:13.609999872,0.1613663909213779,-0.2073190243608349,0.9648728983752632
2025-09-10 11:27:13.620000000,0.1638092213585668,-0.2017421195499032,0.965643130870516
2025-09-10 11:27:13.630000128,0.1708040851033739,-0.1769599244179325,0.9692838333852468
2025-09-10 11:27:13.640000000,0.1553795128741682,-0.2109868674471152,0.9650604896812632
2025-09-10 11:27:13.649999872,0.143884225071186,-0.2043395156512964,0.968267882416358
2025-09-10 11:27:13.660000000,0.0722391904896436,-0.2773971707802197,0.9580356512158256
2025-09-10 11:27:13.670000128,-0.0408728211890453,-0.4105967134217309,0.9109005167499477
2025-09-10 11:27:13.680000000,-0.0358554976309021,-0.4413032533176082,0.8966414121046024
2025-09-10 11:27:13.689999872,0.0872833568094056,-0.4065123263970012,0.9094665162123232
2025-09-10 11:27:13.700000000,0.209412310292471,-0.3446506537882138,0.9150750849746302
2025-09-10 11:27:13.710000128,0.16870883632749,-0.3928560899526683,0.9039919364309204
2025-09-10 11:27:13.720000000,0.1774626490213177,-0.2463234734637994,0.9528020542710146
2025-09-10 11:27:13.729999872,0.1701910712285904,-0.1918560274971127,0.9665538081178368
2025-09-10 11:27:13.740000000,0.1797633053285771,-0.2362289037694013,0.9549246352886974
2025-09-10 11:27:13.750000128,0.1746301323524829,-0.2470162112031222,0.9531460057501208
2025-09-10 11:27:13.760000000,0.1851689698864688,-0.2470615068433087,0.9511430304783284
2025-09-10 11:27:13.769999872,0.196812263521228,-0.2382479123535448,0.9510535553725816
2025-09-10 11:27:13.780000000,0.1977496513344739,-0.2330533431537492,0.9521455847936044
2025-09-10 11:27:13.790000128,0.1965284870433782,-0.2347828634298252,0.9519735084655102
2025-09-10 11:27:13.800000000,0.1992025121277963,-0.2318776834557547,0.952129770082402
2025-09-10 11:27:13.809999872,0.1958408923048139,-0.2257691536572663,0.9542927402836804
2025-09-10 11:27:13.820000000,0.1982832076055583,-0.2192307707543478,0.9553123252298724
2025-09-10 11:27:13.830000128,0.2023201514476988,-0.2145792747832698,0.9555219993028242
2025-09-10 11:27:13.840000000,0.1976146938341626,-0.2132657292367933,0.9567999589851208
2025-09-10 11:27:13.850000128,0.1936218175804555,-0.209583032473616,0.9584286850131332
2025-09-10 11:27:13.860000000,0.1872108774707419,-0.2101460310232638,0.9595784142016768
2025-09-10 11:27:13.870000128,0.1853126815506116,-0.2006374952706993,0.9619791086858498
2025-09-10 11:27:13.880000000,0.186339151844529,-0.1999018115177151,0.9619339822679088
2025-09-10 11:27:13.889999872,0.189268798344036,-0.2039799050169145,0.9605048257675206
2025-09-10 11:27:13.900000000,0.1899528811058688,-0.2047496905051787,0.9602059504073142
2025-09-10 11:27:13.910000128,0.1855129057489727,-0.2058656000892464,0.9608352181828408
2025-09-10 11:27:13.920000000,0.1847071024562677,-0.2000855460306713,0.9622105074108358
2025-09-10 11:27:13.929999872,0.1870783392171551,-0.1976246529380869,0.9622609789172852
2025-09-10 11:27:13.940000000,0.1881831882296256,-0.201568637396353,0.9612269097803656
2025-09-10 11:27:13.950000128,0.1770597282284538,-0.1930649050139123,0.9650781290090638
2025-09-10 11:27:13.960000000,0.1263736848314272,-0.1749048623102776,0.9764414887346554
2025-09-10 11:27:13.969999872,0.0458016184818112,-0.1773238237215463,0.9830861982986112
2025-09-10 11:27:13.980000000,0.0090204030423541,-0.1728578303818284,0.984905479122053
2025-09-10 11:27:13.990000128,0.0044735148402359,-0.1678160529315009,0.9858081760887693
2025-09-10 11:27:14.000000000,0.0066173080785605,-0.1734661414493165,0.9848176018961476
2025-09-10 11:27:14.009999872,0.0109401581659482,-0.1744603739214981,0.9846034180676376
2025-09-10 11:27:14.020000000,0.0119098910014721,-0.1745334622996692,0.984579212168337
2025-09-10 11:27:14.030000128,0.013814010140452,-0.1717252452771885,0.985048025863881
2025-09-10 11:27:14.040000000,0.0112108935646705,-0.1745338303851859,0.9845873541319514
2025-09-10 11:27:14.049999872,0.0087598864300318,-0.1724574543104129,0.9849780154107526
2025-09-10 11:27:14.060000000,0.0106769861264419,-0.1731992338105226,0.9848289330511688
2025-09-10 11:27:14.070000128,0.0082087288627536,-0.1752575329909414,0.984488402115732
2025-09-10 11:27:14.080000000,0.0050150094403574,-0.1758849457195656,0.984397955884478
2025-09-10 11:27:14.089999872,0.0062839183391348,-0.178511474628816,0.983917763736458
2025-09-10 11:27:14.100000000,0.0064375550304832,-0.1761822283200875,0.9843365178176608
2025-09-10 11:27:14.110000128,0.0061063207348059,-0.1769093217331195,0.984208212082693
2025-09-10 11:27:14.120000000,0.00670594472593,-0.1771218084850009,0.9841660912998046
2025-09-10 11:27:14.129999872,0.0071491028189463,-0.1760137616164812,0.984361745523718
2025-09-10 11:27:14.140000000,0.0057259953139482,-0.1734401526750981,0.9848277648491148
2025-09-10 11:27:14.150000128,0.0045623200391906,-0.1744985130555296,0.9846468677537492
2025-09-10 11:27:14.160000000,0.0037943869925117,-0.1745807990334203,0.9846355403072772
2025-09-10 11:27:14.169999872,0.0031191100747107,-0.1734262995024363,0.9848419110665596
2025-09-10 11:27:14.180000000,0.0035008568993919,-0.1761490439032279,0.9843572818509287
2025-09-10 11:27:14.190000128,0.0039082515457622,-0.1779055039814515,0.9840398148565742
2025-09-10 11:27:14.200000000,0.0054346121863056,-0.1759999012212882,0.9843751824180051
2025-09-10 11:27:14.209999872,0.0046982091433935,-0.1747403417972552,0.9846033413407772
2025-09-10 11:27:14.220000000,0.0056781341000864,-0.1732786865739789,0.984856464451718
2025-09-10 11:27:14.230000128,0.00778997421168,-0.1715764548190648,0.985140008553862
2025-09-10 11:27:14.240000000,0.0216971903760345,-0.1728022849364189,0.9847175240903044
2025-09-10 11:27:14.249999872,0.0502457221357405,-0.1774249814186818,0.9828508245790092
2025-09-10 11:27:14.260000000,0.0527620961607721,-0.1816230144023294,0.9819517512831946
2025-09-10 11:27:14.270000128,0.0555653801980868,-0.1844457151201564,0.9812707407730328
2025-09-10 11:27:14.280000000,0.0598381795554498,-0.183180852721855,0.9812564228903596
2025-09-10 11:27:14.289999872,0.057813554790619,-0.1849334834374063,0.9810490301642312
2025-09-10 11:27:14.300000000,0.0570634912756244,-0.1856297803972329,0.9809614378726168
2025-09-10 11:27:14.310000128,0.056280339565286,-0.1855996894183403,0.9810123743695752
2025-09-10 11:27:14.320000000,0.0558386834263237,-0.1838090386045617,0.9813746882615638
2025-09-10 11:27:14.329999872,0.0583945046065823,-0.1805951703496785,0.98182252280039
2025-09-10 11:27:14.340000000,0.0587663052608462,-0.1827221738909085,0.9814067090327891
2025-09-10 11:27:14.350000128,0.058134012946378,-0.1811210299272751,0.9817411110149324
2025-09-10 11:27:14.360000000,0.0624737988050363,-0.1748439190841209,0.982612145468482
2025-09-10 11:27:14.369999872,0.0597396391563446,-0.1732898767586419,0.9830573707197584
2025-09-10 11:27:14.380000000,0.0586860618097426,-0.174878902146164,0.9828394150284244
2025-09-10 11:27:14.390000128,0.0613022914700897,-0.1742220654689311,0.982796368005222
2025-09-10 11:27:14.400000000,0.0642395660486237,-0.173050489371111,0.9828157539856104
2025-09-10 11:27:14.409999872,0.0623929710028849,-0.1707298880829022,0.9833404407857091
2025-09-10 11:27:14.420000000,0.0630429434179847,-0.1685633112757295,0.9836727084640288
2025-09-10 11:27:14.430000128,0.06320243337371,-0.1696947507545037,0.983467917108641
2025-09-10 11:27:14.440000000,0.0629518465245218,-0.1640574205603842,0.9844400579914586
2025-09-10 11:27:14.449999872,0.0642998506684661,-0.1630502888800955,0.9845202549973924
2025-09-10 11:27:14.460000000,0.064192243456827,-0.164648566998752,0.9842612484829608
2025-09-10 11:27:14.470000128,0.064336087865494,-0.1633032788631573,0.9844759554761636
2025-09-10 11:27:14.480000000,0.065825445894463,-0.1576499867107868,0.9852986818030784
2025-09-10 11:27:14.489999872,0.0640920555811754,-0.1594723150275441,0.9851196826534
2025-09-10 11:27:14.500000000,0.0622720986807195,-0.15883610948592,0.985339168027576
2025-09-10 11:27:14.510000128,0.0632215955912764,-0.1567469852828111,0.985613216457472
2025-09-10 11:27:14.520000000,0.0734040075032177,-0.1575651077152635,0.9847766693586648
2025-09-10 11:27:14.529999872,0.092372747328303,-0.1593835160250548,0.9828856344308388
2025-09-10 11:27:14.540000000,0.102000911807905,-0.1670615856436509,0.980656025623962
2025-09-10 11:27:14.550000128,0.1049858162203669,-0.1680706239080246,0.980168477238332
2025-09-10 11:27:14.560000000,0.1053800834665649,-0.1645668060385598,0.9807205536537136
2025-09-10 11:27:14.570000128,0.1054412519619522,-0.164561961682766,0.9807147919511646
2025-09-10 11:27:14.580000000,0.1057116773738414,-0.1647908486950717,0.9806472441470312
2025-09-10 11:27:14.590000128,0.1051880198250278,-0.1650518603977078,0.980659657508427
2025-09-10 11:27:14.600000000,0.1053214921609052,-0.1634732785055266,0.98090971577595
2025-09-10 11:27:14.609999872,0.1077442200182185,-0.1616590395795574,0.9809472656442244
2025-09-10 11:27:14.620000000,0.108410706148603,-0.1618683510007341,0.9808393118837888
2025-09-10 11:27:14.630000128,0.1056177918081667,-0.1580413899237137,0.981767692035416
2025-09-10 11:27:14.640000000,0.1043061610996796,-0.1575333991709854,0.9819895380818896
2025-09-10 11:27:14.649999872,0.1055161776297022,-0.1593754727616159,0.981562934783312
2025-09-10 11:27:14.660000000,0.1050589718155452,-0.1568847018351254,0.9820131377793092
2025-09-10 11:27:14.670000128,0.1061377192916833,-0.1550800719266025,0.9821837688715892
2025-09-10 11:27:14.680000000,0.1092064666200575,-0.1508015692786526,0.9825135288388948
2025-09-10 11:27:14.689999872,0.1078373653219054,-0.1532188121722624,0.9822907401767312
2025-09-10 11:27:14.700000000,0.1034746715762126,-0.1538458528106132,0.982661918421168
2025-09-10 11:27:14.710000128,0.1052056071471914,-0.1493775558016617,0.98316739472356
2025-09-10 11:27:14.720000000,0.1076134027443875,-0.1492568130695965,0.982925103607636
2025-09-10 11:27:14.729999872,0.1103312077045636,-0.1532620933917049,0.982007003710078
2025-09-10 11:27:14.740000000,0.1085246724864511,-0.1533283202566017,0.982197954421102
2025-09-10 11:27:14.750000128,0.1067023996914161,-0.1521413529956155,0.9825821118912949
2025-09-10 11:27:14.760000000,0.1076785432904841,-0.1525791661173027,0.982407720542641
2025-09-10 11:27:14.769999872,0.1077130784591217,-0.1533825155866595,0.9822788283584082
2025-09-10 11:27:14.780000000,0.1079896011900802,-0.1528385345636889,0.9823332572947084
2025-09-10 11:27:14.790000128,0.107296803832533,-0.1505373519525743,0.9827644181361216
2025-09-10 11:27:14.800000000,0.1049675696098485,-0.1506654791063398,0.9829962984344646
2025-09-10 11:27:14.809999872,0.1051506080208554,-0.152370207215114,0.9827139306970608
2025-09-10 11:27:14.820000000,0.1053545247165742,-0.1513853322996647,0.9828442935105564
2025-09-10 11:27:14.830000128,0.105400740024132,-0.1489072925745073,0.9832178305037472
2025-09-10 11:27:14.840000000,0.1064543201070788,-0.145311162003694,0.9836422845362413
2025-09-10 11:27:14.850000128,0.109470570135038,-0.14320971884826,0.9836194237110776
2025-09-10 11:27:14.860000000,0.1084931237919249,-0.1450032383151969,0.9834649475034564
2025-09-10 11:27:14.870000128,0.1073031686823511,-0.1459083935939169,0.983461626434692
2025-09-10 11:27:14.880000000,0.1071046631445218,-0.1471999217376113,0.9832907882072016
2025-09-10 11:27:14.889999872,0.1067996254386048,-0.1462893351739938,0.9834598468776062
2025-09-10 11:27:14.900000000,0.1082067691200703,-0.1480219201617205,0.9830466958737176
2025-09-10 11:27:14.910000128,0.1155745369869887,-0.1490796371225218,0.9820477525027286
2025-09-10 11:27:14.920000000,0.1422458900385554,-0.1574482356989567,0.9772288165227347
2025-09-10 11:27:14.929999872,0.1611463549640309,-0.1736802179356503,0.9715281952571586
2025-09-10 11:27:14.940000000,0.1731846035878997,-0.1885493381077119,0.966672767889551
2025-09-10 11:27:14.950000128,0.1743630753983395,-0.1905508557271874,0.96606826328126
2025-09-10 11:27:14.960000000,0.174203573662244,-0.1897834184541224,0.9662480887448992
2025-09-10 11:27:14.969999872,0.1726866373416175,-0.1904252560362676,0.9663940951533004
2025-09-10 11:27:14.980000000,0.1711561935477483,-0.1901952763136259,0.9667115982950806
2025-09-10 11:27:14.990000128,0.1721381565097615,-0.1877446848067999,0.9670162296467502
2025-09-10 11:27:15.000000000,0.1679496099302883,-0.1850362851481867,0.9682739807011356
2025-09-10 11:27:15.009999872,0.1651779413148255,-0.184681965806511,0.9688182591223388
2025-09-10 11:27:15.020000000,0.1654127683861418,-0.1893442689002403,0.9678777628861334
2025-09-10 11:27:15.030000128,0.166323098163306,-0.1850324356809279,0.9685554319518024
2025-09-10 11:27:15.040000000,0.1664651179246424,-0.1802247001146858,0.9694371676302218
2025-09-10 11:27:15.049999872,0.1665196093858088,-0.1889158296619714,0.9677716822645342
2025-09-10 11:27:15.060000000,0.1670934433915808,-0.1873803889889009,0.967971265584838
2025-09-10 11:27:15.070000128,0.164839295930129,-0.1864799319232445,0.9685314871015612
2025-09-10 11:27:15.080000000,0.1652348429511948,-0.1847493107812249,0.9687957157423625
2025-09-10 11:27:15.089999872,0.1646469683972342,-0.1856752099502517,0.968718789023693
2025-09-10 11:27:15.100000000,0.1638754858478792,-0.1867152339332853,0.9686497027075164
2025-09-10 11:27:15.110000128,0.1652962146428341,-0.1904097062191903,0.9676886406289328
2025-09-10 11:27:15.120000000,0.1657958960115878,-0.19187745907897,0.9673131662306232
2025-09-10 11:27:15.129999872,0.1649881799065003,-0.1896616956577208,0.9678880832469106
2025-09-10 11:27:15.140000000,0.1683909420799783,-0.1880286187016725,0.9676206535489816
2025-09-10 11:27:15.150000128,0.1673402751695381,-0.1869557069508869,0.968010741647363
2025-09-10 11:27:15.160000000,0.166127217806098,-0.185923491889114,0.968418402689542
2025-09-10 11:27:15.169999872,0.1661572648955351,-0.1848786433159222,0.96861326161069
2025-09-10 11:27:15.180000000,0.1668099786644089,-0.1833195048405585,0.9687973937635216
2025-09-10 11:27:15.190000128,0.1668070465644036,-0.1815638365872824,0.9691284654059892
2025-09-10 11:27:15.200000000,0.1635453549753303,-0.1816840356559254,0.96966170804759
2025-09-10 11:27:15.209999872,0.1618809348234348,-0.1815278851465685,0.9699702004983992
2025-09-10 11:27:15.220000000,0.1634156582322869,-0.1817664359159474,0.969668131588804
2025-09-10 11:27:15.230000128,0.1628470474532664,-0.1808511106064279,0.9699349024177732
2025-09-10 11:27:15.240000000,0.1632801103226306,-0.1829131174176736,0.9694753204953586
2025-09-10 11:27:15.249999872,0.1647384747803136,-0.1809602066800325,0.9695950899862148
2025-09-10 11:27:15.260000000,0.162843574799003,-0.1784766725091319,0.9703752096569396
2025-09-10 11:27:15.270000128,0.1632679731573022,-0.1800765935186144,0.970008241927788
2025-09-10 11:27:15.280000000,0.1652703616261963,-0.1817134780624293,0.969363667288186
2025-09-10 11:27:15.289999872,0.1626634661028735,-0.1821859080311631,0.9697158819521624
2025-09-10 11:27:15.300000000,0.1651589753442102,-0.1828472780950691,0.9691694308821732
2025-09-10 11:27:15.310000128,0.1657873212684551,-0.1865262882364423,0.9683607323220854
2025-09-10 11:27:15.320000000,0.1834612215882703,-0.1890538816255141,0.964676427625173
2025-09-10 11:27:15.329999872,0.1988306784235631,-0.1888964404691777,0.9616571614123716
2025-09-10 11:27:15.340000000,0.2002840411656909,-0.1879984991887638,0.961531521665885
2025-09-10 11:27:15.350000128,0.2027493694146419,-0.1873994501163255,0.961131697166452
2025-09-10 11:27:15.360000000,0.2029469018516851,-0.1859874064766478,0.9613642596128134
2025-09-10 11:27:15.369999872,0.2039055291284321,-0.1857156377414048,0.9612139392919546
2025-09-10 11:27:15.380000000,0.2055308926750375,-0.1871123046269833,0.960596709141449
2025-09-10 11:27:15.390000128,0.2034579363754153,-0.1868732624686454,0.9610844145548206
2025-09-10 11:27:15.400000000,0.2014502091208309,-0.1870656865739272,0.9614698342391188
2025-09-10 11:27:15.409999872,0.20185684597897,-0.1897801427684366,0.960852387800652
2025-09-10 11:27:15.420000000,0.2009894051323403,-0.1878730874470063,0.9614088422922256
2025-09-10 11:27:15.430000128,0.2017909341782257,-0.1859650780152507,0.9616118804602304
2025-09-10 11:27:15.440000000,0.2013785424945998,-0.1852553399712789,0.961835298601001
2025-09-10 11:27:15.449999872,0.2032304366240555,-0.1864324475885007,0.961218150117733
2025-09-10 11:27:15.460000000,0.2094214632067488,-0.1868132765086704,0.9598142791542744
2025-09-10 11:27:15.470000128,0.2055273948062866,-0.1818101980159842,0.961615069495861
2025-09-10 11:27:15.480000000,0.2031999786592826,-0.1827265126577126,0.9619359595341148
2025-09-10 11:27:15.489999872,0.2066983825848467,-0.1835857742803489,0.961026556406582
2025-09-10 11:27:15.500000000,0.2060992562208979,-0.1818267779841427,0.96148953160869
2025-09-10 11:27:15.510000128,0.2045229530538006,-0.1827610534515591,0.961648979105905
2025-09-10 11:27:15.520000000,0.2042330859835017,-0.182136343990648,0.9618290902168514
2025-09-10 11:27:15.529999872,0.2033665763383902,-0.1817348928771912,0.9620885948494128
2025-09-10 11:27:15.540000000,0.2061475696046622,-0.1833685554043671,0.961186325555564
2025-09-10 11:27:15.550000128,0.2052079411678882,-0.184730086667354,0.9611266804961291
2025-09-10 11:27:15.560000000,0.2118922454495725,-0.186646034081306,0.9593044012616944
2025-09-10 11:27:15.570000128,0.2274620336648289,-0.1940562022880898,0.954255318871519
2025-09-10 11:27:15.580000000,0.2361495460281304,-0.1977960819300217,0.9513727460274654
2025-09-10 11:27:15.590000128,0.2376850837824265,-0.1951713255148956,0.9515324243787489
2025-09-10 11:27:15.600000000,0.2390716156288652,-0.1941963583835971,0.9513845368677976
2025-09-10 11:27:15.609999872,0.2400787863504316,-0.1938025466348958,0.9512112011863258
2025-09-10 11:27:15.620000000,0.2397687408884951,-0.1927325610922408,0.9515067581407772
2025-09-10 11:27:15.630000128,0.2393379441621163,-0.1866529827329354,0.9528263286250808
2025-09-10 11:27:15.640000000,0.2407965050149604,-0.1890452757941297,0.9519868312495198
2025-09-10 11:27:15.649999872,0.2407065332128767,-0.1913125330318481,0.9515565561613122
2025-09-10 11:27:15.660000000,0.2387411557131359,-0.1819374170450299,0.9538875388890136
2025-09-10 11:27:15.670000128,0.2377928711636533,-0.1772780282100916,0.9550010738934738
2025-09-10 11:27:15.680000000,0.2384333141056747,-0.1836731138908721,0.95363186920227
2025-09-10 11:27:15.689999872,0.2377179256639069,-0.1846594311006826,0.9536199884249604
2025-09-10 11:27:15.700000000,0.2381555662442997,-0.1852624519249498,0.953393806448108
2025-09-10 11:27:15.710000128,0.2357856686511578,-0.182208567451832,0.95457066600953
2025-09-10 11:27:15.720000000,0.2345645675143906,-0.1806568852813276,0.9551662438901598
2025-09-10 11:27:15.729999872,0.2355592943237946,-0.1794222208530786,0.9551541684575454
2025-09-10 11:27:15.740000000,0.2339936436740113,-0.182921600261574,0.9548752080130184
2025-09-10 11:27:15.750000128,0.2314683594787525,-0.1839662648946691,0.955289909891714
2025-09-10 11:27:15.760000000,0.2324537556427937,-0.1814934499275196,0.955523615156092
2025-09-10 11:27:15.769999872,0.2320509503726543,-0.183965190189074,0.955148766020166
2025-09-10 11:27:15.780000000,0.2291224162704455,-0.1862707872565212,0.9554088717283448
2025-09-10 11:27:15.790000128,0.2284235961124121,-0.1850672979921357,0.9558099999230828
2025-09-10 11:27:15.800000000,0.2298974644724293,-0.1828619162747569,0.9558810989895512
2025-09-10 11:27:15.809999872,0.2274827895769522,-0.1789745659121003,0.9571936508371038
2025-09-10 11:27:15.820000000,0.2257663292362093,-0.1771229404847001,0.9579441677557524
2025-09-10 11:27:15.830000128,0.2423073982229102,-0.1820725891274554,0.9529620648561352
2025-09-10 11:27:15.840000000,0.254835958573878,-0.184440706613325,0.9492314048543222
2025-09-10 11:27:15.850000128,0.2629816650056482,-0.1916167191694016,0.9455811317944176
2025-09-10 11:27:15.860000000,0.2612493799298294,-0.1953948970675789,0.9452881019489402
2025-09-10 11:27:15.870000128,0.2618026704427318,-0.1920579866583051,0.9458187413610564
2025-09-10 11:27:15.880000000,0.2667360242547413,-0.1939422887727658,0.9440541732286104
2025-09-10 11:27:15.889999872,0.2644108754872091,-0.1906112503961907,0.9453857626104216
2025-09-10 11:27:15.900000000,0.2624994249468135,-0.1865220118936625,0.946733114970493
2025-09-10 11:27:15.910000128,0.2628397819155773,-0.185668605386136,0.9468064311233524
2025-09-10 11:27:15.920000000,0.2656673648495713,-0.1906831414940036,0.9450189367435252
2025-09-10 11:27:15.929999872,0.2681994700997353,-0.1880178198507184,0.9448377340352172
2025-09-10 11:27:15.940000000,0.2670887937256536,-0.1870221933027948,0.9453498164586416
2025-09-10 11:27:15.950000128,0.2693941337210019,-0.1863680816779551,0.9448247132925716
2025-09-10 11:27:15.960000000,0.2685657530777918,-0.1839620779753165,0.945531802818267
2025-09-10 11:27:15.969999872,0.2666476005750221,-0.18783906003087,0.9453124058396266
2025-09-10 11:27:15.980000000,0.2668255025408049,-0.1920738134863712,0.9444108223472716
2025-09-10 11:27:15.990000128,0.2664672420455939,-0.1874508008021058,0.945440323973578
2025-09-10 11:27:16.000000000,0.2666006179834317,-0.1887344791789753,0.9451472937378034
2025-09-10 11:27:16.009999872,0.2654938988883458,-0.1888617728052362,0.9454333505995692
2025-09-10 11:27:16.020000000,0.264262477729343,-0.1864370545830622,0.9462592496471254
2025-09-10 11:27:16.030000128,0.2650893624924896,-0.1826347219477806,0.9467693426766536
2025-09-10 11:27:16.040000000,0.2690116994501355,-0.1841625287054725,0.9453659971565276
2025-09-10 11:27:16.049999872,0.2863340400068996,-0.1975227299741653,0.937548712695442
2025-09-10 11:27:16.060000000,0.2940784744091313,-0.1957884477358564,0.935513086291358
2025-09-10 11:27:16.070000128,0.2974528828995543,-0.2043423660686849,0.9326124489219494
2025-09-10 11:27:16.080000000,0.2977132629292747,-0.2009938580188061,0.9332568146628882
2025-09-10 11:27:16.089999872,0.2983654504019211,-0.1949509227458973,0.9343298110019728
2025-09-10 11:27:16.100000000,0.2974534306925233,-0.1931870787459,0.9349867427802782
2025-09-10 11:27:16.110000128,0.2962679182952895,-0.1898311956121502,0.9360499120033277
2025-09-10 11:27:16.120000000,0.2947989775405563,-0.1921576725336333,0.936038990495321
2025-09-10 11:27:16.129999872,0.2957104122859808,-0.1973370805105471,0.9346728993189164
2025-09-10 11:27:16.140000000,0.2938414513793564,-0.1950752386666444,0.9357365295372544
2025-09-10 11:27:16.150000128,0.2965910002005412,-0.1944721788022653,0.9349943049409136
2025-09-10 11:27:16.160000000,0.299101198236491,-0.1968945328375773,0.9336867869645408
2025-09-10 11:27:16.169999872,0.2999412076454554,-0.1971976654122919,0.9333532839777914
2025-09-10 11:27:16.180000000,0.3019943830017951,-0.1969143898997163,0.9327508325838084
2025-09-10 11:27:16.190000128,0.298998323487364,-0.1967942819830704,0.9337408704402488
2025-09-10 11:27:16.200000000,0.2967339449750789,-0.1996651246593185,0.933853737955953
2025-09-10 11:27:16.209999872,0.2938469029283456,-0.1987952428969439,0.9349515757732936
2025-09-10 11:27:16.220000000,0.3019284875836575,-0.2005890340579021,0.9319888560498796
2025-09-10 11:27:16.230000128,0.3384123134645816,-0.2059158010580382,0.918191586200928
2025-09-10 11:27:16.240000000,0.3488551397864246,-0.2045064529329831,0.9145912760098708
2025-09-10 11:27:16.249999872,0.3454203148445449,-0.2077078536002663,0.9151733462276236
2025-09-10 11:27:16.260000000,0.3465851714566302,-0.2126932819295636,0.9135864965882592
2025-09-10 11:27:16.270000128,0.3453091056871409,-0.2095600603478085,0.9147929834867392
2025-09-10 11:27:16.280000000,0.3449332946203658,-0.2092764029207377,0.9149996772911436
2025-09-10 11:27:16.289999872,0.3398428179621735,-0.2127268601140512,0.9161081497648332
2025-09-10 11:27:16.300000000,0.3418830346630592,-0.2148159419535646,0.914860700703763
2025-09-10 11:27:16.310000128,0.3412828855061708,-0.2111266434471275,0.915942974473483
2025-09-10 11:27:16.320000000,0.3404730076971749,-0.2118670869790703,0.9160733968873032
2025-09-10 11:27:16.329999872,0.3426863343742713,-0.2107571856168854,0.9155039513535564
2025-09-10 11:27:16.340000000,0.3430583151883252,-0.2094094054088291,0.9156739011823304
2025-09-10 11:27:16.350000128,0.3404804808138,-0.2109692879580196,0.916277797244531
2025-09-10 11:27:16.360000000,0.3404704374731366,-0.2101859332873819,0.9164615401941116
2025-09-10 11:27:16.369999872,0.33953508732493,-0.2112599979938769,0.9165615842500052
2025-09-10 11:27:16.380000000,0.3391604623874578,-0.2099448584666146,0.9170023648587604
2025-09-10 11:27:16.390000128,0.3371970455925625,-0.2083072439049089,0.9180992563881032
2025-09-10 11:27:16.400000000,0.3377495636345271,-0.215294292727113,0.9162824890740948
2025-09-10 11:27:16.409999872,0.3359217032108539,-0.2189460810205612,0.91608909114652
2025-09-10 11:27:16.420000000,0.3379352718308901,-0.2137599513075228,0.916573202351884
2025-09-10 11:27:16.430000128,0.3392621507734519,-0.2103220561599961,0.9168783047630712
2025-09-10 11:27:16.440000000,0.3386414343290786,-0.2087115955211786,0.9174755848798094
2025-09-10 11:27:16.449999872,0.3377959484664899,-0.2092453679640945,0.9176656652535254
2025-09-10 11:27:16.460000000,0.3306362545615818,-0.2036363158627614,0.9215269491617328
2025-09-10 11:27:16.470000128,0.3086466270799187,-0.1932998692267593,0.9313283095391804
2025-09-10 11:27:16.480000000,0.3074678294204724,-0.1876617084751455,0.9328700965534552
2025-09-10 11:27:16.489999872,0.3077331149753118,-0.187104454381705,0.9328945562592356
2025-09-10 11:27:16.500000000,0.3069766194682268,-0.1921412692205251,0.93211967459237
2025-09-10 11:27:16.510000128,0.3085503617081727,-0.1951684832955215,0.9309704277891332
2025-09-10 11:27:16.520000000,0.3077837320215895,-0.1935171790817795,0.931568717649478
2025-09-10 11:27:16.529999872,0.3086947378917598,-0.1931001366567388,0.9313537974481484
2025-09-10 11:27:16.540000000,0.3118805736949393,-0.1965615169876382,0.9295666075065488
2025-09-10 11:27:16.550000128,0.3089490890770912,-0.1932275870405955,0.9312430187469352
2025-09-10 11:27:16.560000000,0.3111693351373042,-0.1967633073956965,0.9297622522628648
2025-09-10 11:27:16.570000128,0.312724216158288,-0.1986397591689452,0.928841111657687
2025-09-10 11:27:16.580000000,0.3121941858196342,-0.1979297397420145,0.9291709253232552
2025-09-10 11:27:16.590000128,0.3064610981728685,-0.2012311176521641,0.9303696214919854
2025-09-10 11:27:16.600000000,0.3089064860723775,-0.1990874048858895,0.9300220363401172
2025-09-10 11:27:16.609999872,0.3079239353487965,-0.1969110053286849,0.930810886281288
2025-09-10 11:27:16.620000000,0.3085730257559119,-0.2008072766059551,0.9297629404519956
2025-09-10 11:27:16.630000128,0.2649228777724563,-0.1865948235414411,0.946043466580843
2025-09-10 11:27:16.640000000,0.1731600869400056,-0.1566470739522048,0.972356559351117
2025-09-10 11:27:16.649999872,0.1026550656484194,-0.1380843152548166,0.9850861177467314
2025-09-10 11:27:16.660000000,0.0306994017164458,-0.1427320062703488,0.9892851566258808
2025-09-10 11:27:16.670000128,0.0052472853713939,-0.1418711089798963,0.989871231238208
2025-09-10 11:27:16.680000000,0.004392109489039,-0.1223404975246572,0.9924784693078514
2025-09-10 11:27:16.689999872,0.0083711901386467,-0.1250911289714648,0.9921099397890876
2025-09-10 11:27:16.700000000,0.0091959583333322,-0.1278882407827526,0.991745951451189
2025-09-10 11:27:16.710000128,0.0031929689979002,-0.1314643553865188,0.9913157560594836
2025-09-10 11:27:16.720000000,0.0038273013836057,-0.1295660421795368,0.9915634081984116
2025-09-10 11:27:16.729999872,0.0076995219741612,-0.1297123777196987,0.9915217680049548
2025-09-10 11:27:16.740000000,0.0060678821222859,-0.1312093037319013,0.9913361182872034
2025-09-10 11:27:16.750000128,0.0064543018403775,-0.129679979688554,0.9915348934131012
2025-09-10 11:27:16.760000000,0.0043832487353549,-0.133825579144044,0.9909952076056096
2025-09-10 11:27:16.769999872,0.0047194337746148,-0.1327124257267198,0.9911433493711074
2025-09-10 11:27:16.780000000,0.003564569189613,-0.1298866314125756,0.9915224439349754
2025-09-10 11:27:16.790000128,0.0032228433617144,-0.1323746277786904,0.991194517338105
2025-09-10 11:27:16.800000000,0.0040320583720171,-0.1335703095765127,0.9910311372025196
2025-09-10 11:27:16.809999872,0.0061364405079362,-0.1353462886798086,0.990779352953267
2025-09-10 11:27:16.820000000,0.0057747651345091,-0.1309767590230186,0.9913686199812194
2025-09-10 11:27:16.830000128,-0.0001343936057059,-0.12907578506995,0.9916347228929284
2025-09-10 11:27:16.840000000,-0.0034962097964892,-0.1309366348785753,0.991384574301887
2025-09-10 11:27:16.850000128,-0.0079051055947754,-0.1298177787434675,0.9915063558180792
2025-09-10 11:27:16.860000000,-0.0127738216637428,-0.1311850814085763,0.991275594320736
2025-09-10 11:27:16.870000128,-0.0149893579868474,-0.1301629283620846,0.9913793074435984
2025-09-10 11:27:16.880000000,-0.0168808755846544,-0.1338041510861543,0.9908640094339932
2025-09-10 11:27:16.889999872,-0.0198164501485495,-0.1337720219401158,0.9908139857963064
2025-09-10 11:27:16.900000000,-0.0224487328517124,-0.1314793695182515,0.9910646950549876
2025-09-10 11:27:16.910000128,-0.0217383009134325,-0.129958772210318,0.9912810720471686
2025-09-10 11:27:16.920000000,-0.0206304412000449,-0.1319644350816824,0.9910397432845284
2025-09-10 11:27:16.929999872,-0.0200025012739504,-0.1322605552965413,0.9910131409095624
2025-09-10 11:27:16.940000000,-0.0210598240982004,-0.1302087190627011,0.9912629183465926
2025-09-10 11:27:16.950000128,-0.0214525811751385,-0.1277839948343856,0.9915699861457536
2025-09-10 11:27:16.960000000,-0.0208912929302791,-0.1263765345596869,0.9917623331183664
2025-09-10 11:27:16.969999872,-0.021001012146105,-0.1247146601821722,0.9919703680173538
2025-09-10 11:27:16.980000000,-0.0257631839076339,-0.1232126694835304,0.99204581367681
2025-09-10 11:27:16.990000128,-0.021682018508846,-0.127945336692228,0.9915441900853912
2025-09-10 11:27:17.000000000,-0.0195955457507291,-0.1279461166552684,0.99158751798294
2025-09-10 11:27:17.009999872,-0.0158304839026361,-0.1292639215515915,0.9914838548178748
2025-09-10 11:27:17.020000000,-0.014165729264827,-0.1245015855683564,0.9921182829206208
2025-09-10 11:27:17.030000128,-0.0182190336388413,-0.126005406987181,0.9918622405471748
2025-09-10 11:27:17.040000000,-0.0178592518206086,-0.1253605210016128,0.991950496193541
2025-09-10 11:27:17.049999872,-0.0188997460165839,-0.1315987692888668,0.9911228801325114
2025-09-10 11:27:17.060000000,-0.0159366766469698,-0.1311020801652119,0.991240771414193
2025-09-10 11:27:17.070000128,-0.013206126436064,-0.1312867934993601,0.991256463321784
2025-09-10 11:27:17.080000000,-0.0148210036701589,-0.1294247598336913,0.9914784765148464
2025-09-10 11:27:17.089999872,-0.015113181003987,-0.1287424813453517,0.9915628902177526
2025-09-10 11:27:17.100000000,-0.0166552588167527,-0.1303076246263783,0.9913337103710224
2025-09-10 11:27:17.110000128,-0.0179363137772039,-0.1249657377432618,0.9919989178614904
2025-09-10 11:27:17.120000000,-0.0172066356414796,-0.126522649616499,0.9918144739939632
2025-09-10 11:27:17.129999872,-0.0164829100029163,-0.1279579578445971,0.9916426144040382
2025-09-10 11:27:17.140000000,-0.0131199752346896,-0.1287193679025297,0.9915942671156456
2025-09-10 11:27:17.150000128,-0.00743598212519,-0.1321565834606772,0.9912009602587334
2025-09-10 11:27:17.160000000,0.0110249791756853,-0.1233609021837115,0.992300628663812
2025-09-10 11:27:17.169999872,0.0261391633166638,-0.1243285389039372,0.9918967479305076
2025-09-10 11:27:17.180000000,0.030382844030467,-0.125471861080505,0.9916318343345047
2025-09-10 11:27:17.190000128,0.0347764730738813,-0.1273992520219299,0.9912416594881364
2025-09-10 11:27:17.200000000,0.0319152248466084,-0.1279519575480168,0.9912667224226892
2025-09-10 11:27:17.209999872,0.0331581333137479,-0.1279618129907846,0.9912246529476854
2025-09-10 11:27:17.220000000,0.0340527927996306,-0.1293466089061543,0.9910145619853544
2025-09-10 11:27:17.230000128,0.0348799818536674,-0.1259722552738844,0.9914203839780072
2025-09-10 11:27:17.240000000,0.0352532970390627,-0.1256183005816248,0.9914520904243737
2025-09-10 11:27:17.249999872,0.0371564433641483,-0.1279173661201869,0.9910885662550049
2025-09-10 11:27:17.260000000,0.0398908182320577,-0.1256180753497337,0.991276359935112
2025-09-10 11:27:17.270000128,0.0388847483858182,-0.1205392763546198,0.9919467017934364
2025-09-10 11:27:17.280000000,0.0365376408524392,-0.1219140036406112,0.9918679229198084
2025-09-10 11:27:17.289999872,0.034929312376931,-0.1244362290760897,0.9916126098584054
2025-09-10 11:27:17.300000000,0.0337953666214568,-0.1205679602995098,0.9921296488585236
2025-09-10 11:27:17.310000128,0.0345493716511186,-0.1188932915634168,0.992305762423926
2025-09-10 11:27:17.320000000,0.0350195615434429,-0.1228263388861385,0.9918101233528184
2025-09-10 11:27:17.329999872,0.0341108196113286,-0.1230235990600466,0.9918173451093484
2025-09-10 11:27:17.340000000,0.0288056646520403,-0.1181891177347854,0.9925732044202218
2025-09-10 11:27:17.350000128,0.0310200402797038,-0.1218096825586542,0.9920686258198098
2025-09-10 11:27:17.360000000,0.0344835666300128,-0.1247476425452001,0.9915890828926508
2025-09-10 11:27:17.369999872,0.0508596843225743,-0.1249461881689319,0.9908590931977472
2025-09-10 11:27:17.380000000,0.0678154466538763,-0.128511764333634,0.9893865733993926
2025-09-10 11:27:17.390000128,0.0670587790335559,-0.1291367099624923,0.9893567760391556
2025-09-10 11:27:17.400000000,0.0697042537230556,-0.1312548634138657,0.9888950792895672
2025-09-10 11:27:17.409999872,0.0707921376138377,-0.1298382409897861,0.9890048050584698
2025-09-10 11:27:17.420000000,0.0713983909614765,-0.1293623679026927,0.989023582903219
2025-09-10 11:27:17.430000128,0.0689818281160179,-0.1284066268386297,0.9893195871778224
2025-09-10 11:27:17.440000000,0.0682469105804601,-0.1313463124617502,0.9889845829935484
2025-09-10 11:27:17.449999872,0.0696194538239404,-0.1319713098100061,0.9888056963004852
2025-09-10 11:27:17.460000000,0.0691471727631797,-0.1275150375838761,0.9894233591788916
2025-09-10 11:27:17.470000128,0.0682065271869008,-0.130094510488914,0.9891528132648424
2025-09-10 11:27:17.480000000,0.0689053931628715,-0.1295692819360677,0.9891733154365022
2025-09-10 11:27:17.489999872,0.0677644643319727,-0.1281516244198052,0.9894367784413344
2025-09-10 11:27:17.500000000,0.0668171523472272,-0.1250925658804003,0.9898925790779852
2025-09-10 11:27:17.510000128,0.0673184553292846,-0.1252007431710827,0.9898449370893846
2025-09-10 11:27:17.520000000,0.0692606756685354,-0.1273309557518916,0.9894391272398962
2025-09-10 11:27:17.529999872,0.070024500814176,-0.1285088414656616,0.989233059976707
2025-09-10 11:27:17.540000000,0.0690249611347157,-0.1298749710957567,0.9891248892951928
2025-09-10 11:27:17.550000128,0.067038428322726,-0.1270162500551748,0.9896326193845574
2025-09-10 11:27:17.560000000,0.069021161811437,-0.1270267120857701,0.9894949689810848
2025-09-10 11:27:17.570000128,0.067447959797572,-0.1288663492886724,0.9893655728496696
2025-09-10 11:27:17.580000000,0.0657418583883027,-0.1273636861120385,0.9896749463917972
2025-09-10 11:27:17.590000128,0.0659937957987988,-0.128353587262791,0.98953028026071
2025-09-10 11:27:17.600000000,0.0675149736050697,-0.1263499572938796,0.9896855140047982
2025-09-10 11:27:17.609999872,0.066471380515423,-0.1256099854914455,0.9898503357160682
2025-09-10 11:27:17.620000000,0.0719708819413357,-0.1255098174331091,0.9894783867677424
2025-09-10 11:27:17.630000128,0.1156757136371621,-0.1329713360660763,0.984346358280121
2025-09-10 11:27:17.640000000,0.1314328867408325,-0.136513171729061,0.9818806191322056
2025-09-10 11:27:17.649999872,0.1295389540922102,-0.1363244734031952,0.982158488902905
2025-09-10 11:27:17.660000000,0.1321038839653042,-0.1383832582698522,0.9815287248327992
2025-09-10 11:27:17.670000128,0.130639988222568,-0.1390473195364474,0.9816308045324048
2025-09-10 11:27:17.680000000,0.1308236773808315,-0.1397569887018172,0.98150555247821
2025-09-10 11:27:17.689999872,0.1307383636218612,-0.1409053775086349,0.9813527168488542
2025-09-10 11:27:17.700000000,0.1322565429303841,-0.1400743243234525,0.9812682561447872
2025-09-10 11:27:17.710000128,0.131859462227987,-0.1388726996932837,0.981492463292941
2025-09-10 11:27:17.720000000,0.1326618023877623,-0.1383938718820978,0.9814519766207168
2025-09-10 11:27:17.729999872,0.1313723608649524,-0.1426506199025564,0.9810158527986106
2025-09-10 11:27:17.740000000,0.1299096014332873,-0.1447546801142211,0.980902430438662
2025-09-10 11:27:17.750000128,0.1315945789709737,-0.1458026841494859,0.9805225362429246
2025-09-10 11:27:17.760000000,0.1321540780364704,-0.1452769336136039,0.9805253246184716
2025-09-10 11:27:17.769999872,0.135156015625835,-0.1412221981642169,0.9807084899121734
2025-09-10 11:27:17.780000000,0.1353842604387144,-0.1409978726087857,0.9807092851325816
2025-09-10 11:27:17.790000128,0.1339110245821373,-0.1405513339170901,0.9809756164296284
2025-09-10 11:27:17.800000000,0.133216700614905,-0.1409308444418276,0.981015702097674
2025-09-10 11:27:17.809999872,0.1317023765911462,-0.1436849472753552,0.9808206359608888
2025-09-10 11:27:17.820000000,0.1308727212773045,-0.1464663274344564,0.9805202423985624
2025-09-10 11:27:17.830000128,0.1329863924891916,-0.1432950979141228,0.9807044072127404
2025-09-10 11:27:17.840000000,0.1304504478547982,-0.1435744868073499,0.9810041016185858
2025-09-10 11:27:17.850000128,0.1297399001531448,-0.1442467854791176,0.9809997060076998
2025-09-10 11:27:17.860000000,0.1337950431994825,-0.1412162355028282,0.9808959482257325
2025-09-10 11:27:17.870000128,0.1337182361534101,-0.1401661885694626,0.9810570181706724
2025-09-10 11:27:17.880000000,0.1296904927960794,-0.1409195132448015,0.9814897181657882
2025-09-10 11:27:17.889999872,0.1327090220752851,-0.143310896406662,0.9807396710804251
2025-09-10 11:27:17.900000000,0.1341200395657136,-0.1453943063997653,0.9802409452034856
2025-09-10 11:27:17.910000128,0.1347968216573505,-0.1460536122115558,0.98005007996073
2025-09-10 11:27:17.920000000,0.1495838199781431,-0.1579125111587025,0.9760575390930082
2025-09-10 11:27:17.929999872,0.1574480532634295,-0.1675529118349593,0.9732091924448631
2025-09-10 11:27:17.940000000,0.153608638442469,-0.1654002331274797,0.9741905096423524
2025-09-10 11:27:17.950000128,0.1543278678145669,-0.163152244228444,0.9744558760759934
2025-09-10 11:27:17.960000000,0.1555061450036622,-0.1618587774885178,0.9744842610406914
2025-09-10 11:27:17.969999872,0.1550370055401957,-0.1618075735225345,0.9745675123170684
2025-09-10 11:27:17.980000000,0.1545585259354931,-0.1657281203503278,0.9739845235863837
2025-09-10 11:27:17.990000128,0.1535420044135341,-0.1676455672476265,0.9738171371786882
2025-09-10 11:27:18.000000000,0.1520428001845607,-0.1697899523739168,0.9736808301414284
2025-09-10 11:27:18.009999872,0.1535289135505129,-0.1636005193193991,0.9745069229012292
2025-09-10 11:27:18.020000000,0.1560947995824699,-0.1608264501980646,0.9745610634844786
2025-09-10 11:27:18.030000128,0.1569137583821528,-0.1643114374096292,0.9738479470465442
2025-09-10 11:27:18.040000000,0.1573307258190843,-0.1628375694036812,0.9740282176117596
2025-09-10 11:27:18.049999872,0.1534505593811961,-0.1640954731004743,0.9744360428132416
2025-09-10 11:27:18.060000000,0.1510062291679166,-0.1656040975304044,0.9745626719886348
2025-09-10 11:27:18.070000128,0.1529226702965215,-0.169334454029485,0.9736223598438554
2025-09-10 11:27:18.080000000,0.1531935193745115,-0.1700498809950311,0.9734550752835116
2025-09-10 11:27:18.089999872,0.157559472608042,-0.1751192510023368,0.9718581483528632
2025-09-10 11:27:18.100000000,0.1607717442448551,-0.1732243404523029,0.97167163904651
2025-09-10 11:27:18.110000128,0.1556872400121638,-0.1692468868516837,0.9731993498705228
2025-09-10 11:27:18.120000000,0.167153413692386,-0.1773570997938402,0.969847511438628
2025-09-10 11:27:18.130000128,0.2045483698877149,-0.1816188132603785,0.9618599539674008
2025-09-10 11:27:18.140000000,0.2148583439071582,-0.181200373184164,0.9596886561856366
2025-09-10 11:27:18.150000128,0.2163352534080679,-0.1816503163613909,0.9592717136967364
2025-09-10 11:27:18.160000000,0.2151378408935559,-0.1820902670253415,0.95945757804621
2025-09-10 11:27:18.169999872,0.2122495542639721,-0.1848660581809427,0.9595700429084816
2025-09-10 11:27:18.180000000,0.2129761148933783,-0.1818029215613309,0.9599942042516127
2025-09-10 11:27:18.190000128,0.2132634798029102,-0.1769901140037625,0.9608294269678094
2025-09-10 11:27:18.200000000,0.2101985047152451,-0.1743976965065641,0.96197818689858
2025-09-10 11:27:18.209999872,0.2101331496534032,-0.1724586007229639,0.9623419820694812
2025-09-10 11:27:18.220000000,0.2110370043341835,-0.173508861906787,0.9619553303773858
2025-09-10 11:27:18.230000128,0.2117780752132926,-0.1752877958624233,0.961469830769872
2025-09-10 11:27:18.240000000,0.2132407962176081,-0.1759519820104359,0.9610251104185988
2025-09-10 11:27:18.249999872,0.2141285020852022,-0.1776318223638573,0.9605185684193944
2025-09-10 11:27:18.260000000,0.2129273117771695,-0.1805599427320075,0.9602395883215616
2025-09-10 11:27:18.270000128,0.2103737840113749,-0.1809081624817286,0.9607367525749289
2025-09-10 11:27:18.280000000,0.2117531220405696,-0.1790259472533948,0.9607863058537504
2025-09-10 11:27:18.289999872,0.2132022659758147,-0.1789188626269187,0.9604857283578282
2025-09-10 11:27:18.300000000,0.2142999467930759,-0.1816581416314347,0.9597269676233436
2025-09-10 11:27:18.310000128,0.2146508712536793,-0.1808121772755669,0.9598082933684756
2025-09-10 11:27:18.320000000,0.2155008475507249,-0.1837702241125118,0.9590557280130058
2025-09-10 11:27:18.329999872,0.2188378771672972,-0.1905772298657161,0.956969332305702
2025-09-10 11:27:18.340000000,0.2207719996642613,-0.188438707656555,0.9569485762678008
2025-09-10 11:27:18.350000128,0.2374605560615397,-0.1890849728746981,0.9528165391868044
2025-09-10 11:27:18.360000000,0.2465352669786159,-0.1948926135958799,0.9493351522521168
2025-09-10 11:27:18.369999872,0.2477519749053662,-0.1969041099139634,0.9486030415455564
2025-09-10 11:27:18.380000000,0.2506608569713282,-0.1996483942642574,0.9472642996809828
2025-09-10 11:27:18.390000128,0.2482520333360562,-0.1946320824530406,0.9489411364381388
2025-09-10 11:27:18.400000000,0.2498545226159074,-0.1941827363261789,0.9486125565483808
2025-09-10 11:27:18.409999872,0.2506557696078376,-0.1944088500849312,0.9483548303092876
2025-09-10 11:27:18.420000000,0.2539673613478461,-0.1973337253109789,0.9468685126377916
2025-09-10 11:27:18.430000128,0.2543815861469068,-0.1977010299474574,0.9466806807932115
2025-09-10 11:27:18.440000000,0.2531293100247004,-0.202200446284968,0.9460658179685908
2025-09-10 11:27:18.449999872,0.2525103144367053,-0.2027853161480599,0.9461060493717434
2025-09-10 11:27:18.460000000,0.255060120874197,-0.201268914222338,0.9457458215119966
2025-09-10 11:27:18.470000128,0.2470949817498824,-0.1840680093514733,0.9513480109441608
2025-09-10 11:27:18.480000000,0.2018328697216794,-0.2079162665864742,0.9570968178761508
2025-09-10 11:27:18.489999872,0.2400650622457523,-0.1787257061450209,0.954162401193794
2025-09-10 11:27:18.500000000,0.1314249890339723,-0.1985469791060514,0.9712397074591224
2025-09-10 11:27:18.510000128,0.1380954086593827,-0.3890951075981526,0.9107879310522182
2025-09-10 11:27:18.520000000,0.1272992971009979,-0.44786080788755,0.8849946811794425
2025-09-10 11:27:18.529999872,0.0844551233863074,-0.3899125072265132,0.9169708658633262
2025-09-10 11:27:18.540000000,0.1982185183116919,-0.3778039557109692,0.9044189239768604
2025-09-10 11:27:18.550000128,0.20333785861875,-0.4467072751135529,0.8712670805286779
2025-09-10 11:27:18.560000000,0.2424152572789989,-0.3186646405930904,0.9163447440096076
2025-09-10 11:27:18.570000128,0.2478404647744599,-0.2535439068977383,0.9350350749011562
2025-09-10 11:27:18.580000000,0.2802550461267084,-0.2775172627129594,0.9189348605950386
2025-09-10 11:27:18.590000128,0.2847118090181787,-0.2563705597196754,0.923695470333495
2025-09-10 11:27:18.600000000,0.2827679010185155,-0.2527385673498655,0.925292132641103
2025-09-10 11:27:18.609999872,0.2895216018932051,-0.2289224794467954,0.9293932108860729
2025-09-10 11:27:18.620000000,0.2908948359917979,-0.2178663890430028,0.931619252118948
2025-09-10 11:27:18.630000128,0.2949456724326852,-0.210142830765331,0.9321196495038416
2025-09-10 11:27:18.640000000,0.2905808182084367,-0.2205010666605977,0.9310972385797598
2025-09-10 11:27:18.649999872,0.2870167137869925,-0.2277469116292416,0.93045835492528
2025-09-10 11:27:18.660000000,0.2853799699473708,-0.2292957331561632,0.9305813986477568
2025-09-10 11:27:18.670000128,0.2845746283935305,-0.2291172021484286,0.9308719506754728
2025-09-10 11:27:18.680000000,0.2872308026994952,-0.2189348858196473,0.9325052180828488
2025-09-10 11:27:18.689999872,0.2854103719301679,-0.2236529521518518,0.9319443527316664
2025-09-10 11:27:18.700000000,0.2858632470383102,-0.2225659856487244,0.932065762714695
2025-09-10 11:27:18.710000128,0.2876205729251658,-0.2185743364296788,0.9324696592836278
2025-09-10 11:27:18.720000000,0.286989250137776,-0.2161511213612782,0.9332287302905
2025-09-10 11:27:18.729999872,0.2894590988954302,-0.2206414503678122,0.9314133241725898
2025-09-10 11:27:18.740000000,0.2914036562755804,-0.2214141602028996,0.93062327435481
2025-09-10 11:27:18.750000128,0.2854780389129729,-0.2217945495424797,0.9323676673349692
2025-09-10 11:27:18.760000000,0.2843789009761751,-0.2287072857282246,0.9310325548198682
2025-09-10 11:27:18.769999872,0.2798555069851127,-0.2191123662316211,0.934703517792934
2025-09-10 11:27:18.780000000,0.278981988393753,-0.2130708027718001,0.9363599111228804
2025-09-10 11:27:18.790000128,0.2770593255260002,-0.2146712548000611,0.936565204618261
2025-09-10 11:27:18.800000000,0.2769241276963186,-0.211450351141491,0.9373376000682856
2025-09-10 11:27:18.809999872,0.2776291910567766,-0.2197739677355805,0.9352119735006176
2025-09-10 11:27:18.820000000,0.2764911807860045,-0.2195626809702297,0.9355986618592004
2025-09-10 11:27:18.830000128,0.2752389824279933,-0.2189925306036477,0.9361013695598428
2025-09-10 11:27:18.840000000,0.2820326540855971,-0.2208699319919289,0.9336348618016116
2025-09-10 11:27:18.850000128,0.3033446081580899,-0.226339726647368,0.9256091922850646
2025-09-10 11:27:18.860000000,0.3209364374259872,-0.2282425286657776,0.919187223170866
2025-09-10 11:27:18.870000128,0.326484109504375,-0.2276631952835477,0.9173753843189932
2025-09-10 11:27:18.880000000,0.3197733542290034,-0.2329934790069956,0.9184002616862372
2025-09-10 11:27:18.889999872,0.320379091207891,-0.2332508798806114,0.918123774309176
2025-09-10 11:27:18.900000000,0.3194177829989656,-0.2335081703503544,0.9183932786577088
2025-09-10 11:27:18.910000128,0.3200235383841981,-0.2382160816788273,0.9169722096713968
2025-09-10 11:27:18.920000000,0.320533340453153,-0.2367810462765429,0.9171658049568402
2025-09-10 11:27:18.929999872,0.3193895314476577,-0.2323285906796092,0.918702211358214
2025-09-10 11:27:18.940000000,0.3202801544076438,-0.2290215935838343,0.9192223519720008
2025-09-10 11:27:18.950000128,0.3199577427981895,-0.2278844289445548,0.9196171648398598
2025-09-10 11:27:18.960000000,0.3209538451205148,-0.2258678167164815,0.9197675568718908
2025-09-10 11:27:18.969999872,0.3228911031672064,-0.2220544631693674,0.9200180166072992
2025-09-10 11:27:18.980000000,0.3226412113363131,-0.2229109935210978,0.9198985475121014
2025-09-10 11:27:18.990000128,0.3203377624326464,-0.2173807045196684,0.9220245914628188
2025-09-10 11:27:19.000000000,0.3180682872843621,-0.2115027285055039,0.9241748538337968
2025-09-10 11:27:19.009999872,0.3173246515003999,-0.2157621139188167,0.9234455997769622
2025-09-10 11:27:19.020000000,0.316690859663275,-0.2170041835956256,0.9233721263432918
2025-09-10 11:27:19.030000128,0.3158705175668255,-0.2178713988133926,0.9234488993502354
2025-09-10 11:27:19.040000000,0.3169047699708611,-0.215960093241247,0.9235435046043838
2025-09-10 11:27:19.049999872,0.3186604128546518,-0.2179761669014688,0.9224651386053816
2025-09-10 11:27:19.060000000,0.3169711338901761,-0.2193514707374554,0.9227211022653006
2025-09-10 11:27:19.070000128,0.3175291641125013,-0.22089164833288,0.9221616504901944
2025-09-10 11:27:19.080000000,0.3170568147659851,-0.2227746102295819,0.9218711673805108
2025-09-10 11:27:19.089999872,0.3152398059576882,-0.2250157916434814,0.921949976002395
2025-09-10 11:27:19.100000000,0.3136170955718984,-0.2249506974322728,0.9225191060838692
2025-09-10 11:27:19.110000128,0.3146097572220643,-0.2246518800585517,0.9222538877374452
2025-09-10 11:27:19.120000000,0.3152584456370982,-0.2234614129159901,0.9223215867538124
2025-09-10 11:27:19.130000128,0.3136549431422152,-0.2244555869308134,0.9226268292966544
2025-09-10 11:27:19.140000000,0.3148740585359576,-0.2247400836755806,0.9221421918828936
2025-09-10 11:27:19.150000128,0.3149319350799877,-0.2258052048059578,0.9218621837071492
2025-09-10 11:27:19.160000000,0.3156575809789413,-0.226460036476978,0.9214532779524792
2025-09-10 11:27:19.169999872,0.3160105754957392,-0.2242859373348309,0.9218639457580972
2025-09-10 11:27:19.180000000,0.3158553855277802,-0.2260532879125988,0.9214853696380648
2025-09-10 11:27:19.190000128,0.3134942488380822,-0.2229345529438171,0.923050129217903
2025-09-10 11:27:19.200000000,0.3122999540101773,-0.2222283104475654,0.923625095350306
2025-09-10 11:27:19.209999872,0.3169240547322173,-0.2245688625649896,0.921481399431566
2025-09-10 11:27:19.220000000,0.3093572220300135,-0.2191150168218986,0.9253576165899388
2025-09-10 11:27:19.230000128,0.2392446087007021,-0.1995068181809362,0.9502415728155482
2025-09-10 11:27:19.240000000,0.151565623210192,-0.1807973091947612,0.9717716783529144
2025-09-10 11:27:19.249999872,0.0640326979928316,-0.1778988442128283,0.981963245144898
2025-09-10 11:27:19.260000000,0.0059201551819642,-0.178608029713327,0.9839024969398872
2025-09-10 11:27:19.270000128,-0.0013048592687545,-0.1608276999354473,0.9869816352272024
2025-09-10 11:27:19.280000000,-0.002366134492107,-0.1624392532432548,0.986715709013158
2025-09-10 11:27:19.289999872,-6.197301589352684e-05,-0.1713507344776923,0.9852100902616155
2025-09-10 11:27:19.300000000,0.0028085086753882,-0.1754391518535235,0.984486270232316
2025-09-10 11:27:19.310000128,0.0038637069823497,-0.1734895652909605,0.9848281284079514
2025-09-10 11:27:19.320000000,0.0026918130847495,-0.1742969406074521,0.9846894589855216
2025-09-10 11:27:19.329999872,0.0036685133335676,-0.1755405167881338,0.9844653721567238
2025-09-10 11:27:19.340000000,0.0042738841520083,-0.1749524067976429,0.9845676153875706
2025-09-10 11:27:19.350000128,0.0051260833995627,-0.1739205003041882,0.98474635457204
2025-09-10 11:27:19.360000000,0.0017381183623278,-0.1717952794928715,0.9851311389294952
2025-09-10 11:27:19.369999872,0.0025983256194545,-0.1730999077425399,0.9849008430514716
2025-09-10 11:27:19.380000000,0.0023706354734245,-0.1693466833867171,0.9855536925573212
2025-09-10 11:27:19.390000128,0.0034634399929066,-0.1668656979829931,0.9859735510753136
2025-09-10 11:27:19.400000000,0.0005612948634169,-0.1628165396787779,0.9866562011942688
2025-09-10 11:27:19.409999872,-0.0020703676083846,-0.1627796077876132,0.9866602824004204
2025-09-10 11:27:19.420000000,0.0013571137589326,-0.1625253709084522,0.9867034316618724
2025-09-10 11:27:19.430000128,-0.0011879098489745,-0.1596627216208495,0.9871709093134856
2025-09-10 11:27:19.440000000,0.0001267163445527,-0.1589150240535055,0.9872922561597663
2025-09-10 11:27:19.449999872,0.0016328786587835,-0.1576492746211452,0.987493817661008
2025-09-10 11:27:19.460000000,0.0017375946514614,-0.1574449502025851,0.987526236826411
2025-09-10 11:27:19.470000128,-0.0077940218767443,-0.1544913119217268,0.9879634040609444
2025-09-10 11:27:19.480000000,-0.0238145754559206,-0.1436828753680776,0.9893372010198624
2025-09-10 11:27:19.489999872,-0.0274855661260958,-0.136955135812537,0.9901958566007524
2025-09-10 11:27:19.500000000,-0.0285929287891827,-0.1413237678721364,0.9895504216853628
2025-09-10 11:27:19.510000128,-0.028180653469979,-0.1429474020530407,0.9893290104996878
2025-09-10 11:27:19.520000000,-0.0241483011271733,-0.1426107438725337,0.9894842269004566
2025-09-10 11:27:19.529999872,-0.0198878450308546,-0.1445312575713699,0.9893003533835756
2025-09-10 11:27:19.540000000,-0.0196101780181891,-0.1447123171449246,0.9892794277577198
2025-09-10 11:27:19.550000128,-0.0215551930032068,-0.1458282007487142,0.989075077797933
2025-09-10 11:27:19.560000000,-0.0225304368978281,-0.1444076212593252,0.9892617542063455
2025-09-10 11:27:19.570000128,-0.0185434398633969,-0.143458635253342,0.9894825722615236
2025-09-10 11:27:19.580000000,-0.0209217259036497,-0.1475865533993543,0.9888278367041008
2025-09-10 11:27:19.590000128,-0.0241154887697326,-0.1479546059736057,0.988700094959332
2025-09-10 11:27:19.600000000,-0.0225615884771884,-0.1409324237342194,0.9897621060971088
2025-09-10 11:27:19.609999872,-0.0235552220973712,-0.1383195217056196,0.9901074999347658
2025-09-10 11:27:19.620000000,-0.0234781127921413,-0.1372731857734892,0.9902549422685638
2025-09-10 11:27:19.630000128,-0.0233836931500916,-0.1354010845600359,0.9905148909504736
2025-09-10 11:27:19.640000000,-0.0205249644945906,-0.1376791634609546,0.990264193930684
2025-09-10 11:27:19.649999872,-0.0210037779201035,-0.1414228088127351,0.989726442235732
2025-09-10 11:27:19.660000000,-0.023978676627054,-0.1416210016206936,0.9896304941578784
2025-09-10 11:27:19.670000128,-0.0232988311115302,-0.1403853609004484,0.9898227694459688
2025-09-10 11:27:19.680000000,-0.0237960191831306,-0.1422410411504183,0.9895459745173444
2025-09-10 11:27:19.689999872,-0.0223487417068796,-0.1369300383594588,0.9903285809967296
2025-09-10 11:27:19.700000000,-0.0121126770569232,-0.1466855240659788,0.9891090132457616
2025-09-10 11:27:19.710000128,0.0176912998595745,-0.1653650514332742,0.986073738456587
2025-09-10 11:27:19.720000000,0.0415775882528509,-0.1629157441839031,0.9857635438846788
2025-09-10 11:27:19.729999872,0.04010190778618,-0.1643996322493288,0.9855783063299406
2025-09-10 11:27:19.740000000,0.0418129406739463,-0.1626414236217677,0.9857988868498898
2025-09-10 11:27:19.750000128,0.0425601066114596,-0.1609805035449846,0.9860395097579124
2025-09-10 11:27:19.760000000,0.0426349946687738,-0.1650711857757506,0.9853597114029888
2025-09-10 11:27:19.769999872,0.0413321945302412,-0.1647859574003711,0.985462956147494
2025-09-10 11:27:19.780000000,0.0373372407023732,-0.1628607631027833,0.9859423422788536
2025-09-10 11:27:19.790000128,0.0432886645582465,-0.1664051602044568,0.985106803437116
2025-09-10 11:27:19.800000000,0.043335109503145,-0.1640166128119612,0.9855052607703528
2025-09-10 11:27:19.809999872,0.0419939482457774,-0.1584610028854736,0.9864718033858144
2025-09-10 11:27:19.820000000,0.0391132374929323,-0.1603191218652367,0.986289984648116
2025-09-10 11:27:19.830000128,0.0380690744563598,-0.1607672568620854,0.9862578946153367
2025-09-10 11:27:19.840000000,0.0403927756791016,-0.1620180187638588,0.985960742255376
2025-09-10 11:27:19.850000128,0.0433193684690378,-0.1641235769629807,0.985488144931394
2025-09-10 11:27:19.860000000,0.0438293951490329,-0.1652478415662152,0.9852776943474246
2025-09-10 11:27:19.870000128,0.0438222114480162,-0.1620197759394864,0.9858139814327672
2025-09-10 11:27:19.880000000,0.0449371959903139,-0.1625864518655815,0.9856704794637452
2025-09-10 11:27:19.889999872,0.0429142365643515,-0.1599975736130333,0.9861841332824418
2025-09-10 11:27:19.900000000,0.0430728832421836,-0.1568600463442894,0.9866811301479688
2025-09-10 11:27:19.910000128,0.0457833853843601,-0.1560802711641613,0.9866827405889236
2025-09-10 11:27:19.920000000,0.0463368268090284,-0.1599167052493732,0.986042365146374
2025-09-10 11:27:19.929999872,0.0419546593678924,-0.1621119504014696,0.9858800749048312
2025-09-10 11:27:19.940000000,0.0404700601735725,-0.161984002340636,0.9859631621999152
2025-09-10 11:27:19.950000128,0.0412798483403414,-0.1629014609561696,0.9857784173633262
2025-09-10 11:27:19.960000000,0.0411486546087114,-0.1618476681790704,0.9859574638537356
2025-09-10 11:27:19.969999872,0.0413117925651496,-0.1584211797838848,0.9865070023020294
2025-09-10 11:27:19.980000000,0.040603689021074,-0.1610657801226002,0.9861080848017514
2025-09-10 11:27:19.990000128,0.0196143817024544,-0.1633845444350568,0.9863674602652804
2025-09-10 11:27:20.000000000,-0.0132245220314318,-0.172175015637942,0.9849776017794084
2025-09-10 11:27:20.009999872,-0.0254581442976193,-0.1791376162191621,0.9834945842983772
2025-09-10 11:27:20.020000000,-0.0226999539410787,-0.1717744406083576,0.9848747400785336
2025-09-10 11:27:20.030000128,-0.022244736833995,-0.165851489294852,0.9858998200536736
2025-09-10 11:27:20.040000000,-0.0219151717421591,-0.1688446605414503,0.9853990084499548
2025-09-10 11:27:20.049999872,-0.0227541736275657,-0.1704727454855986,0.9850996348741222
2025-09-10 11:27:20.060000000,-0.0220640675001191,-0.1750610403870558,0.984310321526678
2025-09-10 11:27:20.070000128,-0.0207441316496744,-0.1759736523452439,0.9841762823205894
2025-09-10 11:27:20.080000000,-0.021590001729525,-0.1766046330983455,0.9840450576033184
2025-09-10 11:27:20.089999872,-0.0202901997427596,-0.1815524403379223,0.983171917419199
2025-09-10 11:27:20.100000000,-0.0200343423847407,-0.1804451352349351,0.983380993458414
2025-09-10 11:27:20.110000128,-0.0198465470255915,-0.1800739418523032,0.9834528407793302
2025-09-10 11:27:20.120000000,-0.0201420322626974,-0.1807716983925281,0.9833188148289492
2025-09-10 11:27:20.130000128,-0.0192726905730801,-0.1822548783349556,0.9830624205619828
2025-09-10 11:27:20.140000000,-0.0168634422584107,-0.1838171217714393,0.9828157966062924
2025-09-10 11:27:20.150000128,-0.0179863430093221,-0.1857273687411982,0.9824366829295526
2025-09-10 11:27:20.160000000,-0.0171735749739474,-0.1866503248490451,0.9822762974623588
2025-09-10 11:27:20.169999872,-0.0152673878814914,-0.187166581106329,0.98220953863432
2025-09-10 11:27:20.180000000,-0.0132314502514081,-0.1879861115093641,0.982082557936874
2025-09-10 11:27:20.190000128,-0.0100125209952908,-0.1873174918863911,0.9822483935628048
2025-09-10 11:27:20.200000000,-0.0080549982670558,-0.1866713921948133,0.9823893873301808
2025-09-10 11:27:20.209999872,-0.0053672250295734,-0.1857960744747071,0.9825736672663636
2025-09-10 11:27:20.220000000,-0.0021124547215721,-0.1862858849392783,0.982493311227837
2025-09-10 11:27:20.230000128,-0.0022796468844339,-0.188980792096197,0.9819781379586698
2025-09-10 11:27:20.240000000,-0.0027947217649544,-0.1879379366486353,0.9821769298341873
2025-09-10 11:27:20.249999872,-0.002439601667999,-0.1888436720680896,0.9820041323047176
2025-09-10 11:27:20.260000000,-0.0025558187585867,-0.1915355570467056,0.981482347358974
2025-09-10 11:27:20.270000128,-0.0025705529485557,-0.19255029030785,0.9812837397816706
2025-09-10 11:27:20.280000000,-0.0039529096659683,-0.1902496071260326,0.9817277939905558
2025-09-10 11:27:20.289999872,0.0006427322531627,-0.1944338126967689,0.9809154292677064
2025-09-10 11:27:20.300000000,0.0035788589799418,-0.1955722469208376,0.9806827662413248
2025-09-10 11:27:20.310000128,0.0443687195842822,-0.2149463069392481,0.9756174977190754
2025-09-10 11:27:20.320000000,0.132141053916263,-0.2366198014318856,0.9625745744825356
2025-09-10 11:27:20.329999872,0.2131086002725171,-0.2523488906478756,0.9438775142351232
2025-09-10 11:27:20.340000000,0.2525768931001738,-0.2710884922142119,0.9288250332871572
2025-09-10 11:27:20.350000128,0.2474791607364805,-0.2728819607516347,0.9296717165201438
2025-09-10 11:27:20.360000000,0.2488532493433584,-0.2732182857427296,0.929206020550371
2025-09-10 11:27:20.369999872,0.2504389254792267,-0.2746057681335936,0.9283706246497512
2025-09-10 11:27:20.380000000,0.2502485807098591,-0.2760959221868425,0.9279798971984784
2025-09-10 11:27:20.390000128,0.2493621143386304,-0.2725689587008632,0.9292602965183088
2025-09-10 11:27:20.400000000,0.2521879644870846,-0.2689111707943406,0.9295633452271436
2025-09-10 11:27:20.409999872,0.2548596966042539,-0.2689598248362669,0.9288202989119222
2025-09-10 11:27:20.420000000,0.2658564675127062,-0.2703057538573036,0.9253405525066436
2025-09-10 11:27:20.430000128,0.272780266803635,-0.2662781206603738,0.9244927736332594
2025-09-10 11:27:20.440000000,0.2792398890366705,-0.2702600330060665,0.9214036026250104
2025-09-10 11:27:20.449999872,0.2858153320818761,-0.2679609440355085,0.9200578940580456
2025-09-10 11:27:20.460000000,0.29203112272707,-0.2693388002799416,0.9177006233094368
2025-09-10 11:27:20.470000128,0.2987741956746002,-0.2700976998805347,0.9153038908025248
2025-09-10 11:27:20.480000000,0.3049205219051827,-0.2716863218206227,0.9128033840081072
2025-09-10 11:27:20.489999872,0.3088482317670356,-0.2701408726491818,0.9119411596472188
2025-09-10 11:27:20.500000000,0.3186269755761856,-0.2746878469717901,0.9072063917109356
2025-09-10 11:27:20.510000128,0.3340549087548987,-0.2756976007677847,0.9013313213617086
2025-09-10 11:27:20.520000000,0.3413982067701183,-0.2758563257291621,0.8985268788240861
2025-09-10 11:27:20.529999872,0.3333912028176556,-0.2796278967552398,0.9003657841344472
2025-09-10 11:27:20.540000000,0.2804962936846512,-0.2669722947376569,0.9219802726044
2025-09-10 11:27:20.550000128,0.2114935331893951,-0.240384426491361,0.947357278390516
2025-09-10 11:27:20.560000000,0.1771099378060475,-0.2445537771853259,0.9533234078709744
2025-09-10 11:27:20.570000128,0.1851778555983451,-0.2518469298116588,0.949885406636211
2025-09-10 11:27:20.580000000,0.2137165239001732,-0.2473879418145338,0.9450526195174508
2025-09-10 11:27:20.590000128,0.2385892584470729,-0.2343984055994475,0.9424078486547706
2025-09-10 11:27:20.600000000,0.2571765546686301,-0.2552801983145893,0.932036608764504
2025-09-10 11:27:20.609999872,0.2837591548805637,-0.2649417534940956,0.921567474077152
2025-09-10 11:27:20.620000000,0.3039075895585416,-0.2821712210300554,0.909955811581598
2025-09-10 11:27:20.630000128,0.3123972104905789,-0.2929246563082171,0.9036609588802748
2025-09-10 11:27:20.640000000,0.314691999369221,-0.284649606515662,0.9055073423465329
2025-09-10 11:27:20.649999872,0.3312070267705752,-0.2881818660435963,0.8984726581824437
2025-09-10 11:27:20.660000000,0.3533323094855722,-0.2859519318670438,0.8907231734580039
2025-09-10 11:27:20.670000128,0.371959551864036,-0.2912210886560432,0.8813832136472165
2025-09-10 11:27:20.680000000,0.3866394195663553,-0.292214116326504,0.8747118779672037
2025-09-10 11:27:20.689999872,0.3938977188174071,-0.2819661364628163,0.8748369476643494
2025-09-10 11:27:20.700000000,0.4044762691491864,-0.2787939653432473,0.8710182963539532
2025-09-10 11:27:20.710000128,0.4385663492669894,-0.2907462752306974,0.8503682500717561
2025-09-10 11:27:20.720000000,0.448881298964715,-0.2924723483898678,0.844372847068797
2025-09-10 11:27:20.729999872,0.4588972516222291,-0.2951431653673876,0.8380356939835459
2025-09-10 11:27:20.740000000,0.4689208352661721,-0.3000263190796023,0.8307210471107738
2025-09-10 11:27:20.750000128,0.4741688130734603,-0.2992197713716393,0.8280286620213154
2025-09-10 11:27:20.760000000,0.4800711562594555,-0.2992220322298408,0.8246198277727462
2025-09-10 11:27:20.769999872,0.4869033796345914,-0.2852480676876229,0.8255656477718113
2025-09-10 11:27:20.780000000,0.497170608625669,-0.2815204257857837,0.8207116642184228
2025-09-10 11:27:20.790000128,0.5054027224517171,-0.2728201411722847,0.8186191169946663
2025-09-10 11:27:20.800000000,0.5043099858615495,-0.2687764604328756,0.8206282059967829
2025-09-10 11:27:20.809999872,0.5065187068912208,-0.2645460755817388,0.8206425369571982
2025-09-10 11:27:20.820000000,0.5064723642834548,-0.2632724767199927,0.8210805972734033
2025-09-10 11:27:20.830000128,0.503189701655121,-0.2614915935349928,0.8236639306530064
2025-09-10 11:27:20.840000000,0.5072254365696586,-0.2546099620034344,0.8233444745337938
2025-09-10 11:27:20.850000128,0.5040692896075826,-0.2543848678930502,0.8253499198894626
2025-09-10 11:27:20.860000000,0.5011940976141238,-0.2499077030982932,0.8284628032983132
2025-09-10 11:27:20.870000128,0.4918068089994311,-0.2503021999454005,0.8339513602868515
2025-09-10 11:27:20.880000000,0.4770968130027062,-0.2503591371346421,0.8424363082606651
2025-09-10 11:27:20.889999872,0.4764938318404716,-0.2401275945709628,0.8457495885565348
2025-09-10 11:27:20.900000000,0.4593670496402046,-0.2304240508453159,0.8578383708466819
2025-09-10 11:27:20.910000128,0.4437472922307168,-0.2281072425676837,0.8666345403490879
2025-09-10 11:27:20.920000000,0.4311730176695426,-0.2200335680149076,0.8750286039783897
2025-09-10 11:27:20.929999872,0.4224346615170749,-0.2187181715577312,0.8796086164763266
2025-09-10 11:27:20.940000000,0.4340413020257507,-0.2304927824397286,0.8709082760997182
2025-09-10 11:27:20.950000128,0.4384950157136682,-0.2376687957526158,0.8667385215390921
2025-09-10 11:27:20.960000000,0.4142778716202487,-0.2370776308328753,0.8787309269875891
2025-09-10 11:27:20.969999872,0.3950181342295676,-0.2493634742418969,0.8841824084111842
2025-09-10 11:27:20.980000000,0.3816152598937716,-0.2609365424858975,0.8867253882751495
2025-09-10 11:27:20.990000128,0.3573012430568127,-0.2586670306587161,0.8974559537716931
2025-09-10 11:27:21.000000000,0.3395153729314696,-0.2592336645656234,0.904172117850956
2025-09-10 11:27:21.009999872,0.3197525508357578,-0.2538343453383538,0.9128671488013334
2025-09-10 11:27:21.020000000,0.2935844499533992,-0.2420587554777022,0.9247787463183538
2025-09-10 11:27:21.030000128,0.2921268256366096,-0.2421979932615596,0.9252037882561612
2025-09-10 11:27:21.040000000,0.263505953746918,-0.2451849426050717,0.9329785400852876
2025-09-10 11:27:21.049999872,0.2506422443076584,-0.2457339784371895,0.9363724030586608
2025-09-10 11:27:21.060000000,0.2380165524686014,-0.2453822730098777,0.9397529786297394
2025-09-10 11:27:21.070000128,0.2338321909773485,-0.2436238683241211,0.941259750146326
2025-09-10 11:27:21.080000000,0.2294126216073579,-0.2462853753724168,0.9416545879062592
2025-09-10 11:27:21.089999872,0.2238346424533435,-0.2467154199601965,0.9428836377791524
2025-09-10 11:27:21.100000000,0.2216798102688511,-0.2434296978469175,0.9442457539885074
2025-09-10 11:27:21.110000128,0.2186100237094288,-0.2464005275145397,0.94419089043176
2025-09-10 11:27:21.120000000,0.217320481903889,-0.2434876558581598,0.945243656201807
2025-09-10 11:27:21.130000128,0.2272990007682092,-0.2324783371125718,0.9456685397236958
2025-09-10 11:27:21.140000000,0.2392957390905886,-0.2269115766381872,0.9440596833043244
2025-09-10 11:27:21.150000128,0.2498967206969832,-0.2243565930770236,0.941921306759628
2025-09-10 11:27:21.160000000,0.2578106564045901,-0.2237346177476225,0.9399342989090036
2025-09-10 11:27:21.169999872,0.2692275443265261,-0.2189570036679175,0.937856257600639
2025-09-10 11:27:21.180000000,0.2940290434383338,-0.2151788845390531,0.9312598827734756
2025-09-10 11:27:21.190000128,0.3100557278411109,-0.2220950942220436,0.9244129027417458
2025-09-10 11:27:21.200000000,0.317693240111504,-0.2209828487145504,0.9220832856968272
2025-09-10 11:27:21.209999872,0.3470692897434055,-0.2237981341264131,0.9107454656920032
2025-09-10 11:27:21.220000000,0.3718291922039802,-0.2333873346757377,0.8984839474569878
2025-09-10 11:27:21.230000128,0.38433664862565,-0.23969125022026,0.8915343207589108
2025-09-10 11:27:21.240000000,0.3903086755671815,-0.2208541724968647,0.8938023116258527
2025-09-10 11:27:21.249999872,0.402940731968655,-0.1914933716663305,0.8949687453360733
2025-09-10 11:27:21.260000000,0.4269093089954832,-0.1963476679171124,0.8827208138457542
2025-09-10 11:27:21.270000128,0.4416707231898183,-0.2018971663561603,0.874165033900542
2025-09-10 11:27:21.280000000,0.444017368910158,-0.1901966381493874,0.8755991177147061
2025-09-10 11:27:21.289999872,0.4467746846738775,-0.1881152677996516,0.8746456580554338
2025-09-10 11:27:21.300000000,0.4517921699897952,-0.1866252627092142,0.8723845748605537
2025-09-10 11:27:21.310000128,0.4664670603477326,-0.1767484332168235,0.8666997594126485
2025-09-10 11:27:21.320000000,0.4688129687029402,-0.1717138612559207,0.8664460457688745
2025-09-10 11:27:21.329999872,0.4694277682924976,-0.1780983912313248,0.8648228335310876
2025-09-10 11:27:21.340000000,0.4663052098942047,-0.1766643632640606,0.8668039882107291
2025-09-10 11:27:21.350000128,0.4671172507484584,-0.1747944069460665,0.8667458620342958
2025-09-10 11:27:21.360000000,0.4671848254367928,-0.1762141222607121,0.866421907616307
2025-09-10 11:27:21.369999872,0.4639636139543327,-0.1797561278602274,0.8674246361633572
2025-09-10 11:27:21.380000000,0.4607754293260586,-0.1824919256802792,0.8685520714331927
2025-09-10 11:27:21.390000128,0.4607333560629841,-0.1807699098866147,0.8689344131121317
2025-09-10 11:27:21.400000000,0.4616805567314159,-0.1799512639337799,0.8686015232227059
2025-09-10 11:27:21.409999872,0.4545323878236572,-0.1745341053177736,0.8734633103343543
2025-09-10 11:27:21.420000000,0.4405226364454191,-0.1736246115322377,0.8807918602311539
2025-09-10 11:27:21.430000128,0.4364878564540733,-0.1826517421648149,0.8809748533597802
2025-09-10 11:27:21.440000000,0.4323736945323642,-0.18736003562028,0.8820142886194086
2025-09-10 11:27:21.449999872,0.4110390245170122,-0.1889292064504383,0.8918254735508012
2025-09-10 11:27:21.460000000,0.4031867540260324,-0.1913434999953395,0.8948899968082588
2025-09-10 11:27:21.470000128,0.3954384889996984,-0.1961400306743635,0.8973056835798462
2025-09-10 11:27:21.480000000,0.3908598558373231,-0.1924452996306141,0.9001074267802207
2025-09-10 11:27:21.489999872,0.3748278034059012,-0.1966784528790454,0.905992110322718
2025-09-10 11:27:21.500000000,0.3236501517412427,-0.1877428666007842,0.927363572348187
2025-09-10 11:27:21.510000128,0.280955433668435,-0.1852748462622945,0.941667284997554
2025-09-10 11:27:21.520000000,0.2717718866232719,-0.1958568134935187,0.9422208606528476
2025-09-10 11:27:21.529999872,0.2730557957177791,-0.1932590220772342,0.9423860582641712
2025-09-10 11:27:21.540000000,0.2676109941264763,-0.1860567748154598,0.9453926339716786
2025-09-10 11:27:21.550000128,0.2617783076730249,-0.1817620121444773,0.9478579474652506
2025-09-10 11:27:21.560000000,0.2527976558050793,-0.1775496719114508,0.9510885653941976
2025-09-10 11:27:21.570000128,0.2431518235230048,-0.1705601709067487,0.9548750802160972
2025-09-10 11:27:21.580000000,0.2373532422673936,-0.1767613489806289,0.9552061892029932
2025-09-10 11:27:21.590000128,0.2326143756076755,-0.1762372153185658,0.9564679797031416
2025-09-10 11:27:21.600000000,0.2286921781392747,-0.1781707445740914,0.9570554181633516
2025-09-10 11:27:21.609999872,0.221516337199668,-0.1831128800443978,0.9578100988794642
2025-09-10 11:27:21.620000000,0.2169867757814237,-0.1837821743017129,0.9587183379621552
2025-09-10 11:27:21.630000128,0.2110747879758663,-0.1815692264843009,0.9604582499384532
2025-09-10 11:27:21.640000000,0.2055611610366481,-0.1793915449212139,0.9620619952394156
2025-09-10 11:27:21.649999872,0.201689647535543,-0.1770689394977962,0.9633108930880592
2025-09-10 11:27:21.660000000,0.1996944320992564,-0.1764937790456337,0.9638319769268638
2025-09-10 11:27:21.670000128,0.1979601165764554,-0.1761379415292802,0.9642547473561456
2025-09-10 11:27:21.680000000,0.1968327206522014,-0.1752207430220295,0.9646525650696526
2025-09-10 11:27:21.689999872,0.1953439993938599,-0.1731927340662919,0.9653211894325404
2025-09-10 11:27:21.700000000,0.1925691321181222,-0.1694684130310662,0.9665389730062648
2025-09-10 11:27:21.710000128,0.2018506059282681,-0.1737528342346226,0.9638808461017508
2025-09-10 11:27:21.720000000,0.2092048638960973,-0.1759987920612664,0.96190319165454
2025-09-10 11:27:21.729999872,0.2044364159745731,-0.1794453351203263,0.9622916000501228
2025-09-10 11:27:21.740000000,0.2015591205008914,-0.1734402270532766,0.9639981372298472
2025-09-10 11:27:21.750000128,0.2027917183654028,-0.1698180599662526,0.9643844386300028
2025-09-10 11:27:21.760000000,0.2065340908640794,-0.1746640996921859,0.9627232840176176
2025-09-10 11:27:21.769999872,0.2033335439809162,-0.1707168215103974,0.9641116308527494
2025-09-10 11:27:21.780000000,0.2013185011532564,-0.1726824044963485,0.9641844472250972
2025-09-10 11:27:21.790000128,0.1997492305361222,-0.1724885911780558,0.9645454529536888
2025-09-10 11:27:21.800000000,0.1992957261728281,-0.1703421110535126,0.9650206105213908
2025-09-10 11:27:21.809999872,0.1977979747582872,-0.1732956649276536,0.9648028677915518
2025-09-10 11:27:21.820000000,0.19885241771303,-0.175112285645642,0.9642579547951065
2025-09-10 11:27:21.830000128,0.1967988028103685,-0.1760969551839876,0.964499918915152
2025-09-10 11:27:21.840000000,0.1949969177511844,-0.1707503294302887,0.9658263441566428
2025-09-10 11:27:21.850000128,0.1934985216993991,-0.1692674660073618,0.9663885590442356
2025-09-10 11:27:21.860000000,0.1927355183006713,-0.1707430577605318,0.9662814435825388
2025-09-10 11:27:21.870000128,0.1937982977799734,-0.1717952910787941,0.965882289795572
2025-09-10 11:27:21.880000000,0.1942935071438659,-0.1673234346171583,0.966567587553842
2025-09-10 11:27:21.889999872,0.1909890464889477,-0.1710367373793959,0.966576235269549
2025-09-10 11:27:21.900000000,0.190445096641664,-0.17022656214303,0.9668265525450324
2025-09-10 11:27:21.910000128,0.1898708755631404,-0.1699055085782863,0.9669959507503848
2025-09-10 11:27:21.920000000,0.1889644402118649,-0.1738307406726053,0.9664757182322948
2025-09-10 11:27:21.929999872,0.1869427578059137,-0.1720395620169847,0.9671891202887488
2025-09-10 11:27:21.940000000,0.1825133615468186,-0.1715947601204059,0.9681136871029666
2025-09-10 11:27:21.950000128,0.1716522088487609,-0.1707180948744232,0.9702529831336716
2025-09-10 11:27:21.960000000,0.1659596378817178,-0.168780098173515,0.9715815339201892
2025-09-10 11:27:21.969999872,0.168947985988659,-0.1722452381429624,0.9704577043681244
2025-09-10 11:27:21.980000000,0.1695213239498124,-0.1712862262651139,0.9705274593838956
2025-09-10 11:27:21.990000128,0.1662569477594987,-0.1744735069372974,0.970524406029388
2025-09-10 11:27:22.000000000,0.1654347296085866,-0.1702833359586903,0.9714087377279008
2025-09-10 11:27:22.009999872,0.1639896283353363,-0.1674720944147968,0.9721422217920378
2025-09-10 11:27:22.020000000,0.1895011290545143,-0.1627688966965654,0.968295207235504
2025-09-10 11:27:22.030000128,0.2125679598886622,-0.1695347463922818,0.9623267803581468
2025-09-10 11:27:22.040000000,0.2138349800271519,-0.1690671171999619,0.9621283236650306
2025-09-10 11:27:22.049999872,0.2169677832530799,-0.1664296857700228,0.9618867608636352
2025-09-10 11:27:22.060000000,0.2167240229121597,-0.1716420073127647,0.9610253478542669
2025-09-10 11:27:22.070000128,0.2156271471578447,-0.1749485150068719,0.9606757780362006
2025-09-10 11:27:22.080000000,0.2136824221350593,-0.1727350298965911,0.9615104949594248
2025-09-10 11:27:22.089999872,0.2078505706591778,-0.167070388797578,0.9637871266330964
2025-09-10 11:27:22.100000000,0.2046986418695328,-0.1649862404797929,0.964820193854333
2025-09-10 11:27:22.110000128,0.1986384232832762,-0.1564541776372687,0.9675044532690172
2025-09-10 11:27:22.120000000,0.1939733702717296,-0.1463281006777871,0.9700321739908724
2025-09-10 11:27:22.130000128,0.1953616663397811,-0.1430961407235599,0.9702357001445407
2025-09-10 11:27:22.140000000,0.1959348413396109,-0.1437441008008285,0.9700243148675104
2025-09-10 11:27:22.150000128,0.193453116007952,-0.1439885025310395,0.970486065353688
2025-09-10 11:27:22.160000000,0.1896933256840512,-0.1435457014279548,0.9712935054824988
2025-09-10 11:27:22.169999872,0.1854790697575686,-0.1451226467228629,0.9718728991437194
2025-09-10 11:27:22.180000000,0.1849530915512534,-0.1451768396388927,0.9719650400904843
2025-09-10 11:27:22.190000128,0.1821661131217222,-0.1441508200647787,0.972643844531376
2025-09-10 11:27:22.200000000,0.1805047402300498,-0.1434688363747351,0.9730543313421722
2025-09-10 11:27:22.209999872,0.1769852319687913,-0.1449951519447304,0.9734745161417826
2025-09-10 11:27:22.220000000,0.1728770245128133,-0.1399487513210193,0.9749501943172706
2025-09-10 11:27:22.230000128,0.168882933375877,-0.1384215510692768,0.9758678337838248
2025-09-10 11:27:22.240000000,0.1641799375290309,-0.1347739790591573,0.9771800871290436
2025-09-10 11:27:22.249999872,0.1606109678530098,-0.1363976305606037,0.9775478522214516
2025-09-10 11:27:22.260000000,0.1615242164566906,-0.1388962733142158,0.9770454200074196
2025-09-10 11:27:22.270000128,0.1623920938717981,-0.1372447276578381,0.977134940823456
2025-09-10 11:27:22.280000000,0.1587118541278394,-0.1358957721831771,0.9779278534033284
2025-09-10 11:27:22.289999872,0.157772662689613,-0.134379361576604,0.9782893100152398
2025-09-10 11:27:22.300000000,0.1561599334254451,-0.1328983144456641,0.9787502813333244
2025-09-10 11:27:22.310000128,0.1533413190315625,-0.1329694597225852,0.979186173645617
2025-09-10 11:27:22.320000000,0.15621210189232,-0.1322135849623876,0.9788346883788788
2025-09-10 11:27:22.329999872,0.1789526539399197,-0.1414175960298456,0.973641110050823
2025-09-10 11:27:22.340000000,0.1919445608441462,-0.1441462953919439,0.9707621392942384
2025-09-10 11:27:22.350000128,0.1946359278456507,-0.1407403194203078,0.9707260262716418
2025-09-10 11:27:22.360000000,0.1949285758404088,-0.1370832467570986,0.971190523934085
2025-09-10 11:27:22.369999872,0.1916051953479728,-0.129919977875342,0.97283515996521
2025-09-10 11:27:22.380000000,0.1912430809305271,-0.1401341204198302,0.9714877828827084
2025-09-10 11:27:22.390000128,0.1902857452745943,-0.1406381059845755,0.9716029324216572
2025-09-10 11:27:22.400000000,0.1883095286235563,-0.1350279467344528,0.9727831079075396
2025-09-10 11:27:22.409999872,0.1846276986393014,-0.1372056148932326,0.9731840689905096
2025-09-10 11:27:22.420000000,0.1860195431531024,-0.1353885593497724,0.973173503319066
2025-09-10 11:27:22.430000128,0.1838659361910234,-0.1371654468944348,0.973333939450818
2025-09-10 11:27:22.440000000,0.1826920395498041,-0.1382908881743254,0.9733957308993548
2025-09-10 11:27:22.449999872,0.182172437563178,-0.1409834435731378,0.97310681409111
2025-09-10 11:27:22.460000000,0.1768502290764172,-0.138081536636861,0.9745037125201844
2025-09-10 11:27:22.470000128,0.1770191439065942,-0.1396315797877164,0.9742521463238164
2025-09-10 11:27:22.480000000,0.173406552937275,-0.1433336550842104,0.974364218718346
2025-09-10 11:27:22.489999872,0.1740487143297583,-0.1406783716709899,0.9746366711673418
2025-09-10 11:27:22.500000000,0.1752643416220394,-0.1394030952162032,0.97460206628138
2025-09-10 11:27:22.510000128,0.1724440621836167,-0.1436062173868186,0.9744948946738832
2025-09-10 11:27:22.520000000,0.1704495659888839,-0.1394073936121588,0.975455034361126
2025-09-10 11:27:22.529999872,0.1665903341469191,-0.1253775067253294,0.9780225669053644
2025-09-10 11:27:22.540000000,0.1644406338412243,-0.1273186850762606,0.9781355889509123
2025-09-10 11:27:22.550000128,0.1631791703348372,-0.1238431809100174,0.9787928406516484
2025-09-10 11:27:22.560000000,0.1609054983271978,-0.1201244615497328,0.9796323465185616
2025-09-10 11:27:22.570000128,0.1613010371859584,-0.1180511362974137,0.9798193224373684
2025-09-10 11:27:22.580000000,0.1597320520935282,-0.1189190899003726,0.979971388149296
2025-09-10 11:27:22.590000128,0.1585454879021487,-0.1210575363242918,0.97990224061636
2025-09-10 11:27:22.600000000,0.1556106055617392,-0.1233342621168799,0.9800887710941256
2025-09-10 11:27:22.609999872,0.1482813014940622,-0.1217465769305759,0.981422654432286
2025-09-10 11:27:22.620000000,0.1457092691691386,-0.1204377146143398,0.9819692285284048
2025-09-10 11:27:22.630000128,0.1470957893430608,-0.1216307522208551,0.9816153976337836
2025-09-10 11:27:22.640000000,0.1437874772026366,-0.1260340091223766,0.9815500954837924
2025-09-10 11:27:22.649999872,0.1582680507275959,-0.1230199442690932,0.9797026678696534
2025-09-10 11:27:22.660000000,0.1977705041926836,-0.1322731146502273,0.9712829921357108
2025-09-10 11:27:22.670000128,0.2072127560519989,-0.149047185643953,0.9668752816061396
2025-09-10 11:27:22.680000000,0.211053327571174,-0.1423376501763288,0.9670555755815774
2025-09-10 11:27:22.689999872,0.2067239398557659,-0.1392244980373744,0.968442952288234
2025-09-10 11:27:22.700000000,0.2039334637282685,-0.1404872067667917,0.9688521492501608
2025-09-10 11:27:22.710000128,0.2025470396712605,-0.1397838338354187,0.9692446422439904
2025-09-10 11:27:22.720000000,0.2020383458362627,-0.1362250058528906,0.9698573372368364
2025-09-10 11:27:22.729999872,0.2016056874993299,-0.1342298155791975,0.9702254909955196
2025-09-10 11:27:22.740000000,0.1981508605225221,-0.129482553030097,0.9715814453431024
2025-09-10 11:27:22.750000128,0.1965002377077849,-0.1309032600962453,0.9717262953511956
2025-09-10 11:27:22.760000000,0.1949446346214497,-0.1319591579135132,0.9718967898265052
2025-09-10 11:27:22.769999872,0.1908884482143728,-0.1286354148357993,0.9731467157568434
2025-09-10 11:27:22.780000000,0.1892399737954415,-0.1174178273165443,0.9748852681962952
2025-09-10 11:27:22.790000128,0.1911764695363732,-0.1211251109917846,0.9740535226479272
2025-09-10 11:27:22.800000000,0.1914219779045615,-0.123758864342242,0.9736741600103312
2025-09-10 11:27:22.809999872,0.1896291217851116,-0.1246819522555135,0.9739071860052996
2025-09-10 11:27:22.820000000,0.1871124591025625,-0.1234034009742107,0.974556580336201
2025-09-10 11:27:22.830000128,0.1868236090979216,-0.1250114391791515,0.974407039772386
2025-09-10 11:27:22.840000000,0.1791678812068536,-0.1279212771882061,0.9754665638484924
2025-09-10 11:27:22.850000128,0.1688191435215549,-0.1280204539445079,0.9772977336270104
2025-09-10 11:27:22.860000000,0.1665904569386502,-0.1294364571739344,0.9774936435656408
2025-09-10 11:27:22.870000128,0.1641309228603947,-0.1300203435290679,0.9778321688457476
2025-09-10 11:27:22.880000000,0.1611526602818374,-0.1311130007509692,0.978181578807413
2025-09-10 11:27:22.889999872,0.1621938957056095,-0.1349660690297577,0.977485191911618
2025-09-10 11:27:22.900000000,0.162033503827106,-0.1350775881783478,0.9774963881311438
2025-09-10 11:27:22.910000128,0.1598954603717703,-0.1323271003499014,0.9782244017941316
2025-09-10 11:27:22.920000000,0.1608446124011179,-0.1340864758377016,0.9778291403200048
2025-09-10 11:27:22.929999872,0.1617284525627966,-0.1303409505102815,0.9781897281467024
2025-09-10 11:27:22.940000000,0.1631449232793223,-0.1305971018206052,0.9779203091276112
2025-09-10 11:27:22.950000128,0.1613722750572137,-0.1323824510049837,0.9779743736462484
2025-09-10 11:27:22.960000000,0.1594685050137509,-0.1307550499476531,0.9785054485396932
2025-09-10 11:27:22.969999872,0.1601235677304607,-0.1339268586673555,0.977969344910546
2025-09-10 11:27:22.980000000,0.1614726920788218,-0.1305035124079108,0.9782103061009
2025-09-10 11:27:22.990000128,0.1606679604359038,-0.1301190617714407,0.9783940086964386
2025-09-10 11:27:23.000000000,0.1624345332081116,-0.1306193661244945,0.978035584022738
2025-09-10 11:27:23.009999872,0.1625283530520447,-0.129668155916614,0.9781465656001532
2025-09-10 11:27:23.020000000,0.1614071812723049,-0.1328011385314644,0.9779118464557408
2025-09-10 11:27:23.030000128,0.1617925189579496,-0.1322999212668374,0.977916106648229
2025-09-10 11:27:23.040000000,0.1609655411726564,-0.1250179796161798,0.9790100098199622
2025-09-10 11:27:23.049999872,0.1638945956873872,-0.1262570656282549,0.9783648168671084
2025-09-10 11:27:23.060000000,0.1955910408893265,-0.1303309354131867,0.9719866213061544
2025-09-10 11:27:23.070000128,0.2237670792527861,-0.1413571572070305,0.9643373104619692
2025-09-10 11:27:23.080000000,0.2402731211600589,-0.1688100523951034,0.9559142186715114
2025-09-10 11:27:23.089999872,0.2399416900825253,-0.169936367941053,0.9557978950653452
2025-09-10 11:27:23.100000000,0.2351638979869689,-0.1665364345996578,0.9575821411421626
2025-09-10 11:27:23.110000128,0.2311392990357068,-0.1635108317604714,0.9590822865313908
2025-09-10 11:27:23.120000000,0.2319934255472435,-0.158351526587289,0.9597415509033308
2025-09-10 11:27:23.130000128,0.2334951510809052,-0.1599299406318482,0.9591154406593602
2025-09-10 11:27:23.140000000,0.2324260732430169,-0.1572913207368861,0.9598112110710512
2025-09-10 11:27:23.150000128,0.2342593505533497,-0.1568598645675988,0.959436052880106
2025-09-10 11:27:23.160000000,0.2364706275150225,-0.1517404843778364,0.9597168685208316
2025-09-10 11:27:23.169999872,0.2369961447340846,-0.1451186820856665,0.9606109490792304
2025-09-10 11:27:23.180000000,0.2366171886346856,-0.1469253361335296,0.9604297223871544
2025-09-10 11:27:23.190000128,0.2351091442049858,-0.1506853678786924,0.9602174806878192
2025-09-10 11:27:23.200000000,0.2345462891031169,-0.152261603750749,0.9601064744554154
2025-09-10 11:27:23.209999872,0.2340546035169567,-0.1496739262857592,0.9606332069852288
2025-09-10 11:27:23.220000000,0.2330625972834609,-0.1479820905981332,0.9611363725349766
2025-09-10 11:27:23.230000128,0.2354867100880131,-0.1428673587235029,0.961319367943502
2025-09-10 11:27:23.240000000,0.2353905584917752,-0.1380986902844475,0.962039519310226
2025-09-10 11:27:23.249999872,0.2327119968921544,-0.1400847031577109,0.9624039705049444
2025-09-10 11:27:23.260000000,0.2319715808383211,-0.1415131539561425,0.962373738700696
2025-09-10 11:27:23.270000128,0.2307844227259034,-0.140506656456761,0.9628065380534208
2025-09-10 11:27:23.280000000,0.2276658420208497,-0.1370338400481162,0.9640487493164468
2025-09-10 11:27:23.289999872,0.2294289929361931,-0.1361880863238449,0.963750560230049
2025-09-10 11:27:23.300000000,0.2341385464570269,-0.1385473218359634,0.9622805103892902
2025-09-10 11:27:23.310000128,0.2585568432051333,-0.1581230903108363,0.9529666558397242
2025-09-10 11:27:23.320000000,0.2690412049442309,-0.1531787888348316,0.9508696486339494
2025-09-10 11:27:23.329999872,0.2686806164141601,-0.153894712301764,0.9508560058646444
2025-09-10 11:27:23.340000000,0.267738357135072,-0.1573359762386897,0.9505585530095614
2025-09-10 11:27:23.350000128,0.2710897930437061,-0.1615260805713366,0.9489044469296066
2025-09-10 11:27:23.360000000,0.2705681638699,-0.1654460379075965,0.9483778135536224
2025-09-10 11:27:23.369999872,0.2665779249216116,-0.1620480959474868,0.9500929557386908
2025-09-10 11:27:23.380000000,0.2688097261667584,-0.1585463564389905,0.9500549373473478
2025-09-10 11:27:23.390000128,0.2700344906208275,-0.1599836016561919,0.9494664928665274
2025-09-10 11:27:23.400000000,0.2678565066944009,-0.1586512287099785,0.9503066239116122
2025-09-10 11:27:23.409999872,0.2598865978287173,-0.152131055734762,0.9535801477327648
2025-09-10 11:27:23.420000000,0.2623071997997144,-0.1542413090628433,0.95257784538158
2025-09-10 11:27:23.430000128,0.2626920724829727,-0.160483234755093,0.951439964694117
2025-09-10 11:27:23.440000000,0.2616676043369062,-0.1601921751870732,0.9517712602560652
2025-09-10 11:27:23.449999872,0.2621317350274069,-0.1589686798360725,0.9518486814208956
2025-09-10 11:27:23.460000000,0.2605028378796228,-0.1569851965200638,0.9526247527385692
2025-09-10 11:27:23.470000128,0.2593000709058466,-0.1575804485777203,0.9528545930278488
2025-09-10 11:27:23.480000000,0.2582905134819763,-0.1577082006090665,0.9531076193724756
2025-09-10 11:27:23.489999872,0.2579481459671919,-0.1595519222341967,0.952893455798423
2025-09-10 11:27:23.500000000,0.2615221987011197,-0.1633982533028663,0.9512660776061052
2025-09-10 11:27:23.510000128,0.2591890960078985,-0.1653605537077886,0.9515654994734004
2025-09-10 11:27:23.520000000,0.2580920223831592,-0.1625202988785469,0.9523526974995128
2025-09-10 11:27:23.529999872,0.2695729735033583,-0.1468355797609893,0.951719351738112
2025-09-10 11:27:23.540000000,0.2875338678062699,-0.145467527321664,0.9466591114859072
2025-09-10 11:27:23.550000128,0.296048671436672,-0.1631077437849774,0.94114347899667
2025-09-10 11:27:23.560000000,0.2981410554418676,-0.1655353448490976,0.9400584878962052
2025-09-10 11:27:23.570000128,0.2985620747698042,-0.1660732504772139,0.9398299649325312
2025-09-10 11:27:23.580000000,0.2973321061652769,-0.1624336805599123,0.9408554182567485
2025-09-10 11:27:23.590000128,0.2952846939342461,-0.1610640310421162,0.9417352746035496
2025-09-10 11:27:23.600000000,0.2951367344238308,-0.1592826685326594,0.9420845713091538
2025-09-10 11:27:23.609999872,0.2953344013959502,-0.1535680318935299,0.9429710764029
2025-09-10 11:27:23.620000000,0.3002073248560048,-0.1551292753439499,0.9411750474986372
2025-09-10 11:27:23.630000128,0.2991861974986183,-0.1560900205055947,0.941341343363225
2025-09-10 11:27:23.640000000,0.2987407407167029,-0.1551707506435889,0.94163475295931
2025-09-10 11:27:23.649999872,0.2994719481310454,-0.1558098578800278,0.9412968928398744
2025-09-10 11:27:23.660000000,0.2987908894003043,-0.1583073792835636,0.9410965827563847
2025-09-10 11:27:23.670000128,0.2948587228235951,-0.151390210965869,0.9434719590949951
2025-09-10 11:27:23.680000000,0.2952855638766219,-0.1556423528972081,0.9426462187643286
2025-09-10 11:27:23.689999872,0.2972282220837717,-0.1579859429273423,0.9416452760112368
2025-09-10 11:27:23.700000000,0.2979146455689936,-0.159420520461109,0.9411864648471152
2025-09-10 11:27:23.710000128,0.297177447359072,-0.1563629304726727,0.941932162501708
2025-09-10 11:27:23.720000000,0.2958353158939425,-0.1530950326231837,0.942890967639439
2025-09-10 11:27:23.729999872,0.2974609253152863,-0.1547351348363008,0.9421114774578248
2025-09-10 11:27:23.740000000,0.2978212232448876,-0.1554212703062121,0.9418846785680944
2025-09-10 11:27:23.750000128,0.2957704679035436,-0.1579599219168294,0.9421085358832856
2025-09-10 11:27:23.760000000,0.2952663868091932,-0.155854596679029,0.942617157447636
2025-09-10 11:27:23.769999872,0.2966862520602747,-0.1514098292102536,0.9428957161091298
2025-09-10 11:27:23.780000000,0.2964208479109248,-0.1495489319583232,0.9432760984324224
2025-09-10 11:27:23.790000128,0.2964731944290315,-0.149362082079328,0.943289252256154
2025-09-10 11:27:23.800000000,0.2990375899729528,-0.1519452667073695,0.9420664285008752
2025-09-10 11:27:23.809999872,0.3004919773883951,-0.1549609541435658,0.9411119350088638
2025-09-10 11:27:23.820000000,0.2984842277132846,-0.1570015616930178,0.9414125957476656
2025-09-10 11:27:23.830000128,0.2977992489111283,-0.1543459728743988,0.9420684306383604
2025-09-10 11:27:23.840000000,0.2981927397110415,-0.1525140401657634,0.942242302985776
2025-09-10 11:27:23.850000128,0.2971146090678683,-0.1537911910258438,0.942375285457604
2025-09-10 11:27:23.860000000,0.2931161748945192,-0.1509119951604008,0.9440913503109288
2025-09-10 11:27:23.870000128,0.2488811011258392,-0.1507111827697313,0.9567362943311696
2025-09-10 11:27:23.880000000,0.1713701466090902,-0.1233323529628392,0.9774565993249156
2025-09-10 11:27:23.889999872,0.0815565637368879,-0.1101598435164619,0.990562131210284
2025-09-10 11:27:23.900000000,0.0081652785274507,-0.0998231011148938,0.9949716964368256
2025-09-10 11:27:23.910000128,-0.0139906900012848,-0.0812330083487096,0.9965969390620796
2025-09-10 11:27:23.920000000,-0.0224973442432336,-0.0826463005697933,0.9963249763526602
2025-09-10 11:27:23.929999872,-0.0202334729216373,-0.080870686424441,0.9965192113806784
2025-09-10 11:27:23.940000000,-0.0219990758649273,-0.0841864488374344,0.9962071483849286
2025-09-10 11:27:23.950000128,-0.0214930784250553,-0.0838830078367647,0.9962437897302404
2025-09-10 11:27:23.960000000,-0.0218542913848307,-0.0853757550802163,0.9961091157059804
2025-09-10 11:27:23.969999872,-0.0310834585858409,-0.0937903376143088,0.99510662301712
2025-09-10 11:27:23.980000000,-0.0331776651220879,-0.0928386634842832,0.9951282455540584
2025-09-10 11:27:23.990000128,-0.0322937871391426,-0.0902321201584838,0.9953970443013764
2025-09-10 11:27:24.000000000,-0.0310322033776596,-0.0913852509395787,0.9953319738982758
2025-09-10 11:27:24.009999872,-0.0300836650393034,-0.0951676401683419,0.995006579557438
2025-09-10 11:27:24.020000000,-0.0284111642186038,-0.0932354383918599,0.9952386441329644
2025-09-10 11:27:24.030000128,-0.0295973526684198,-0.0922587662524513,0.9952950902946306
2025-09-10 11:27:24.040000000,-0.0298482669401639,-0.0911930118885532,0.995385812408115
2025-09-10 11:27:24.049999872,-0.0299990448784918,-0.0841876154910102,0.9959982443279286
2025-09-10 11:27:24.060000000,-0.0364906947463847,-0.0836155421290587,0.995829739619876
2025-09-10 11:27:24.070000128,-0.0435531399619221,-0.0849405658381445,0.995433686527914
2025-09-10 11:27:24.080000000,-0.050121781818022,-0.0878773436823118,0.994869528860306
2025-09-10 11:27:24.089999872,-0.0530176500545266,-0.0858008542658241,0.9949006695092484
2025-09-10 11:27:24.100000000,-0.0574912711390519,-0.0877886320280116,0.994478712607498
2025-09-10 11:27:24.110000128,-0.0560705923056574,-0.0890855300198021,0.9944444967013412
2025-09-10 11:27:24.120000000,-0.0495284465653291,-0.0857879526017632,0.9950815846799812
2025-09-10 11:27:24.130000128,-0.046835650572516,-0.0845754884614627,0.9953157331153538
2025-09-10 11:27:24.140000000,-0.0511519181478507,-0.0892372997089525,0.9946960267390488
2025-09-10 11:27:24.150000128,-0.0497045111460726,-0.0873854136280103,0.9949337922981568
2025-09-10 11:27:24.160000000,-0.0498597785161073,-0.0847851715118966,0.9951509821017228
2025-09-10 11:27:24.169999872,-0.0513731466938333,-0.0841568661152178,0.9951273394317128
2025-09-10 11:27:24.180000000,-0.0534597989264205,-0.084587936804212,0.99498086958793
2025-09-10 11:27:24.190000128,-0.0539442989800655,-0.0870182888090332,0.994745108065527
2025-09-10 11:27:24.200000000,-0.0523136832919461,-0.0859813283460824,0.9949223536117144
2025-09-10 11:27:24.209999872,-0.0498631128335014,-0.0835426261209496,0.995255896540869
2025-09-10 11:27:24.220000000,-0.0484775181019657,-0.0828865203443344,0.9953792016030284
2025-09-10 11:27:24.230000128,-0.0498314987600783,-0.0859922907861297,0.995048816720405
2025-09-10 11:27:24.240000000,-0.0407250351426151,-0.0904436619055624,0.9950685481582388
2025-09-10 11:27:24.249999872,-0.0066635900295567,-0.1031607428171355,0.994642376791445
2025-09-10 11:27:24.260000000,0.0057545817317792,-0.1111214646865966,0.9937901714522024
2025-09-10 11:27:24.270000128,0.0057411965968461,-0.1113079450107917,0.9937693797049248
2025-09-10 11:27:24.280000000,0.0093717652810608,-0.1119232851247025,0.9936726564932796
2025-09-10 11:27:24.289999872,0.0105847941255383,-0.1121672497035913,0.993632965549781
2025-09-10 11:27:24.300000000,0.0101893402007304,-0.112141925987682,0.9936399578227756
2025-09-10 11:27:24.310000128,0.0115051878094067,-0.1144426239548467,0.9933632349124866
2025-09-10 11:27:24.320000000,0.0102338503022545,-0.1167358278710043,0.9931102732321636
2025-09-10 11:27:24.329999872,0.0104477630597253,-0.1135785869482817,0.9934740806049646
2025-09-10 11:27:24.340000000,0.0100631181942156,-0.1131981297659382,0.9935214728780164
2025-09-10 11:27:24.350000128,0.0115643554401403,-0.1101129948114051,0.9938517968273326
2025-09-10 11:27:24.360000000,0.0143545558245494,-0.1229310679560947,0.992311392284828
2025-09-10 11:27:24.369999872,0.0342965685228444,-0.1199601492353891,0.9921861256755112
2025-09-10 11:27:24.380000000,-0.0470619744261575,-0.1318597429375855,0.9901505838788086
2025-09-10 11:27:24.390000128,-0.1462335194732731,-0.3043573955840528,0.941266345693796
2025-09-10 11:27:24.400000000,-0.1577884544012816,-0.4494230864616383,0.8792733892328083
2025-09-10 11:27:24.409999872,-0.0769414169512708,-0.4097341295432792,0.9089543230795164
2025-09-10 11:27:24.420000000,-0.0370224709573379,-0.3700149497292857,0.9282878183090886
2025-09-10 11:27:24.430000128,0.034363669641161,-0.3204842937044502,0.9466303162785106
2025-09-10 11:27:24.440000000,0.0515764148177764,-0.1867189276965102,0.9810585688298178
2025-09-10 11:27:24.449999872,0.047754716114399,-0.1041209547394611,0.993417492232232
2025-09-10 11:27:24.460000000,0.0486761587303668,-0.1345467001264013,0.9897109765261536
2025-09-10 11:27:24.470000128,0.0547169386881821,-0.1422556483860599,0.9883164407834444
2025-09-10 11:27:24.480000000,0.0650248003031422,-0.1487046581048811,0.9867414555006024
2025-09-10 11:27:24.489999872,0.0501150325424284,-0.1394453565169925,0.9889608061288984
2025-09-10 11:27:24.500000000,0.0472807260482519,-0.129541413016282,0.9904461395038576
2025-09-10 11:27:24.510000128,0.0477764568184971,-0.1242810123277514,0.9910961810786376
2025-09-10 11:27:24.520000000,0.0478170107665487,-0.1231606889425139,0.9912340683110912
2025-09-10 11:27:24.529999872,0.047841532702302,-0.1193776037740206,0.9916956062551996
2025-09-10 11:27:24.540000000,0.0497860926166973,-0.1185889332163985,0.9916945144047932
2025-09-10 11:27:24.550000128,0.042683137715675,-0.1204667972732069,0.9917993247171932
2025-09-10 11:27:24.560000000,0.0463180754538658,-0.113676933605939,0.9924374996201024
2025-09-10 11:27:24.570000128,0.0463025674641376,-0.1096171996345606,0.992894829168984
2025-09-10 11:27:24.580000000,0.0481061704701069,-0.1122556183990587,0.9925142177825697
2025-09-10 11:27:24.590000128,0.0519998375700623,-0.1170858918710928,0.9917595025092716
2025-09-10 11:27:24.600000000,0.0497870944814011,-0.1168856564471704,0.9918966622284876
2025-09-10 11:27:24.609999872,0.0510571206358017,-0.1206832217261963,0.9913771887763844
2025-09-10 11:27:24.620000000,0.050779961561948,-0.1221282799428909,0.9912144463949052
2025-09-10 11:27:24.630000128,0.0520640988203719,-0.1176453654557708,0.9916899200863144
2025-09-10 11:27:24.640000000,0.0518784724626525,-0.1161319521634643,0.991878013558948
2025-09-10 11:27:24.649999872,0.0467062401884212,-0.1131482155678878,0.9924797269673896
2025-09-10 11:27:24.660000000,0.0473269126484275,-0.1120387194413088,0.9925761878491344
2025-09-10 11:27:24.670000128,0.0482339300798804,-0.1110702938144789,0.9926413641497188
2025-09-10 11:27:24.680000000,0.0474193453871099,-0.112260051066353,0.9925467679750096
2025-09-10 11:27:24.689999872,0.0490555108197923,-0.1143015557775115,0.992234201791618
2025-09-10 11:27:24.700000000,0.0513654060920378,-0.1147573679025886,0.9920646861818389
2025-09-10 11:27:24.710000128,0.053060022640867,-0.1134311748232144,0.9921280172314336
2025-09-10 11:27:24.720000000,0.0536803736922919,-0.1123187446004592,0.9922212037099554
2025-09-10 11:27:24.729999872,0.0498679863551164,-0.1112484433824594,0.9925406630369688
2025-09-10 11:27:24.740000000,0.0464735367008392,-0.1133552945738316,0.9924670209022542
2025-09-10 11:27:24.750000128,0.0459345042209167,-0.116112328117742,0.9921733460343796
2025-09-10 11:27:24.760000000,0.0489642775683344,-0.1147060576614167,0.9921920277133792
2025-09-10 11:27:24.769999872,0.050675421132318,-0.1143360706171014,0.9921488117459516
2025-09-10 11:27:24.780000000,0.0512372668573895,-0.1186134914194403,0.9916176592509208
2025-09-10 11:27:24.790000128,0.049436481034214,-0.1199168444869526,0.9915523106479284
2025-09-10 11:27:24.800000000,0.048640055051456,-0.1181176134572446,0.9918076297527442
2025-09-10 11:27:24.809999872,0.0486516032592635,-0.1200658696688705,0.9915730978808174
2025-09-10 11:27:24.820000000,0.0461433771671871,-0.12001378710763,0.9916992889216424
2025-09-10 11:27:24.830000128,0.0460331428064151,-0.1205068210858588,0.9916446217446776
2025-09-10 11:27:24.840000000,0.0449362816709179,-0.1201136043049319,0.9917426342809258
2025-09-10 11:27:24.850000128,0.0457678070415341,-0.1212969521695814,0.9915605665984196
2025-09-10 11:27:24.860000000,0.0484994622596839,-0.1214546710115147,0.991411400504355
2025-09-10 11:27:24.870000128,0.0484560599253351,-0.1199947532024339,0.9915912814564272
2025-09-10 11:27:24.880000000,0.0483825423162903,-0.1223850063261824,0.991302698385086
2025-09-10 11:27:24.889999872,0.0466407292309618,-0.1221530038923203,0.9914147900938776
2025-09-10 11:27:24.900000000,0.0501989848825377,-0.1203120377950315,0.9914661242212816
2025-09-10 11:27:24.910000128,0.049826041301729,-0.1204672425119744,0.9914660907412616
2025-09-10 11:27:24.920000000,0.0523955494195153,-0.1215588036524365,0.991200365040094
2025-09-10 11:27:24.929999872,0.0532091143664443,-0.1223558030494555,0.9910589526402864
2025-09-10 11:27:24.940000000,0.0686632410589975,-0.1243433987905403,0.98986063590007
2025-09-10 11:27:24.950000128,0.0898616142651264,-0.1254683981048867,0.9880195197255262
2025-09-10 11:27:24.960000000,0.0997729750915513,-0.1322852734739573,0.9861774484661984
2025-09-10 11:27:24.969999872,0.101894845808659,-0.1304385665111222,0.9862064797820754
2025-09-10 11:27:24.980000000,0.1024498060950099,-0.1306683664722788,0.9861185604350834
2025-09-10 11:27:24.990000128,0.104334443650708,-0.1322461106144566,0.9857105508694964
2025-09-10 11:27:25.000000000,0.1044926116464306,-0.1326635793958478,0.9856376965260562
2025-09-10 11:27:25.009999872,0.1025708463575941,-0.1306552223503787,0.986107719445528
2025-09-10 11:27:25.020000000,0.1012321099650315,-0.1311453372626732,0.9861809978022732
2025-09-10 11:27:25.030000128,0.1034824584647237,-0.135773254580753,0.9853207620519558
2025-09-10 11:27:25.040000000,0.103596404063114,-0.1310115328059096,0.9859532257348916
2025-09-10 11:27:25.049999872,0.1044990152431533,-0.129630820288048,0.9860404688676114
2025-09-10 11:27:25.060000000,0.1057988659528988,-0.1315913389169308,0.9856420848792578
2025-09-10 11:27:25.070000128,0.1039875768175131,-0.1323880972140677,0.9857281448673668
2025-09-10 11:27:25.080000000,0.1036528279034636,-0.1312029944749721,0.9859218353948834
2025-09-10 11:27:25.089999872,0.1039008484060554,-0.1313614528420789,0.9858746281387508
2025-09-10 11:27:25.100000000,0.1039715913413838,-0.1323656877616811,0.9857328405289728
2025-09-10 11:27:25.110000128,0.1046442980736049,-0.1298711060258395,0.985993441509784
2025-09-10 11:27:25.120000000,0.1046542252873477,-0.1310316295536004,0.9858388332714598
2025-09-10 11:27:25.130000128,0.1123324458324891,-0.1357191993590225,0.9843585325168044
2025-09-10 11:27:25.140000000,0.1449521732378995,-0.1403707636778947,0.979430914448842
2025-09-10 11:27:25.150000128,0.1609658447363222,-0.1548814547843852,0.9747316203920928
2025-09-10 11:27:25.160000000,0.1624063746049144,-0.1532677887277395,0.9747477388669324
2025-09-10 11:27:25.169999872,0.1614065100035219,-0.1501743550069891,0.9753951002679468
2025-09-10 11:27:25.180000000,0.1560734764367767,-0.1501811656964695,0.9762615875998546
2025-09-10 11:27:25.190000128,0.1579655551628123,-0.1488282788775565,0.9761644465910696
2025-09-10 11:27:25.200000000,0.1601123752120781,-0.146387352789407,0.9761837789306154
2025-09-10 11:27:25.209999872,0.162321652139309,-0.1393323901252403,0.9768511484912904
2025-09-10 11:27:25.220000000,0.163666618396956,-0.1373728468463373,0.9769042629510007
2025-09-10 11:27:25.230000128,0.1636166182911809,-0.1413732290977903,0.9763417497543684
2025-09-10 11:27:25.240000000,0.1625319590082629,-0.1407312875098886,0.9766156188679074
2025-09-10 11:27:25.249999872,0.1611481664355372,-0.1438987929555223,0.9763833293540034
2025-09-10 11:27:25.260000000,0.1613108741919538,-0.1480609859281018,0.9757339526292124
2025-09-10 11:27:25.270000128,0.1631365284283145,-0.1402310374273944,0.9765867750662992
2025-09-10 11:27:25.280000000,0.1655425947848429,-0.1442924015349442,0.9755897458312996
2025-09-10 11:27:25.289999872,0.1661231952198166,-0.1485529981748077,0.9748513172495764
2025-09-10 11:27:25.300000000,0.1659654384083617,-0.1445129815281066,0.9754852492087092
2025-09-10 11:27:25.310000128,0.1684238399938761,-0.1420680739126751,0.975423022332598
2025-09-10 11:27:25.320000000,0.1667848445775949,-0.140821381616074,0.9758853181081104
2025-09-10 11:27:25.329999872,0.16786365566029,-0.1421024787825304,0.9755145712044616
2025-09-10 11:27:25.340000000,0.1680238641942001,-0.1414063457506271,0.9755881438612828
2025-09-10 11:27:25.350000128,0.1881841182294486,-0.1586559793353134,0.9692342430327964
2025-09-10 11:27:25.360000000,0.2135854491263819,-0.176596415490107,0.9608303502479132
2025-09-10 11:27:25.369999872,0.2154947469728345,-0.1758395824912737,0.9605427919964882
2025-09-10 11:27:25.380000000,0.2141313291825554,-0.1805692508092528,0.9599700617856254
2025-09-10 11:27:25.390000128,0.2127131149624088,-0.182133338692422,0.9599898841444844
2025-09-10 11:27:25.400000000,0.2140246843043023,-0.1831149459147816,0.9595115169142424
2025-09-10 11:27:25.409999872,0.2132843643724135,-0.1864455038771486,0.9590348554657708
2025-09-10 11:27:25.420000000,0.2149425301024469,-0.1849832276217592,0.958947816229744
2025-09-10 11:27:25.430000128,0.2171099794619711,-0.1826153055094357,0.9589133991199196
2025-09-10 11:27:25.440000000,0.2158013313096083,-0.1809692530532047,0.959520669321076
2025-09-10 11:27:25.449999872,0.2152290799640087,-0.1801291563931396,0.9598072359359155
2025-09-10 11:27:25.460000000,0.2166097560534784,-0.1784667503183305,0.9598071851227552
2025-09-10 11:27:25.470000128,0.2148072676628532,-0.1737694119725691,0.961073373485046
2025-09-10 11:27:25.480000000,0.2143198718116936,-0.1760989780468649,0.960758108202824
2025-09-10 11:27:25.489999872,0.2158475509800567,-0.1775525274269298,0.9601483920416788
2025-09-10 11:27:25.500000000,0.1943798024869941,-0.1628615453975623,0.9673120537943456
2025-09-10 11:27:25.510000128,0.1292991655179733,-0.133392140255614,0.982592622969653
2025-09-10 11:27:25.520000000,0.0472722922814764,-0.137938016323296,0.9893121014297
2025-09-10 11:27:25.529999872,-0.010742312209937,-0.1237778433049978,0.9922518068691776
2025-09-10 11:27:25.540000000,-0.0196084977556454,-0.1101768425677133,0.9937185568246052
2025-09-10 11:27:25.550000128,-0.0138926872144795,-0.1115537891731537,0.9936612830150284
2025-09-10 11:27:25.560000000,-0.0154352224880954,-0.1138420941036171,0.993378946584256
2025-09-10 11:27:25.570000128,-0.0155692297526505,-0.1141263084051188,0.9933442428557832
2025-09-10 11:27:25.580000000,-0.0148692472959216,-0.1143241126091667,0.9933322217470746
2025-09-10 11:27:25.590000128,-0.0142880404519787,-0.1171177066238238,0.993015254009332
2025-09-10 11:27:25.600000000,-0.0139954358182666,-0.1187126842209296,0.9928300088037824
2025-09-10 11:27:25.609999872,-0.0151098817405847,-0.119882701741544,0.99267307271676
2025-09-10 11:27:25.620000000,-0.0159034797636651,-0.1194551281308095,0.9927122199785084
2025-09-10 11:27:25.630000128,-0.0141016907682569,-0.1186690953634126,0.9928337162501611
2025-09-10 11:27:25.640000000,-0.0116014051829259,-0.1192502572806772,0.992796446174277
2025-09-10 11:27:25.649999872,-0.0111982653616002,-0.1174608247612101,0.9930143772873118
2025-09-10 11:27:25.660000000,-0.0114174343750563,-0.112966170466589,0.9935332337281954
2025-09-10 11:27:25.670000128,-0.0096107967103097,-0.1124550847553357,0.993610329303829
2025-09-10 11:27:25.680000000,-0.0075098516832816,-0.1121328282394848,0.9936648484064984
2025-09-10 11:27:25.689999872,-0.0157582800230024,-0.1135931558502419,0.9934023714259492
2025-09-10 11:27:25.700000000,-0.0228539847670385,-0.1102473757177602,0.9936413898019824
2025-09-10 11:27:25.710000128,-0.0285561258601023,-0.1053868231285075,0.9940212096262044
2025-09-10 11:27:25.720000000,-0.0315863940938595,-0.1031752591879025,0.9941615389863242
2025-09-10 11:27:25.729999872,-0.0306847879838375,-0.1057257178172877,0.9939217858455494
2025-09-10 11:27:25.740000000,-0.0312073973966747,-0.107026804646353,0.99376625090356
2025-09-10 11:27:25.750000128,-0.0333248553393106,-0.1084664702398852,0.99354138255551
2025-09-10 11:27:25.760000000,-0.0333398514917394,-0.1095102770544768,0.9934263704583044
2025-09-10 11:27:25.769999872,-0.0364541772570747,-0.1106716055845174,0.9931882443312824
2025-09-10 11:27:25.780000000,-0.0332126653232355,-0.1088207751799158,0.9935063954254996
2025-09-10 11:27:25.790000128,-0.0350850079680215,-0.1055238436904757,0.9937976457149976
2025-09-10 11:27:25.800000000,-0.0357402838334312,-0.1047079025456663,0.9938605974964464
2025-09-10 11:27:25.809999872,-0.0335858436614935,-0.1058374956959141,0.9938160874177692
2025-09-10 11:27:25.820000000,-0.0332286805204444,-0.1070292928334167,0.9937004504710908
2025-09-10 11:27:25.830000128,-0.0323233182629051,-0.1084058908107351,0.9935810817110026
2025-09-10 11:27:25.840000000,-0.0324092372384958,-0.1063204621441546,0.993803602665573
2025-09-10 11:27:25.850000128,-0.0310794791425717,-0.1054989299127551,0.9939336204010256
2025-09-10 11:27:25.860000000,-0.0294650446082043,-0.1054994554748021,0.9939827342769878
2025-09-10 11:27:25.870000128,-0.0267225589529586,-0.0958060403672653,0.99504125918082
2025-09-10 11:27:25.880000000,-0.0149598139953857,-0.0397782002996086,0.9990965412542212
2025-09-10 11:27:25.889999872,-0.0043647416536826,0.0164929607913332,0.9998544550456492
2025-09-10 11:27:25.900000000,0.0051183674437781,0.0287080389689841,0.999574734981465
2025-09-10 11:27:25.910000128,0.0037513364900631,0.0361007532319608,0.9993411144802476
2025-09-10 11:27:25.920000000,-2.6090547991808048e-05,0.0323259663162953,0.9994773790441688
2025-09-10 11:27:25.929999872,0.0004692080398103,0.0297143764525035,0.9995583202974474
2025-09-10 11:27:25.940000000,-0.0005646463519821,0.0300621645482617,0.999547871508499
2025-09-10 11:27:25.950000128,0.0005000048287391,0.0322244853009733,0.9994805313472888
2025-09-10 11:27:25.960000000,-0.0003262120246503,0.0340861014154641,0.9994188467684656
2025-09-10 11:27:25.969999872,0.0017405391680524,0.0293885107579752,0.9995665490395488
2025-09-10 11:27:25.980000000,0.0020818480066644,0.027491804322714,0.9996198610491684
2025-09-10 11:27:25.990000128,0.0013685492524407,0.0267387134710229,0.9996415198834322
2025-09-10 11:27:26.000000000,0.0016369446864174,0.0266858577987355,0.9996425288099938
2025-09-10 11:27:26.009999872,-0.0015611145436415,0.0280624403045914,0.9996049531517602
2025-09-10 11:27:26.020000000,-0.0024711278468317,0.0275708994300284,0.9996167960932748
2025-09-10 11:27:26.030000128,-0.00358400862361,0.0244989549202709,0.9996934310527406
2025-09-10 11:27:26.040000000,0.0003277585441748,0.0247347274098377,0.9996939960979548
2025-09-10 11:27:26.049999872,-0.0018357342019457,0.0243538826210094,0.9997017147535668
2025-09-10 11:27:26.060000000,-0.0046553374927884,0.0237255874920475,0.9997076694369138
2025-09-10 11:27:26.070000128,-0.0042274483119301,0.0206361241778573,0.9997781149133472
2025-09-10 11:27:26.080000000,-0.0026778410021089,0.0153827714080914,0.9998780923249464
2025-09-10 11:27:26.089999872,-0.00316314490826,0.0152964449514805,0.9998779992009704
2025-09-10 11:27:26.100000000,-0.0054590254370763,0.0178534618934576,0.9998257112815696
2025-09-10 11:27:26.110000128,-0.0145571379152101,0.024463479543416,0.9995947318310288
2025-09-10 11:27:26.120000000,-0.0192644169871991,0.0243145753931021,0.9995187260184756
2025-09-10 11:27:26.130000128,-0.0186852528171958,0.0197775345619339,0.99962978669796
2025-09-10 11:27:26.140000000,-0.018380499619913,0.0221585685705484,0.999585491627718
2025-09-10 11:27:26.150000128,-0.0181490335142965,0.0244446654519186,0.9995364280072242
2025-09-10 11:27:26.160000000,-0.0182351416324461,0.0235509765338628,0.9995563171297284
2025-09-10 11:27:26.169999872,-0.0191509575647391,0.0200925032027063,0.9996146918385118
2025-09-10 11:27:26.180000000,-0.0200801457332969,0.0253834841826399,0.9994760960013398
2025-09-10 11:27:26.190000128,-0.019000813770122,0.0255458367289194,0.9994930611574512
2025-09-10 11:27:26.200000000,-0.0177620293616707,0.019374036188416,0.9996545188387462
2025-09-10 11:27:26.209999872,-0.0171857811496133,0.0183551380647157,0.9996838189312174
2025-09-10 11:27:26.220000000,-0.019687683635238,0.0180242825670849,0.9996436966994894
2025-09-10 11:27:26.230000128,-0.0191641671391723,0.0190770507872314,0.999634333559589
2025-09-10 11:27:26.240000000,-0.0175010310528635,0.0215593946097287,0.999614378856241
2025-09-10 11:27:26.249999872,-0.0188543331180061,0.0252084606989119,0.9995044010067524
2025-09-10 11:27:26.260000000,-0.0170861981113326,0.0226405847588323,0.999597651935957
2025-09-10 11:27:26.270000128,-0.0098242509091328,0.0185961929244243,0.9997788083885316
2025-09-10 11:27:26.280000000,0.033039747228189,0.0187457956928926,0.9992782246436364
2025-09-10 11:27:26.289999872,0.0700477356082218,0.0060237809813935,0.9975254527072724
2025-09-10 11:27:26.300000000,0.0699678571721018,0.0066190991293254,0.9975272860876844
2025-09-10 11:27:26.310000128,0.0732723008071663,0.0101923004267782,0.9972598893700853
2025-09-10 11:27:26.320000000,0.0752623788488676,0.0097818341014036,0.9971157856796884
2025-09-10 11:27:26.329999872,0.0750153570213558,0.0149722955396953,0.997069970752921
2025-09-10 11:27:26.340000000,0.0778570325812433,0.0127030649008022,0.9968836013395792
2025-09-10 11:27:26.350000128,0.0782953792565795,0.0099711042405638,0.9968803391918672
2025-09-10 11:27:26.360000000,0.0794792878295659,0.0066471929476504,0.996814354647856
2025-09-10 11:27:26.369999872,0.081848244359351,0.0027428313181615,0.9966410295445658
2025-09-10 11:27:26.380000000,0.0841824061297211,0.0079534321756475,0.9964186195645072
2025-09-10 11:27:26.390000128,0.0819788784878551,0.0084380679431548,0.9965983456193674
2025-09-10 11:27:26.400000000,0.0776859462084223,0.0028123457010669,0.9969739136373428
2025-09-10 11:27:26.409999872,0.0761187166067572,0.0096932281634889,0.997051644755632
2025-09-10 11:27:26.420000000,0.079135779665091,0.0132656445427272,0.99677557707423
2025-09-10 11:27:26.430000128,0.0820477615711976,0.0125235645682268,0.9965497103264148
2025-09-10 11:27:26.440000000,0.0807453346826031,0.0121202753835569,0.99666107070138
2025-09-10 11:27:26.449999872,0.0803793491218027,0.0085611056603655,0.996727579484298
2025-09-10 11:27:26.460000000,0.0795658500719088,0.0096837311945404,0.9967825745128606
2025-09-10 11:27:26.470000128,0.0812666023364735,0.0096800870466915,0.9966453909287164
2025-09-10 11:27:26.480000000,0.0801330612061126,0.0108798676478117,0.9967247970135504
2025-09-10 11:27:26.489999872,0.0804881109955233,0.0113784706164819,0.9966906212033914
2025-09-10 11:27:26.500000000,0.0769403666076711,0.0123676410046803,0.9969589868406104
2025-09-10 11:27:26.510000128,0.0783513278576846,0.0128000234739573,0.9968436330849508
2025-09-10 11:27:26.520000000,0.0897168697662935,0.0056433952497215,0.9959513217870608
2025-09-10 11:27:26.529999872,0.1098506986168008,-0.0095649824048421,0.9939020752191816
2025-09-10 11:27:26.540000000,0.1261217007754331,-0.0147540060675538,0.9919050538728346
2025-09-10 11:27:26.550000128,0.1258973470861801,-0.0116998252716314,0.9919742799514892
2025-09-10 11:27:26.560000000,0.1269949599025373,-0.0154810557281572,0.991782545255206
2025-09-10 11:27:26.570000128,0.1311999841276672,-0.0102986208248244,0.9913024274024584
2025-09-10 11:27:26.580000000,0.1313788363236713,-0.0088680922121108,0.9912925694802496
2025-09-10 11:27:26.590000128,0.1300130784231881,-0.0098184020193117,0.9914636647001812
2025-09-10 11:27:26.600000000,0.1284639935248623,-0.0077629507806169,0.9916837898054108
2025-09-10 11:27:26.609999872,0.1293672742577311,-0.0055508129391359,0.9915812104042916
2025-09-10 11:27:26.620000000,0.1310860089561879,-0.0084996456632554,0.99133456223393
2025-09-10 11:27:26.630000128,0.1294729089210161,-0.0106590346749278,0.9915256682685168
2025-09-10 11:27:26.640000000,0.1278580768453554,-0.0132180726208749,0.9917043887881088
2025-09-10 11:27:26.649999872,0.1283099225730744,-0.0168447531151732,0.991591053843156
2025-09-10 11:27:26.660000000,0.1248986838668948,-0.0240182905634291,0.9918787428343891
2025-09-10 11:27:26.670000128,0.1250336374488306,-0.0260118406115529,0.9918114607395468
2025-09-10 11:27:26.680000000,0.1248577330442906,-0.0288123152941687,0.9917562185267256
2025-09-10 11:27:26.689999872,0.1221203093052448,-0.0374520750260616,0.9918084351987704
2025-09-10 11:27:26.700000000,0.1183442411624365,-0.0367309577284001,0.9922930400481712
2025-09-10 11:27:26.710000128,0.1175251126633977,-0.0383534553438228,0.9923290081201118
2025-09-10 11:27:26.720000000,0.1189321578687777,-0.0417262014900382,0.9920252345247518
2025-09-10 11:27:26.729999872,0.1199515164338925,-0.0436898768214956,0.9918179411406776
2025-09-10 11:27:26.740000000,0.1194961585090152,-0.046197290355675,0.99175928453702
2025-09-10 11:27:26.750000128,0.1179600995087005,-0.0495586682463566,0.9917808998592104
2025-09-10 11:27:26.760000000,0.1170572215420678,-0.0530835559573073,0.9917054718875856
2025-09-10 11:27:26.769999872,0.1142813628618957,-0.0641922844091767,0.991372342122151
2025-09-10 11:27:26.780000000,0.1167285639367165,-0.0691575120467227,0.9907530877513224
2025-09-10 11:27:26.790000128,0.1171441673895563,-0.0688562864341475,0.9907250152616044
2025-09-10 11:27:26.800000000,0.1148695261999529,-0.0690807933886823,0.990975698963092
2025-09-10 11:27:26.809999872,0.110672717949294,-0.0753751880278886,0.9909945158937444
2025-09-10 11:27:26.820000000,0.1069911067939328,-0.0795016237774167,0.9910763819624416
2025-09-10 11:27:26.830000128,0.1027083579448034,-0.0832865649798026,0.9912186142835228
2025-09-10 11:27:26.840000000,0.0995944774544173,-0.0884064756116882,0.9910929497935608
2025-09-10 11:27:26.850000128,0.0940473134034888,-0.0898600321935588,0.9915040481287802
2025-09-10 11:27:26.860000000,0.0901441133263526,-0.0890256790266906,0.9919417660863176
2025-09-10 11:27:26.870000128,0.0873311021147709,-0.0893892777079357,0.9921606904298684
2025-09-10 11:27:26.880000000,0.0882379350452035,-0.0912719458154803,0.9919090173629912
2025-09-10 11:27:26.889999872,0.0879417952784247,-0.0948643316377523,0.9915982045295012
2025-09-10 11:27:26.900000000,0.0871056187871406,-0.0948459850638666,0.9916737620270965
2025-09-10 11:27:26.910000128,0.0870206986416498,-0.0896662750675295,0.99216296903454
2025-09-10 11:27:26.920000000,0.0815337179270529,-0.0939571032824549,0.9922319867771658
2025-09-10 11:27:26.929999872,0.0866622270082178,-0.0887824502558148,0.99227382054378
2025-09-10 11:27:26.940000000,0.1092913021191083,-0.065889825912973,0.9918235438434944
2025-09-10 11:27:26.950000128,0.1149288823752283,-0.065463995551367,0.9912143145064196
2025-09-10 11:27:26.960000000,0.1153101545077672,-0.0690545012114867,0.9909263565622966
2025-09-10 11:27:26.969999872,0.1107429592576207,-0.0706281345581633,0.9913363019599852
2025-09-10 11:27:26.980000000,0.1095764847279906,-0.0711710448601648,0.9914270907979916
2025-09-10 11:27:26.990000128,0.106956083305069,-0.0760707975344975,0.9913493985505336
2025-09-10 11:27:27.000000000,0.1064995715103861,-0.0718948209678811,0.9917101269958376
2025-09-10 11:27:27.009999872,0.1032205513703291,-0.0662387335871374,0.9924504763198906
2025-09-10 11:27:27.020000000,0.0985315233099136,-0.0639816009325733,0.9930749687996032
2025-09-10 11:27:27.030000128,0.100137718214681,-0.0642004296400197,0.9929001673002146
2025-09-10 11:27:27.040000000,0.0990181127150783,-0.0629253401276388,0.9930940614685826
2025-09-10 11:27:27.049999872,0.0997671573150536,-0.0619815357710729,0.9930784478301464
2025-09-10 11:27:27.060000000,0.1003838228240985,-0.0581247586345438,0.9932495157556818
2025-09-10 11:27:27.070000128,0.0986795852122598,-0.0570679513047177,0.9934815490970222
2025-09-10 11:27:27.080000000,0.0975926434855782,-0.0627031726334584,0.9932492074395004
2025-09-10 11:27:27.089999872,0.0966252866283999,-0.0612556287134847,0.9934340954159442
2025-09-10 11:27:27.100000000,0.095421674850469,-0.0593534532819234,0.9936658752076788
2025-09-10 11:27:27.110000128,0.0938452144024392,-0.0634182697658839,0.9935648941028772
2025-09-10 11:27:27.120000000,0.093026034930421,-0.0644326454683539,0.9935766659010636
2025-09-10 11:27:27.130000128,0.0945280366404496,-0.0638576905166218,0.9934720155348036
2025-09-10 11:27:27.140000000,0.0940473929726161,-0.0638451863292252,0.99351843468435
2025-09-10 11:27:27.150000128,0.0922492269267627,-0.0665176475572614,0.9935116922788896
2025-09-10 11:27:27.160000000,0.0913565405096656,-0.066441162965283,0.9935992926577224
2025-09-10 11:27:27.169999872,0.0924959330615065,-0.0664193847861158,0.993495328470001
2025-09-10 11:27:27.180000000,0.0901818418007074,-0.0692096845856019,0.9935176168387724
2025-09-10 11:27:27.190000128,0.0906894460298585,-0.0659790480352004,0.9936911942848072
2025-09-10 11:27:27.200000000,0.0907275766464565,-0.065868233687216,0.9936950652120538
2025-09-10 11:27:27.209999872,0.0907598586816449,-0.068160220002726,0.9935375345004676
2025-09-10 11:27:27.220000000,0.0746212434105177,-0.0678743836390144,0.9948993607785122
2025-09-10 11:27:27.230000128,0.0372308779890289,-0.0754864829150972,0.9964515304927152
2025-09-10 11:27:27.240000000,0.017029888691736,-0.0664222182355809,0.9976462658757422
2025-09-10 11:27:27.249999872,0.0119458401729711,-0.0647518564882559,0.997829892308246
2025-09-10 11:27:27.260000000,0.0112400411531611,-0.0694945841865887,0.9975190044523504
2025-09-10 11:27:27.270000128,0.0095335124594175,-0.0731374403195623,0.9972763042225002
2025-09-10 11:27:27.280000000,0.0111306052272544,-0.0736509088799585,0.997221967893022
2025-09-10 11:27:27.289999872,0.0127715835637161,-0.0761401313409635,0.997015329397024
2025-09-10 11:27:27.300000000,0.0123488862872688,-0.0773461252371696,0.9969278218197446
2025-09-10 11:27:27.310000128,0.015467382447489,-0.0789852493080187,0.996755782763247
2025-09-10 11:27:27.320000000,0.0155425344898974,-0.0839514334783587,0.9963486269567288
2025-09-10 11:27:27.329999872,0.018594039785004,-0.0859119332377384,0.9961292091951868
2025-09-10 11:27:27.340000000,0.020185818175089,-0.0838239657530202,0.9962761040545132
2025-09-10 11:27:27.350000128,0.0198145252728345,-0.0863751630615984,0.9960656182171406
2025-09-10 11:27:27.360000000,0.0227718006087438,-0.0868586028589255,0.9959603547362872
2025-09-10 11:27:27.369999872,0.0272173066078667,-0.0851157825603763,0.9959992579214848
2025-09-10 11:27:27.380000000,0.0294246589746091,-0.0834223572518578,0.9960797657591342
2025-09-10 11:27:27.390000128,0.0303637552991119,-0.0844589297180347,0.9959642220255804
2025-09-10 11:27:27.400000000,0.0250630613854782,-0.0819403358214487,0.9963220484960956
2025-09-10 11:27:27.409999872,0.0158945645363391,-0.0633950166996046,0.9978619316698364
2025-09-10 11:27:27.420000000,0.0114454870279466,-0.0571248468205237,0.9983014337876236
2025-09-10 11:27:27.430000128,0.0105028717772351,-0.0600132471079826,0.9981423244487668
2025-09-10 11:27:27.440000000,0.0142218439403587,-0.0577955362214729,0.9982271360506128
2025-09-10 11:27:27.449999872,0.0162747104929958,-0.0571770250616994,0.9982313968231328
2025-09-10 11:27:27.460000000,0.017501691693104,-0.0553860862299064,0.998311610790946
2025-09-10 11:27:27.470000128,0.0164358427676727,-0.0557244169261544,0.998310899685442
2025-09-10 11:27:27.480000000,0.0196009215233048,-0.0561320568245882,0.998230933237434
2025-09-10 11:27:27.489999872,0.019239602132299,-0.0559913077155153,0.9982458670939224
2025-09-10 11:27:27.500000000,0.0177772130758283,-0.0549198513267025,0.9983325000346877
2025-09-10 11:27:27.510000128,0.0246964655230656,-0.0539772923876541,0.9982367136592232
2025-09-10 11:27:27.520000000,0.0260452396675179,-0.0545749215042078,0.9981699371517212
2025-09-10 11:27:27.529999872,0.0244729940512376,-0.054331422167014,0.9982230057093844
2025-09-10 11:27:27.540000000,0.0228596718973769,-0.0513475781430885,0.998419181315936
2025-09-10 11:27:27.550000128,0.0097345015931904,-0.0441606387817432,0.998977015481898
2025-09-10 11:27:27.560000000,-0.0037416080706707,-0.0424153416998537,0.999093058307148
2025-09-10 11:27:27.570000128,-0.0050109169157356,-0.0427239488744402,0.9990743490372668
2025-09-10 11:27:27.580000000,-0.0035500131417118,-0.0376356402756329,0.99928522254046
2025-09-10 11:27:27.590000128,-0.0068120515997595,-0.0353359770199768,0.999352272565108
2025-09-10 11:27:27.600000000,-0.0082137250085349,-0.0366036290538761,0.9992961067979654
2025-09-10 11:27:27.609999872,-0.0078938075972144,-0.0360256839774972,0.999319687535261
2025-09-10 11:27:27.620000000,-0.0068499879082016,-0.0351956512769036,0.999356965151518
2025-09-10 11:27:27.630000128,-0.0053113642211617,-0.0335769530384054,0.9994220217879768
2025-09-10 11:27:27.640000000,-0.0038792536915393,-0.0347855592778238,0.9993872704094872
2025-09-10 11:27:27.649999872,-0.0033482668709258,-0.0360067329944297,0.9993459382456252
2025-09-10 11:27:27.660000000,-0.0044272408152334,-0.0370464237579869,0.9993037386228012
2025-09-10 11:27:27.670000128,-0.0018939518904061,-0.0346971571469034,0.9993960777550412
2025-09-10 11:27:27.680000000,-0.0003947705133535,-0.0323864971846549,0.9994753418450856
2025-09-10 11:27:27.689999872,0.0003034814021861,-0.0323531305109542,0.9994764543725778
2025-09-10 11:27:27.700000000,0.0005054664160319,-0.0295497926770774,0.9995631817231184
2025-09-10 11:27:27.710000128,-0.0025065749385068,-0.0338567038266496,0.9994235541991556
2025-09-10 11:27:27.720000000,-0.0016565870393976,-0.0391016803951578,0.9992338636723916
2025-09-10 11:27:27.729999872,0.0045998514871868,-0.0529367739898465,0.9985872717623854
2025-09-10 11:27:27.740000000,0.0063229954695282,-0.0581287201041571,0.9982890721766642
2025-09-10 11:27:27.750000128,0.0056026268912921,-0.0582200180704903,0.998288054655463
2025-09-10 11:27:27.760000000,0.0036438781245047,-0.0570149695041752,0.9983666738251292
2025-09-10 11:27:27.769999872,0.0075163914647348,-0.0553247052354854,0.9984401238181264
2025-09-10 11:27:27.780000000,0.010227952803544,-0.0567483238117636,0.9983361241215324
2025-09-10 11:27:27.790000128,0.0094096052951908,-0.0541847222524855,0.9984865924000232
2025-09-10 11:27:27.800000000,0.0105020154313393,-0.0535044121317315,0.9985123862798686
2025-09-10 11:27:27.809999872,0.0110525804115518,-0.0539161908024421,0.9984842937350596
2025-09-10 11:27:27.820000000,0.0101071850756777,-0.0567037725862671,0.9983398855020924
2025-09-10 11:27:27.830000128,0.0119217196910695,-0.0524887678898057,0.998550350180209
2025-09-10 11:27:27.840000000,0.0149096967283472,-0.053207048039213,0.9984721883870484
2025-09-10 11:27:27.850000128,0.0143020873078687,-0.0603247257069895,0.9980763386470068
2025-09-10 11:27:27.860000000,0.018263051743319,-0.0556903549406988,0.9982810452510856
2025-09-10 11:27:27.870000128,0.0203716629762408,-0.0569232292015652,0.9981706974885852
2025-09-10 11:27:27.880000000,0.0202288969072603,-0.0544518579699927,0.9983114678763992
2025-09-10 11:27:27.889999872,0.0189839348576399,-0.0533197280566807,0.9983970236420392
2025-09-10 11:27:27.900000000,0.0200973422275953,-0.0527764365832779,0.99840409883822
2025-09-10 11:27:27.910000128,0.0233556696378282,-0.0486725518590548,0.9985416843533856
2025-09-10 11:27:27.920000000,0.025258634834621,-0.0490584912424297,0.9984764723333784
2025-09-10 11:27:27.929999872,0.0256820705902851,-0.0467320836532535,0.9985772597088424
2025-09-10 11:27:27.940000000,0.0266692415759864,-0.0365316444590298,0.9989765715505448
2025-09-10 11:27:27.950000128,0.0280783617755783,-0.0434898949776039,0.9986592184698624
2025-09-10 11:27:27.960000000,0.029737944821402,-0.0441857429572598,0.9985806300730624
2025-09-10 11:27:27.969999872,0.0292848556934772,-0.0458895253531555,0.9985171749598872
2025-09-10 11:27:27.980000000,0.0321399394028981,-0.0446888403828603,0.9984838165140252
2025-09-10 11:27:27.990000128,0.0315789463278888,-0.042508629545366,0.9985969089492492
2025-09-10 11:27:28.000000000,0.0323608405539071,-0.0425573012658882,0.9985698033225364
2025-09-10 11:27:28.009999872,0.0328859959879735,-0.0431587477900889,0.9985268317662128
2025-09-10 11:27:28.020000000,0.0343424344184562,-0.0450259563910672,0.9983953427622164
2025-09-10 11:27:28.030000128,0.0383986261837763,-0.0446313668738503,0.9982652886874162
2025-09-10 11:27:28.040000000,0.0439164708019069,-0.0576840055089848,0.9973684871203544
2025-09-10 11:27:28.049999872,0.0483795564019182,-0.0619300473932719,0.9969072613599624
2025-09-10 11:27:28.060000000,0.0468248720863163,-0.0592067429208553,0.9971469264590872
2025-09-10 11:27:28.070000128,0.0478086897174966,-0.05685342592364,0.997237192020154
2025-09-10 11:27:28.080000000,0.047683708689968,-0.0555099909854714,0.997318858152378
2025-09-10 11:27:28.089999872,0.0476199506957356,-0.055561478331182,0.9973190374305452
2025-09-10 11:27:28.100000000,0.0473041746386946,-0.0543154587830456,0.9974027000158658
2025-09-10 11:27:28.110000128,0.0469144443487894,-0.0536405286809771,0.9974576324808336
2025-09-10 11:27:28.120000000,0.0473840251411178,-0.0500126417918524,0.997623922037972
2025-09-10 11:27:28.130000128,0.0479019322051076,-0.0512180640004106,0.9975380267493904
2025-09-10 11:27:28.140000000,0.0512896323801892,-0.0506821468667171,0.9973969588881278
2025-09-10 11:27:28.150000128,0.0508435938952623,-0.0516931575401849,0.9973679092608402
2025-09-10 11:27:28.160000000,0.0504380992532825,-0.0508249911291471,0.9974331147603024
2025-09-10 11:27:28.169999872,0.0526582459620561,-0.0513509566448236,0.9972914260053884
2025-09-10 11:27:28.180000000,0.0548796623695792,-0.0539869435997748,0.997032413003186
2025-09-10 11:27:28.190000128,0.0552908992246125,-0.0563591309363304,0.9968784102502348
2025-09-10 11:27:28.200000000,0.0526110955752301,-0.0551418579623386,0.9970914943588854
2025-09-10 11:27:28.209999872,0.0517740222265611,-0.0563352904968659,0.9970685962696436
2025-09-10 11:27:28.220000000,0.0538863990410835,-0.0538634861686675,0.997093265876439
2025-09-10 11:27:28.230000128,0.0544872035844984,-0.0555130189363898,0.9969701346450202
2025-09-10 11:27:28.240000000,0.0566768275701255,-0.0548880338252854,0.9968826615802788
2025-09-10 11:27:28.249999872,0.062329621980571,-0.0538321419957223,0.9966027888341028
2025-09-10 11:27:28.260000000,0.0767992937482996,-0.0518419401062193,0.9956978867737872
2025-09-10 11:27:28.270000128,0.0825706751324521,-0.05172450314488,0.9952420104590574
2025-09-10 11:27:28.280000000,0.0820850546438077,-0.0547505601162851,0.9951203042703312
2025-09-10 11:27:28.289999872,0.0807751255628224,-0.0541624132179123,0.9952596706813366
2025-09-10 11:27:28.300000000,0.0817727923953622,-0.0590999101467936,0.9948971861677498
2025-09-10 11:27:28.310000128,0.0835384190908625,-0.0573572526102853,0.9948524906280324
2025-09-10 11:27:28.320000000,0.0814178657238061,-0.0546416514050509,0.9951810996359954
2025-09-10 11:27:28.329999872,0.0805556711423611,-0.0519977699706925,0.9953928951750052
2025-09-10 11:27:28.340000000,0.0808780957241365,-0.051824530544596,0.9953757841468064
2025-09-10 11:27:28.350000128,0.0792826839270265,-0.0523152671126277,0.995478462276438
2025-09-10 11:27:28.360000000,0.0775500364223225,-0.0535353954780358,0.99555007572794
2025-09-10 11:27:28.369999872,0.0785345384814317,-0.0554285801326859,0.9953692775899722
2025-09-10 11:27:28.380000000,0.079611842868481,-0.0562606531557442,0.9952370036235456
2025-09-10 11:27:28.390000128,0.0796280685398341,-0.0604410577519901,0.9949905774621366
2025-09-10 11:27:28.400000000,0.0804212055900431,-0.0608066392688399,0.9949045091425978
2025-09-10 11:27:28.409999872,0.0785653372070938,-0.059577583160081,0.9951271272427152
2025-09-10 11:27:28.420000000,0.0762809748122137,-0.0582764007973584,0.995381873449484
2025-09-10 11:27:28.430000128,0.0773008400614778,-0.05901019526661,0.9952599544744009
2025-09-10 11:27:28.440000000,0.0783846111895774,-0.0594092688834768,0.995151441489882
2025-09-10 11:27:28.449999872,0.0752235308308957,-0.0596431446171462,0.9953813920852206
2025-09-10 11:27:28.460000000,0.0754756576866966,-0.0575564112288294,0.9954851503780549
2025-09-10 11:27:28.470000128,0.0744431370205834,-0.05791283802035,0.995542225394264
2025-09-10 11:27:28.480000000,0.0736329399150743,-0.0585509418120424,0.9955651547600416
2025-09-10 11:27:28.489999872,0.0766232085760689,-0.0581805421206379,0.9953611949569146
2025-09-10 11:27:28.500000000,0.0888440756493058,-0.0639366235048656,0.9939913673653396
2025-09-10 11:27:28.510000128,0.1142627244190525,-0.0748510282877451,0.9906267477575008
2025-09-10 11:27:28.520000000,0.1200933451184514,-0.0823168551133964,0.9893439866004649
2025-09-10 11:27:28.529999872,0.1183143939791227,-0.0765096276364638,0.9900242325601342
2025-09-10 11:27:28.540000000,0.1191449548854469,-0.0775089703895981,0.9898468766604708
2025-09-10 11:27:28.550000128,0.1208818836667729,-0.0797953857831005,0.9894545298339378
2025-09-10 11:27:28.560000000,0.1227104614908516,-0.0852195210826275,0.9887769090483202
2025-09-10 11:27:28.570000128,0.1227190114404747,-0.0921085485438054,0.9881579122368176
2025-09-10 11:27:28.580000000,0.1230920510676537,-0.0933443663954416,0.9879955345173336
2025-09-10 11:27:28.590000128,0.1234607345372268,-0.0959620653358822,0.987698703575134
2025-09-10 11:27:28.600000000,0.121882951127094,-0.0971186482900366,0.9877816126952692
2025-09-10 11:27:28.609999872,0.1196962186008551,-0.0969182708541234,0.988068653498988
2025-09-10 11:27:28.620000000,0.1227710866663,-0.0960898898664302,0.9877722375852812
2025-09-10 11:27:28.630000128,0.1203298977959407,-0.0961804118063954,0.9880637854314724
2025-09-10 11:27:28.640000000,0.1193674290393043,-0.1022435045051455,0.9875716088826436
2025-09-10 11:27:28.649999872,0.1207663074264376,-0.1037226011711018,0.9872472441070088
2025-09-10 11:27:28.660000000,0.1218791112518301,-0.1033136115711611,0.9871533720271576
2025-09-10 11:27:28.670000128,0.1189272770163262,-0.1065548636669318,0.9871688628651148
2025-09-10 11:27:28.680000000,0.1177132355169782,-0.1032014136468894,0.9876705232036684
2025-09-10 11:27:28.689999872,0.1390991663052478,-0.1052307361885049,0.9846714752111032
2025-09-10 11:27:28.700000000,0.1648402363112177,-0.1217133407871856,0.9787816708374164
2025-09-10 11:27:28.710000128,0.170052751168508,-0.1214257176824295,0.9779252818622332
2025-09-10 11:27:28.720000000,0.1665592266596891,-0.1225589944346424,0.9783850555367736
2025-09-10 11:27:28.729999872,0.1679523331981883,-0.123075904658131,0.9780819676621522
2025-09-10 11:27:28.740000000,0.1686620595570878,-0.1241141043005974,0.97782861421602
2025-09-10 11:27:28.750000128,0.165710051034277,-0.1277912917071549,0.977859685614472
2025-09-10 11:27:28.760000000,0.1625118469780696,-0.1232786823309399,0.9789751100383112
2025-09-10 11:27:28.769999872,0.1612326257122215,-0.1238532776023626,0.979114092449442
2025-09-10 11:27:28.780000000,0.1622465217188872,-0.1252276732711715,0.9787717282580304
2025-09-10 11:27:28.790000128,0.1632208786555601,-0.1285352712145225,0.9781807751252914
2025-09-10 11:27:28.800000000,0.1630853711267434,-0.1291170281286411,0.978126758028672
2025-09-10 11:27:28.809999872,0.161561150060239,-0.1290415030445228,0.9783896387857056
2025-09-10 11:27:28.820000000,0.1584010071524289,-0.1268126329252344,0.9791974658176288
2025-09-10 11:27:28.830000128,0.1564786218001611,-0.1245795599902176,0.9797930261806144
2025-09-10 11:27:28.840000000,0.1562007492472099,-0.1232447289637058,0.9800061544282632
2025-09-10 11:27:28.850000128,0.1557158912609397,-0.1228951805351415,0.9801272038924572
2025-09-10 11:27:28.860000000,0.1539143890538798,-0.1204487563138065,0.9807152787351832
2025-09-10 11:27:28.870000128,0.1549416972007957,-0.1183241020496388,0.9808121519142612
2025-09-10 11:27:28.880000000,0.1559397049556456,-0.1142994188483515,0.981131210016925
2025-09-10 11:27:28.889999872,0.1357632297699196,-0.1134771198809859,0.98422115843237
2025-09-10 11:27:28.900000000,0.1219168266985318,-0.1132480260282489,0.9860584019055186
2025-09-10 11:27:28.910000128,0.1215691991482147,-0.112172839193844,0.9862242057289274
2025-09-10 11:27:28.920000000,0.1201778547345515,-0.1115213304804087,0.9864685884909264
2025-09-10 11:27:28.929999872,0.1227456863862217,-0.1129138884448759,0.9859938895702312
2025-09-10 11:27:28.940000000,0.122089525808068,-0.1144113901850983,0.9859027241487236
2025-09-10 11:27:28.950000128,0.1187378482449412,-0.113479027392302,0.9864197046573322
2025-09-10 11:27:28.960000000,0.1168750131054052,-0.111270750119192,0.986893637369055
2025-09-10 11:27:28.969999872,0.1171941618000475,-0.1093993228385484,0.9870650012043034
2025-09-10 11:27:28.980000000,0.1164701357153522,-0.1105601545046756,0.9870213572777188
2025-09-10 11:27:28.990000128,0.1167654624071517,-0.1132373242864045,0.9866828949451286
2025-09-10 11:27:29.000000000,0.1163851662605311,-0.1131324330819877,0.9867398571353332
2025-09-10 11:27:29.009999872,0.116529758584309,-0.1094843257341486,0.9871342349360708
2025-09-10 11:27:29.020000000,0.1156346140387579,-0.1083788645297569,0.9873614625654316
2025-09-10 11:27:29.030000128,0.1138187296378799,-0.1083768680599039,0.9875726561894804
2025-09-10 11:27:29.040000000,0.1121326144295626,-0.109370442348604,0.9876560044477338
2025-09-10 11:27:29.049999872,0.11065887208691,-0.108412913597887,0.9879277575782908
2025-09-10 11:27:29.060000000,0.1103159933435079,-0.1067311123268953,0.9881492049655756
2025-09-10 11:27:29.070000128,0.1096929720783526,-0.1042334423385043,0.9884851245086512
2025-09-10 11:27:29.080000000,0.1083977663934986,-0.1039054112047517,0.9886625257201124
2025-09-10 11:27:29.089999872,0.1099090104722358,-0.1075075435801425,0.9881103873001122
2025-09-10 11:27:29.100000000,0.1104848305929897,-0.1112909207021311,0.9876271731671372
2025-09-10 11:27:29.110000128,0.1091965574575627,-0.1108800357272448,0.987816647721905
2025-09-10 11:27:29.120000000,0.1108751781736682,-0.1100005850122403,0.9877279818664256
2025-09-10 11:27:29.130000128,0.1108808768322929,-0.1085623698788272,0.9878864524828724
2025-09-10 11:27:29.140000000,0.1096985351555696,-0.1092355565575635,0.9879442416291933
2025-09-10 11:27:29.150000128,0.1096357177679953,-0.1093447075713155,0.9879391399856776
2025-09-10 11:27:29.160000000,0.109902399828174,-0.107749899836815,0.9880847238962682
2025-09-10 11:27:29.169999872,0.1110593706289842,-0.1084052537660722,0.9878836556758126
2025-09-10 11:27:29.180000000,0.1093480088489707,-0.107774110678406,0.9881435897824992
2025-09-10 11:27:29.190000128,0.1064927109186123,-0.1048334989193594,0.9887715813197352
2025-09-10 11:27:29.200000000,0.1067849589488222,-0.1037069226792224,0.988858860874849
2025-09-10 11:27:29.209999872,0.1071426189013775,-0.1031475207327579,0.9888786822364206
2025-09-10 11:27:29.220000000,0.1069129335520963,-0.1064060606805163,0.9885582303990692
2025-09-10 11:27:29.230000128,0.1060006265367108,-0.1048098546892086,0.9888269623821206
2025-09-10 11:27:29.240000000,0.1033291451628985,-0.1018631895035154,0.9894174944805028
2025-09-10 11:27:29.249999872,0.1040744310209641,-0.104327268761754,0.9890825717807262
2025-09-10 11:27:29.260000000,0.1042643601745888,-0.1070268103383412,0.9887740920281964
2025-09-10 11:27:29.270000128,0.1072745370869716,-0.1056924902051345,0.9885956054965112
2025-09-10 11:27:29.280000000,0.1397294845269257,-0.1132928123841762,0.9836871503765432
2025-09-10 11:27:29.289999872,0.1678957211055166,-0.1193915384825216,0.9785482550049512
2025-09-10 11:27:29.300000000,0.1778407986720815,-0.1162099290935531,0.9771734250928786
2025-09-10 11:27:29.310000128,0.1736055871885393,-0.1185600298081307,0.9776526067212308
2025-09-10 11:27:29.320000000,0.1729586161610186,-0.1216909232111319,0.9773825434821762
2025-09-10 11:27:29.329999872,0.1724837853085621,-0.1225237456325136,0.9773624074834316
2025-09-10 11:27:29.340000000,0.1717720569523094,-0.1238126032540684,0.9773253295222748
2025-09-10 11:27:29.350000128,0.1721159732874301,-0.1243868916323516,0.9771918915593611
2025-09-10 11:27:29.360000000,0.1696220178465733,-0.122281414882713,0.9778934638476416
2025-09-10 11:27:29.369999872,0.167836808346556,-0.1238757401040619,0.9780008214606531
2025-09-10 11:27:29.380000000,0.171023933784733,-0.1243507096557649,0.9773882110404764
2025-09-10 11:27:29.390000128,0.1688656533360686,-0.1213995411224747,0.9781342149923165
2025-09-10 11:27:29.400000000,0.168083510001719,-0.1196829620847872,0.9784804148536208
2025-09-10 11:27:29.409999872,0.1693574197177735,-0.1195044937371741,0.9782825462836184
2025-09-10 11:27:29.420000000,0.1701369824537287,-0.1229518905371728,0.977719918900538
2025-09-10 11:27:29.430000128,0.1703621457922025,-0.1278215315732893,0.977055983732424
2025-09-10 11:27:29.440000000,0.1699820202974766,-0.1262207386556571,0.9773302604078156
2025-09-10 11:27:29.449999872,0.168577614176149,-0.1272039607185598,0.9774460293930242
2025-09-10 11:27:29.460000000,0.1664601947233393,-0.1260015811170621,0.9779645214058986
2025-09-10 11:27:29.470000128,0.1657895036753386,-0.1241960216434133,0.9783093522393792
2025-09-10 11:27:29.480000000,0.1663995814513544,-0.1263556896196043,0.9779291482482604
2025-09-10 11:27:29.489999872,0.1682893610442875,-0.1250584265753613,0.9777725097903912
2025-09-10 11:27:29.500000000,0.1898615885233626,-0.1152788366717788,0.9750196751958324
2025-09-10 11:27:29.510000128,0.2114347237550165,-0.1276039023651605,0.969026625894161
2025-09-10 11:27:29.520000000,0.2118023446478237,-0.1350286965979211,0.9679395734738564
2025-09-10 11:27:29.529999872,0.2113343672944265,-0.1339733111637871,0.9681884822161828
2025-09-10 11:27:29.540000000,0.2111425123529828,-0.1314134826773322,0.9685810942032088
2025-09-10 11:27:29.550000128,0.2138865635611504,-0.1293096212702638,0.9682621338124006
2025-09-10 11:27:29.560000000,0.2126343852893997,-0.1262270784429828,0.9689444477679556
2025-09-10 11:27:29.570000128,0.2106853667387338,-0.1259950742659429,0.9694002875504448
2025-09-10 11:27:29.580000000,0.2081008096609999,-0.1256578586001758,0.9700021420545702
2025-09-10 11:27:29.590000128,0.2077333591705879,-0.1263216306580612,0.9699946892203029
2025-09-10 11:27:29.600000000,0.208678888365364,-0.1242257315509469,0.9700624150905074
2025-09-10 11:27:29.609999872,0.2101935227788119,-0.1192658531713495,0.970357840824272
2025-09-10 11:27:29.620000000,0.2097788061719522,-0.1201229334448244,0.9703418641600912
2025-09-10 11:27:29.630000128,0.2082766930665045,-0.1210758909374261,0.9705469837977913
2025-09-10 11:27:29.640000000,0.2062214466087519,-0.1241620573377508,0.9705959501647692
2025-09-10 11:27:29.649999872,0.2039851655090278,-0.1273618131816049,0.9706539140163956
2025-09-10 11:27:29.660000000,0.2064085596091964,-0.1202935791526683,0.9710432335044088
2025-09-10 11:27:29.670000128,0.2067274433858588,-0.1238555208480918,0.9705274721029769
2025-09-10 11:27:29.680000000,0.2049929827669282,-0.1235950794076015,0.9709284903444468
2025-09-10 11:27:29.689999872,0.2068594210840939,-0.1224513473584464,0.9706775197967936
2025-09-10 11:27:29.700000000,0.2076329064522891,-0.1246683330456371,0.970230066991225
2025-09-10 11:27:29.710000128,0.2088504467817672,-0.1220654835517962,0.9702997004041186
2025-09-10 11:27:29.720000000,0.2094370699170087,-0.1199469861837817,0.9704374447897226
2025-09-10 11:27:29.729999872,0.2104930935320687,-0.1206440407911902,0.970122504118358
2025-09-10 11:27:29.740000000,0.2092094166001403,-0.1204858272557078,0.9704197985595392
2025-09-10 11:27:29.750000128,0.2111231133981032,-0.1208669835624288,0.969957835822574
2025-09-10 11:27:29.760000000,0.2129955251305573,-0.1247725685360459,0.9690535137004952
2025-09-10 11:27:29.769999872,0.2104113101754442,-0.1203357985787472,0.9701785279682644
2025-09-10 11:27:29.780000000,0.2082063883370448,-0.1242553685110382,0.970160143095886
2025-09-10 11:27:29.790000128,0.2094506996831115,-0.1265207807674861,0.9695993484095587
2025-09-10 11:27:29.800000000,0.209173669824515,-0.1215653923280654,0.9702928584918412
2025-09-10 11:27:29.809999872,0.2095919377151559,-0.1172352697100909,0.9707353455915824
2025-09-10 11:27:29.820000000,0.20937162126441,-0.1111458254526746,0.9714989087454272
2025-09-10 11:27:29.830000128,0.2073236169565627,-0.1204323995319271,0.970831064086348
2025-09-10 11:27:29.840000000,0.2424902877291891,-0.1345583501059492,0.9607770348909158
2025-09-10 11:27:29.850000128,0.2762564757205176,-0.1300188926186817,0.9522486267696534
2025-09-10 11:27:29.860000000,0.2805119588239816,-0.1297607977903782,0.951038998313706
2025-09-10 11:27:29.870000128,0.2854101929778699,-0.1286286900472969,0.9497345322989216
2025-09-10 11:27:29.880000000,0.2844433917759007,-0.1308311954733588,0.9497237257044984
2025-09-10 11:27:29.889999872,0.2841969113450608,-0.1327270468661102,0.9495344367700042
2025-09-10 11:27:29.900000000,0.2850106503012452,-0.129029655362236,0.9498001248957404
2025-09-10 11:27:29.910000128,0.2836596289376393,-0.1260311447569733,0.9506068406350796
2025-09-10 11:27:29.920000000,0.2784715756018458,-0.1240859568793342,0.9523950109524754
2025-09-10 11:27:29.929999872,0.2796875748899723,-0.123639421683898,0.95209671455049
2025-09-10 11:27:29.940000000,0.2825654593995202,-0.1228855011252738,0.9513442672174612
2025-09-10 11:27:29.950000128,0.283751044146434,-0.1259323873757113,0.9505926460664748
2025-09-10 11:27:29.960000000,0.2843688436156979,-0.1278397864805032,0.9501533296122736
2025-09-10 11:27:29.969999872,0.2824039314500199,-0.1268521575314235,0.9508714685125405
2025-09-10 11:27:29.980000000,0.2797021245281729,-0.1243183309631127,0.9520040305171888
2025-09-10 11:27:29.990000128,0.282564463184793,-0.124253912400868,0.9511668041927068
2025-09-10 11:27:30.000000000,0.2822001557921774,-0.1267725874775251,0.9509425761501712
2025-09-10 11:27:30.009999872,0.2809458540418654,-0.1244281324517384,0.951623385038041
2025-09-10 11:27:30.020000000,0.2807082836431866,-0.1225402313525609,0.9519384177530378
2025-09-10 11:27:30.030000128,0.281516621364551,-0.122879016241594,0.9516559983854388
2025-09-10 11:27:30.040000000,0.2855914874372107,-0.1249871104400036,0.9501661562733436
2025-09-10 11:27:30.049999872,0.2843763532118818,-0.1225935090655895,0.9508422168103898
2025-09-10 11:27:30.060000000,0.2820894623358937,-0.1143814630391395,0.9525452305019813
2025-09-10 11:27:30.070000128,0.2830116923754409,-0.1172105864242315,0.9519275499789238
2025-09-10 11:27:30.080000000,0.284587515256095,-0.1216490149679648,0.950900343525906
2025-09-10 11:27:30.089999872,0.2846023868399607,-0.12653422688924,0.9502581600967916
2025-09-10 11:27:30.100000000,0.2832075434712698,-0.1226011634256084,0.9511900136395756
2025-09-10 11:27:30.110000128,0.2814869301670866,-0.1146523494606171,0.9526908978825556
2025-09-10 11:27:30.120000000,0.2822985908864651,-0.1116975986746604,0.9528017380514324
2025-09-10 11:27:30.130000128,0.282413696461862,-0.1134655503882942,0.9525586978899666
2025-09-10 11:27:30.140000000,0.2821794667718195,-0.118431395922355,0.9520235044326658
2025-09-10 11:27:30.150000128,0.2791208760714925,-0.1213902761125797,0.952552327909808
2025-09-10 11:27:30.160000000,0.2786316563122983,-0.1203308393742617,0.9528299371850945
2025-09-10 11:27:30.169999872,0.2806760928185575,-0.1203549151887077,0.9522266669811488
2025-09-10 11:27:30.180000000,0.2816667391092546,-0.1204979398018063,0.9519160123577496
2025-09-10 11:27:30.190000128,0.278955676986252,-0.1194169182584647,0.952850108837058
2025-09-10 11:27:30.200000000,0.2759967780022569,-0.1131606917872499,0.954473905545146
2025-09-10 11:27:30.209999872,0.2762738000412201,-0.1104834200929022,0.9547073904057513
2025-09-10 11:27:30.220000000,0.2762927256948247,-0.104148200950929,0.9554137752653608
2025-09-10 11:27:30.230000128,0.2752301182680984,-0.1001252256671676,0.9561502607766352
2025-09-10 11:27:30.240000000,0.2733495988704933,-0.1073432808941229,0.955906594204803
2025-09-10 11:27:30.249999872,0.2761524110699853,-0.1146708883209005,0.9542486223369304
2025-09-10 11:27:30.260000000,0.2768831029670653,-0.116829689156794,0.9537749058466868
2025-09-10 11:27:30.270000128,0.2719039818951628,-0.118123800433902,0.9550471152778834
2025-09-10 11:27:30.280000000,0.273423157947086,-0.1209135641639594,0.9542639502252042
2025-09-10 11:27:30.289999872,0.2751322299486441,-0.1195462749267911,0.953944937716331
2025-09-10 11:27:30.300000000,0.273487872086871,-0.1139391520127056,0.955103268479394
2025-09-10 11:27:30.310000128,0.2713988260169043,-0.1118107179084547,0.9559503337503692
2025-09-10 11:27:30.320000000,0.2760039732270757,-0.1126493789600836,0.9545323065160104
2025-09-10 11:27:30.329999872,0.250389672020591,-0.1209186451018058,0.9605642578256618
2025-09-10 11:27:30.340000000,0.1828763854063512,-0.1242220849329711,0.9752564284718216
2025-09-10 11:27:30.350000128,0.1239867088086012,-0.1200706424955269,0.9849925567482846
2025-09-10 11:27:30.360000000,0.0552043950237097,-0.1289202634669994,0.9901171852046938
2025-09-10 11:27:30.369999872,0.0373287754640594,-0.1246688428639437,0.9914959617372728
2025-09-10 11:27:30.380000000,0.0371021301387117,-0.118983783503773,0.992202747024164
2025-09-10 11:27:30.390000128,0.0389139337662909,-0.1160819673074136,0.9924770438780302
2025-09-10 11:27:30.400000000,0.042451451286898,-0.1170753535372825,0.9922153172964812
2025-09-10 11:27:30.409999872,0.0379660811865598,-0.1156604061756973,0.9925629688451048
2025-09-10 11:27:30.420000000,0.0372405454092859,-0.11728692869038,0.9923995758443253
2025-09-10 11:27:30.430000128,0.0415621567620822,-0.113981660653985,0.9926131009410688
2025-09-10 11:27:30.440000000,0.0407622324941171,-0.111101889317591,0.9929727139212624
2025-09-10 11:27:30.449999872,0.0416781410999854,-0.1152220703492495,0.9924650155339898
2025-09-10 11:27:30.460000000,0.0435286039199613,-0.1190991004325871,0.991927751863475
2025-09-10 11:27:30.470000128,0.0453582131743966,-0.118379768119983,0.991931884252888
2025-09-10 11:27:30.480000000,0.0467203355696462,-0.1156196144057958,0.992194192186648
2025-09-10 11:27:30.489999872,0.0476238266682488,-0.1183337693732431,0.9918311802718206
2025-09-10 11:27:30.500000000,0.0476540057744304,-0.1184429285932263,0.9918167010087652
2025-09-10 11:27:30.510000128,0.0433857376968279,-0.122880131603055,0.991472718243784
2025-09-10 11:27:30.520000000,0.0072797350074938,-0.1269628723791155,0.9918807561876908
2025-09-10 11:27:30.529999872,-0.0112077547609795,-0.1239685717721792,0.9922228476738398
2025-09-10 11:27:30.540000000,-0.0095353371674659,-0.1261818710371454,0.9919612960023532
2025-09-10 11:27:30.550000128,-0.0100952784862418,-0.1274843328792897,0.991789206546738
2025-09-10 11:27:30.560000000,-0.0117027852831395,-0.1302912148240228,0.9914066996728926
2025-09-10 11:27:30.570000128,-0.0099489473054645,-0.1260129383033922,0.9919787083539942
2025-09-10 11:27:30.580000000,-0.0111809711250467,-0.1239489106260874,0.9922256061195494
2025-09-10 11:27:30.590000128,-0.0100497545399922,-0.1240655081060547,0.9922231362612304
2025-09-10 11:27:30.600000000,-0.0072569299681147,-0.1262642952234721,0.991970092653583
2025-09-10 11:27:30.609999872,-0.0053089496409581,-0.1285575650093682,0.9916878377456144
2025-09-10 11:27:30.620000000,-0.006033669042651,-0.1290636036348485,0.991617961240452
2025-09-10 11:27:30.630000128,-0.0071881477629115,-0.1288998184567995,0.9916315683425688
2025-09-10 11:27:30.640000000,-0.0035828748069342,-0.1299987277194947,0.991507687211466
2025-09-10 11:27:30.649999872,-0.0039912229648399,-0.1308811603098409,0.991390030217772
2025-09-10 11:27:30.660000000,-0.0033727432375003,-0.1307641451675386,0.9914077682475848
2025-09-10 11:27:30.670000128,-0.0002186658674801,-0.131335040133481,0.991338014714646
2025-09-10 11:27:30.680000000,0.0013791103965432,-0.1301898383048385,0.9914881260290888
2025-09-10 11:27:30.689999872,0.0028629222900464,-0.1290496772601898,0.9916339972363808
2025-09-10 11:27:30.700000000,0.0037334643086519,-0.1301683622738954,0.991484875682523
2025-09-10 11:27:30.710000128,0.0088876737208577,-0.1167591836729552,0.9931204872943952
2025-09-10 11:27:30.720000000,0.0053174709680679,-0.0663063288872602,0.9977851448342966
2025-09-10 11:27:30.729999872,0.010389593904698,-0.0139930475822799,0.9998481139442408
2025-09-10 11:27:30.740000000,0.0223102569822701,0.0076673754231157,0.9997216931664062
2025-09-10 11:27:30.750000128,0.021168389647131,0.0012501676603361,0.9997751428999264
2025-09-10 11:27:30.760000000,0.0201546330566552,-0.0048167837063941,0.9997852716264016
2025-09-10 11:27:30.769999872,0.0199617911330353,-0.0025518707773059,0.9997974869193746
2025-09-10 11:27:30.780000000,0.0202122447871059,0.004453508429543,0.9997857927692984
2025-09-10 11:27:30.790000128,0.019002355656765,0.0060933160101676,0.9998008711636004
2025-09-10 11:27:30.800000000,0.0161143719372396,0.0053213139899809,0.9998559949485168
2025-09-10 11:27:30.809999872,0.0154735496980398,0.0062882896663125,0.9998605036067856
2025-09-10 11:27:30.820000000,0.0148782339213004,0.0064167574132684,0.9998687230730254
2025-09-10 11:27:30.830000128,0.0147626773873532,0.0006419346367787,0.999890819677968
2025-09-10 11:27:30.840000000,0.0136840651518232,0.0028655424336696,0.9999022627374544
2025-09-10 11:27:30.850000128,0.0127618493079102,0.0049547312466207,0.9999062885293382
2025-09-10 11:27:30.860000000,0.0134171167247871,0.0052942725913511,0.999895970417184
2025-09-10 11:27:30.870000128,0.0136836305320182,0.0041885498702957,0.9998976019100392
2025-09-10 11:27:30.880000000,0.0120829950233174,-0.0008358059119913,0.999926648639661
2025-09-10 11:27:30.889999872,0.0077968723862286,0.0027030250253265,0.9999659506386732
2025-09-10 11:27:30.900000000,0.0121871284768102,0.0003167227862279,0.9999256840316516
2025-09-10 11:27:30.910000128,0.0155916068649283,-0.0011449370668107,0.9998777879893536
2025-09-10 11:27:30.920000000,0.013539317151533,0.0011968174696635,0.9999076229927516
2025-09-10 11:27:30.929999872,0.0147369269721552,-0.0001840599754694,0.9998913886544591
2025-09-10 11:27:30.940000000,0.0149944578138032,-0.0021204760429865,0.999885328333315
2025-09-10 11:27:30.950000128,0.0157991853582771,-0.0007700389244646,0.9998748885645992
2025-09-10 11:27:30.960000000,0.0154677372821779,-0.0037642377304949,0.9998732817800852
2025-09-10 11:27:30.969999872,0.0132462846978327,-0.0036000252900375,0.9999057834414276
2025-09-10 11:27:30.980000000,0.0123548821772999,-0.0007491766295871,0.9999233948762088
2025-09-10 11:27:30.990000128,0.0129559810156875,-0.0030349455605648,0.9999114619111862
2025-09-10 11:27:31.000000000,0.0148654578193297,-0.0017385769582665,0.9998879914840372
2025-09-10 11:27:31.009999872,0.0560250427565608,-0.0024458686672838,0.9984263679964528
2025-09-10 11:27:31.020000000,0.0965301559959831,-0.0095911363642463,0.9952838485008352
2025-09-10 11:27:31.030000128,0.1123519576574086,-0.0040638222122863,0.9936601647241248
2025-09-10 11:27:31.040000000,0.1220505542702354,-0.0147345949092385,0.992414507106375
2025-09-10 11:27:31.049999872,0.1234903204665729,-0.0149029464188461,0.9922338650434688
2025-09-10 11:27:31.060000000,0.1209097490571505,-0.0135055404016072,0.9925716261113842
2025-09-10 11:27:31.070000128,0.1198715585801338,-0.0152887886315764,0.9926716790488932
2025-09-10 11:27:31.080000000,0.1196342688973898,-0.0126864295417649,0.9927369723198934
2025-09-10 11:27:31.089999872,0.1160063972197588,-0.0104522023788787,0.993193469204023
2025-09-10 11:27:31.100000000,0.1187222621384797,-0.011317710155156,0.9928629985600058
2025-09-10 11:27:31.110000128,0.1167899093268791,-0.0112004722896859,0.993093483263236
2025-09-10 11:27:31.120000000,0.1215248695002248,-0.0282589821968057,0.9921860390159468
2025-09-10 11:27:31.130000128,0.0958488056815125,-0.0439909829394463,0.9944233504244804
2025-09-10 11:27:31.140000000,0.0419110837939057,0.0142050621742288,0.9990203587834668
2025-09-10 11:27:31.150000128,-0.0252893939023204,-0.1308275170307898,0.9910825431535012
2025-09-10 11:27:31.160000000,-0.0054991341885345,-0.1657674301212232,0.9861495417198054
2025-09-10 11:27:31.169999872,0.0989036767153261,-0.1145280586339976,0.98848438860597
2025-09-10 11:27:31.180000000,0.0619711139964127,-0.127820008454923,0.989859397322987
2025-09-10 11:27:31.190000128,0.1088827208363265,-0.0820391572006577,0.990663479587839
2025-09-10 11:27:31.200000000,0.1283770159010953,-0.0747448021730167,0.9889047256113436
2025-09-10 11:27:31.209999872,0.1348227885893832,-0.0953095935002665,0.9862752643475332
2025-09-10 11:27:31.220000000,0.1347510768911524,-0.0815078404263107,0.987521452539495
2025-09-10 11:27:31.230000128,0.1314303137741969,-0.0476969002213325,0.990177296412361
2025-09-10 11:27:31.240000000,0.1321357050218308,-0.0325505738014414,0.9906970352249878
2025-09-10 11:27:31.249999872,0.1370047797750312,-0.028904368258788,0.9901485887554228
2025-09-10 11:27:31.260000000,0.1382338491840096,-0.0257054001246545,0.9900659752482176
2025-09-10 11:27:31.270000128,0.135469524580667,-0.0236636147115922,0.9904988850315126
2025-09-10 11:27:31.280000000,0.1351881563098256,-0.027744198560588,0.9904314321747776
2025-09-10 11:27:31.289999872,0.1404477638692803,-0.0222985314647929,0.9898369568361411
2025-09-10 11:27:31.300000000,0.1381473870642243,-0.0217210340303407,0.9901734676954236
2025-09-10 11:27:31.310000128,0.1351527502382403,-0.0191357971700915,0.9906399726286564
2025-09-10 11:27:31.320000000,0.1365735666214454,-0.01366404693751,0.9905356907863476
2025-09-10 11:27:31.329999872,0.1355220004981241,-0.0131859111241167,0.9906865897592504
2025-09-10 11:27:31.340000000,0.132472088055564,-0.0128057865491374,0.9911040095353548
2025-09-10 11:27:31.350000128,0.1304822884063546,-0.0131752781756546,0.99136309415735
2025-09-10 11:27:31.360000000,0.1281685842116809,-0.0179001790903738,0.9915908418343252
2025-09-10 11:27:31.369999872,0.1264327957223526,-0.0109368744569166,0.99191488190416
2025-09-10 11:27:31.380000000,0.1259359034543029,-0.0087452891243502,0.9919998327314778
2025-09-10 11:27:31.390000128,0.1240754243865365,-0.0104757221625587,0.992217490426607
2025-09-10 11:27:31.400000000,0.1206089899604813,-0.0090153339996563,0.9926591536341098
2025-09-10 11:27:31.409999872,0.1207744854197639,-0.0097579122440073,0.9926320097701008
2025-09-10 11:27:31.420000000,0.0917940930937763,-0.0191686834558738,0.9955934943779312
2025-09-10 11:27:31.430000128,0.0630618220623567,-0.0154186710194971,0.9978905106183584
2025-09-10 11:27:31.440000000,0.0599592697282643,-0.0091685562214689,0.998158716612978
2025-09-10 11:27:31.449999872,0.0545228578949302,-0.008286667421757,0.9984781365207808
2025-09-10 11:27:31.460000000,0.0577367303636624,-0.019714503121138,0.998137169097314
2025-09-10 11:27:31.470000128,0.053620387831864,-0.0170056355081966,0.998416577571568
2025-09-10 11:27:31.480000000,0.047641344042101,-0.0075822352720874,0.9988357282587268
2025-09-10 11:27:31.489999872,0.043633750357584,-0.0128025229622096,0.9989655605853158
2025-09-10 11:27:31.500000000,0.0473169119889572,-0.0150862937825806,0.9987659954061988
2025-09-10 11:27:31.510000128,0.0523525080419982,-0.0155619382861118,0.9985074065716748
2025-09-10 11:27:31.520000000,0.0476179803198529,-0.0123474768405867,0.9987893009869144
2025-09-10 11:27:31.529999872,0.0495786601988632,-0.0088501554753998,0.9987310104332132
2025-09-10 11:27:31.540000000,0.0482925850035552,-0.0173446590958218,0.9986826267811634
2025-09-10 11:27:31.550000128,0.0470606775959507,-0.0142774169480892,0.9987899919349916
2025-09-10 11:27:31.560000000,0.0461183622262471,-0.0123427969014338,0.9988597259026007
2025-09-10 11:27:31.570000128,0.0457128223123079,-0.014883312339756,0.9988437439810296
2025-09-10 11:27:31.580000000,0.0471234960139195,-0.0157215390747769,0.9987653424766731
2025-09-10 11:27:31.590000128,0.0475657598270859,-0.0186167612727314,0.9986946053182556
2025-09-10 11:27:31.600000000,0.0455875336918656,-0.0156825726631906,0.998837240838845
2025-09-10 11:27:31.609999872,0.0260894523143258,-0.010537224155311,0.9996040753143411
2025-09-10 11:27:31.620000000,0.0021349999169672,-0.0177568963154245,0.9998400544130036
2025-09-10 11:27:31.630000128,-0.0005301374526959,-0.0156800107735428,0.9998769205339338
2025-09-10 11:27:31.640000000,-0.0004931335605259,-0.0112923752368163,0.9999361174999144
2025-09-10 11:27:31.649999872,0.0031839103872679,-0.010648855360509,0.999938230389336
2025-09-10 11:27:31.660000000,0.0034021987477651,-0.0166587803255546,0.99985544459274
2025-09-10 11:27:31.670000128,0.0031387929877342,-0.0190477903247935,0.9998136474675284
2025-09-10 11:27:31.680000000,0.0027796116142894,-0.0147997798331843,0.9998866137098562
2025-09-10 11:27:31.689999872,0.0032714164083035,-0.0173066823163351,0.999844876259255
2025-09-10 11:27:31.700000000,0.0038989177893164,-0.0168207014754692,0.9998509201085658
2025-09-10 11:27:31.710000128,0.0021987806306566,-0.015790784201612,0.9998729001718352
2025-09-10 11:27:31.720000000,0.0027882932131523,-0.0171871825934713,0.99984840159669
2025-09-10 11:27:31.729999872,0.0022029724019652,-0.0167599323204544,0.9998571155826268
2025-09-10 11:27:31.740000000,0.0028461386058522,-0.017583112642265,0.999841354238184
2025-09-10 11:27:31.750000128,0.0036739476302379,-0.0205811391720638,0.9997814355243804
2025-09-10 11:27:31.760000000,0.0014037056826066,-0.0204762352549054,0.999789354514311
2025-09-10 11:27:31.769999872,-0.0002793276692133,-0.0231663892132189,0.9997315841699088
2025-09-10 11:27:31.780000000,0.0022011019730149,-0.0252460578810157,0.99967884428529
2025-09-10 11:27:31.790000128,0.0013470799154247,-0.0281540746455688,0.9996026877997845
2025-09-10 11:27:31.800000000,0.0023755149956953,-0.0325055241388851,0.9994687327920576
2025-09-10 11:27:31.809999872,0.0030372228134316,-0.0316729037994406,0.9994936730377504
2025-09-10 11:27:31.820000000,0.000356467311202,-0.0318169920731084,0.999493647776951
2025-09-10 11:27:31.830000128,0.0008432519156301,-0.0318164301774535,0.9994933735132864
2025-09-10 11:27:31.840000000,0.0016719202109279,-0.0325622983022365,0.9994683093585732
2025-09-10 11:27:31.850000128,0.0025756435531172,-0.0297138070185796,0.999555128911232
2025-09-10 11:27:31.860000000,0.0014611439631831,-0.0263053177896572,0.9996528874135782
2025-09-10 11:27:31.870000128,0.003498548188115,-0.0289488251983005,0.999574772430864
2025-09-10 11:27:31.880000000,0.0045361229274866,-0.031028089649168,0.9995082196968218
2025-09-10 11:27:31.889999872,0.002899252837839,-0.0337982748685442,0.9994244698569736
2025-09-10 11:27:31.900000000,0.0048633176186832,-0.028222266090818,0.9995898418043468
2025-09-10 11:27:31.910000128,0.0046037586204669,-0.0338591289343167,0.9994160118761226
2025-09-10 11:27:31.920000000,-0.0098546758349947,-0.0921506288109807,0.9956963126244508
2025-09-10 11:27:31.929999872,-0.0205428136204229,-0.1575093627641138,0.9873037999775952
2025-09-10 11:27:31.940000000,-0.015916158533483,-0.1582100194254499,0.987277197979846
2025-09-10 11:27:31.950000128,-0.0156109835395676,-0.1518971616405083,0.9882730136346356
2025-09-10 11:27:31.960000000,-0.013818562638467,-0.1486661535722026,0.988790888969277
2025-09-10 11:27:31.969999872,-0.013506924638845,-0.1450259352664737,0.9893356564315696
2025-09-10 11:27:31.980000000,-0.0150883793250913,-0.1450863412299217,0.9893039443961884
2025-09-10 11:27:31.990000128,-0.0192263834000604,-0.1421960338466845,0.989651774181013
2025-09-10 11:27:32.000000000,-0.0215274115047562,-0.1384137654848601,0.9901404951208728
2025-09-10 11:27:32.009999872,-0.0197461826969216,-0.1413818932246781,0.989758176797295
2025-09-10 11:27:32.020000000,-0.0219709167941008,-0.1403338287602191,0.9898604423456492
2025-09-10 11:27:32.030000128,-0.023079309092024,-0.1374827745551903,0.99023524083545
2025-09-10 11:27:32.040000000,-0.0231915460626149,-0.1326890564676238,0.9908863539705032
2025-09-10 11:27:32.049999872,-0.0255099753074456,-0.1362440573168822,0.9903468069346454
2025-09-10 11:27:32.060000000,-0.0283013966344233,-0.1332463589667986,0.9906787767841966
2025-09-10 11:27:32.070000128,-0.028273594114726,-0.1330014956916717,0.990712473939646
2025-09-10 11:27:32.080000000,-0.0373231409103708,-0.1227564630588176,0.9917347598677148
2025-09-10 11:27:32.089999872,-0.044732732401732,-0.1155215166929728,0.9922972144639076
2025-09-10 11:27:32.100000000,-0.0394830004600925,-0.1243599503594138,0.9914513076401044
2025-09-10 11:27:32.110000128,-0.0386829014555007,-0.1276005030350932,0.9910710089394076
2025-09-10 11:27:32.120000000,-0.0419607401379271,-0.1271930168961637,0.9909900265592634
2025-09-10 11:27:32.130000128,-0.0437829073438066,-0.1308794993979788,0.9904310241818248
2025-09-10 11:27:32.140000000,-0.0394111219918657,-0.1414782590494833,0.9891565425551556
2025-09-10 11:27:32.150000128,-0.0368764210310536,-0.1512747996395501,0.9878036568903532
2025-09-10 11:27:32.160000000,-0.0300746221248036,-0.1551291205812847,0.987436313415568
2025-09-10 11:27:32.169999872,-0.024114618945774,-0.1545351687841065,0.987692951661582
2025-09-10 11:27:32.180000000,-0.0221234120280159,-0.15319798072372,0.987947839383443
2025-09-10 11:27:32.190000128,-0.0217791882463264,-0.1649255846192072,0.9860655244441636
2025-09-10 11:27:32.200000000,-0.0180828480984416,-0.1728877634913266,0.9847755235786558
2025-09-10 11:27:32.209999872,-0.0164413937044005,-0.170838923698205,0.9851617850498952
2025-09-10 11:27:32.220000000,-0.0160231821773459,-0.1664981615419863,0.985911567959343
2025-09-10 11:27:32.230000128,-0.014465227150458,-0.1687791637616429,0.9855477416560836
2025-09-10 11:27:32.240000000,-0.0098271724172377,-0.1741209866584408,0.9846752300567804
2025-09-10 11:27:32.249999872,-0.0094717927238086,-0.1725777104713952,0.9849503637194356
2025-09-10 11:27:32.260000000,0.0188315795642752,-0.1742150724323318,0.9845275415896256
2025-09-10 11:27:32.270000128,0.0997442532694046,-0.1738841927463963,0.9797016747217812
2025-09-10 11:27:32.280000000,0.1683964376716619,-0.2066755604170878,0.963809033214452
2025-09-10 11:27:32.289999872,0.2078922663226787,-0.227684310415509,0.9512836908061836
2025-09-10 11:27:32.300000000,0.2144237202064758,-0.2142704831501565,0.9529483869882008
2025-09-10 11:27:32.310000128,0.2161391928579775,-0.2055009406458894,0.954491075235571
2025-09-10 11:27:32.320000000,0.2150397455523016,-0.2090155287749677,0.9539761090109764
2025-09-10 11:27:32.329999872,0.2190494395714658,-0.2093455005436824,0.9529909781448836
2025-09-10 11:27:32.340000000,0.2195264833233916,-0.2077028784695254,0.9532405978529964
2025-09-10 11:27:32.350000128,0.2179077943534798,-0.2084935230450237,0.9534393761578528
2025-09-10 11:27:32.360000000,0.2180684021585125,-0.2077715859370596,0.9535602445872166
2025-09-10 11:27:32.369999872,0.2161720528190192,-0.2088449092131619,0.9537575412418804
2025-09-10 11:27:32.380000000,0.2114043091246734,-0.2060769376313296,0.955426875202918
2025-09-10 11:27:32.390000128,0.2094449498620386,-0.2011157156940387,0.9569144590182358
2025-09-10 11:27:32.400000000,0.208123357270398,-0.2029300254002815,0.956819770358838
2025-09-10 11:27:32.409999872,0.2066173616555081,-0.1945016176871308,0.9588943563185708
2025-09-10 11:27:32.420000000,0.2061102848856852,-0.1951006596043765,0.9588817878582734
2025-09-10 11:27:32.430000128,0.2033006701782592,-0.1953459669553912,0.9594314934894176
2025-09-10 11:27:32.440000000,0.2009026691399079,-0.1907170270917846,0.9608668654448088
2025-09-10 11:27:32.449999872,0.2003734613131364,-0.1905176629780832,0.9610169072887128
2025-09-10 11:27:32.460000000,0.1947994996117162,-0.1813426101674012,0.9639336142539584
2025-09-10 11:27:32.470000128,0.1802026453860471,-0.192873088405542,0.9645345915853816
2025-09-10 11:27:32.480000000,0.1561445912106795,-0.1894390104030268,0.9693976108765544
2025-09-10 11:27:32.489999872,0.1420120590794865,-0.1768931481472987,0.9739308955026236
2025-09-10 11:27:32.500000000,0.139069217345668,-0.1740240995181554,0.9748719739400444
2025-09-10 11:27:32.510000128,0.134474334043652,-0.1670542722515191,0.9767341110077152
2025-09-10 11:27:32.520000000,0.136005479233373,-0.1665515424441206,0.9766079527261616
2025-09-10 11:27:32.529999872,0.1363586391222447,-0.1593686351096435,0.9777565953139968
2025-09-10 11:27:32.540000000,0.1353364927480459,-0.153090487877225,0.9789010860409602
2025-09-10 11:27:32.550000128,0.1369215339007857,-0.1546632227847953,0.9784333299065792
2025-09-10 11:27:32.560000000,0.1352157612249399,-0.1568281086159507,0.9783259386647702
2025-09-10 11:27:32.570000128,0.1333208549955524,-0.1505697791616287,0.9795684209009972
2025-09-10 11:27:32.580000000,0.1325482547409671,-0.1447146170895527,0.980555271142707
2025-09-10 11:27:32.590000128,0.1311048608391438,-0.1385054831545885,0.9816454281462644
2025-09-10 11:27:32.600000000,0.1326844273705757,-0.1370165834004028,0.9816421438623256
2025-09-10 11:27:32.609999872,0.1311280890343826,-0.1373393659831788,0.9818061533813738
2025-09-10 11:27:32.620000000,0.1316557843728188,-0.1390028862630231,0.9815013764899808
2025-09-10 11:27:32.630000128,0.1310447550060059,-0.1403885489000826,0.9813859218081056
2025-09-10 11:27:32.640000000,0.1297199898412643,-0.1397367879562681,0.9816549059253192
2025-09-10 11:27:32.649999872,0.1326020537586772,-0.1405247520437785,0.9811572195127628
2025-09-10 11:27:32.660000000,0.1350385906333503,-0.136282040187158,0.981423346248796
2025-09-10 11:27:32.670000128,0.139990674547976,-0.13373884904042,0.9810792686103128
2025-09-10 11:27:32.680000000,0.1387688221629522,-0.1382897619457718,0.9806218209567278
2025-09-10 11:27:32.689999872,0.1353240069495307,-0.1401487711179781,0.9808393013624832
2025-09-10 11:27:32.700000000,0.1359195836349809,-0.1410178680709699,0.980632361116648
2025-09-10 11:27:32.710000128,0.1337766091934707,-0.1392317334065432,0.9811821152290268
2025-09-10 11:27:32.720000000,0.1339163510790841,-0.1368446258392277,0.9814988330571696
2025-09-10 11:27:32.729999872,0.1326208041856688,-0.1320224118608756,0.9823348741969736
2025-09-10 11:27:32.740000000,0.1311072518736762,-0.1384056367823061,0.981659191477886
2025-09-10 11:27:32.750000128,0.1318090082125575,-0.1369658094795337,0.9817671579288229
2025-09-10 11:27:32.760000000,0.1077606954786338,-0.1296224414547748,0.985690445921672
2025-09-10 11:27:32.769999872,0.08631902182127,-0.1294007497780323,0.9878281593620938
2025-09-10 11:27:32.780000000,0.0811593831953537,-0.1277917262412292,0.988474799488402
2025-09-10 11:27:32.790000128,0.0821482241756152,-0.1296490550323024,0.988151198852698
2025-09-10 11:27:32.800000000,0.0816256813053045,-0.1310612864240748,0.9880081919459532
2025-09-10 11:27:32.809999872,0.0787672215842782,-0.1312804979167267,0.9882110886195468
2025-09-10 11:27:32.820000000,0.0789762583634067,-0.1292478921609936,0.9884623073172072
2025-09-10 11:27:32.830000128,0.0778428301469658,-0.1265111300126224,0.988906177439316
2025-09-10 11:27:32.840000000,0.0760275928225642,-0.1289313987627455,0.9887347973762676
2025-09-10 11:27:32.850000128,0.0794723128125945,-0.1273259126904009,0.9886719695904064
2025-09-10 11:27:32.860000000,0.0818274436167959,-0.1209580582020798,0.98927924148196
2025-09-10 11:27:32.870000128,0.077271887981648,-0.1185833197931074,0.9899328520635112
2025-09-10 11:27:32.880000000,0.0757036301022521,-0.1187905716810127,0.9900291715242736
2025-09-10 11:27:32.889999872,0.0738441325192184,-0.1236891045175156,0.989569628432552
2025-09-10 11:27:32.900000000,0.0711787821398882,-0.1266400205265689,0.9893916748053384
2025-09-10 11:27:32.910000128,0.067379033868574,-0.1261935861159856,0.989714728908348
2025-09-10 11:27:32.920000000,0.0687928592232755,-0.1297723186816725,0.9891545318219338
2025-09-10 11:27:32.929999872,0.0705371221383764,-0.126267516746293,0.989485234157216
2025-09-10 11:27:32.940000000,0.0686680465862232,-0.1269261747552064,0.989532437841248
2025-09-10 11:27:32.950000128,0.0662945437121318,-0.1251442962195629,0.9899211779721204
2025-09-10 11:27:32.960000000,0.0653776797659854,-0.1209442627103376,0.9905040354818698
2025-09-10 11:27:32.969999872,0.0647479974819642,-0.1202185227894577,0.9906337383717536
2025-09-10 11:27:32.980000000,0.0648544047272156,-0.1231999249331842,0.9902604125602196
2025-09-10 11:27:32.990000128,0.063649765716478,-0.1252154693502846,0.9900857506093224
2025-09-10 11:27:33.000000000,0.0617110593346194,-0.1259439139997388,0.9901160920226604
2025-09-10 11:27:33.009999872,0.0619022397973206,-0.124690648821613,0.9902627705839094
2025-09-10 11:27:33.020000000,0.0594581092587724,-0.1234977906979238,0.990561976322584
2025-09-10 11:27:33.030000128,0.0587895090300065,-0.1230240979412919,0.9906608223573506
2025-09-10 11:27:33.040000000,0.0611249560900156,-0.12720602061821,0.9899910949404914
2025-09-10 11:27:33.049999872,0.0593969295090246,-0.126256180741621,0.9902178455216
2025-09-10 11:27:33.060000000,0.0606825006778798,-0.12299640003581,0.9905501096308608
2025-09-10 11:27:33.070000128,0.0628673537194381,-0.1213317162956368,0.9906191551030448
2025-09-10 11:27:33.080000000,0.0626583279548926,-0.1215596080418782,0.9906044597267882
2025-09-10 11:27:33.089999872,0.0605216699589745,-0.1174546449473879,0.9912323309122136
2025-09-10 11:27:33.100000000,0.0595987399999037,-0.11636959377706,0.9914162132195468
2025-09-10 11:27:33.110000128,0.0600492549010487,-0.1150310881593655,0.9915452262719544
2025-09-10 11:27:33.120000000,0.0609364656625452,-0.112578056304159,0.9917726192990683
2025-09-10 11:27:33.130000128,0.0613332504559034,-0.113954352103612,0.991590963061463
2025-09-10 11:27:33.140000000,0.0620952950553373,-0.1129952261599069,0.9916532928383096
2025-09-10 11:27:33.150000128,0.0629210616714687,-0.1105015534015906,0.9918822242050568
2025-09-10 11:27:33.160000000,0.0620446564906667,-0.1158264840124275,0.991329756540312
2025-09-10 11:27:33.169999872,0.0683586245569845,-0.1110737613291447,0.9914583793548136
2025-09-10 11:27:33.180000000,0.0687693632542042,-0.1058710091514829,0.991999044404206
2025-09-10 11:27:33.190000128,0.0669674763779182,-0.1092829915666649,0.9917522799882104
2025-09-10 11:27:33.200000000,0.0662547383407707,-0.1064461757782903,0.9921086237451892
2025-09-10 11:27:33.209999872,0.0667703724412439,-0.105790454324883,0.9921441917069276
2025-09-10 11:27:33.220000000,0.0666641346847347,-0.1042069116632451,0.992318906757472
2025-09-10 11:27:33.230000128,0.0697813326218549,-0.099480030860239,0.9925896881781332
2025-09-10 11:27:33.240000000,0.0673306699099901,-0.0999600936481243,0.992710713434347
2025-09-10 11:27:33.249999872,0.0646667653288826,-0.1018446040198857,0.9926962708169766
2025-09-10 11:27:33.260000000,0.0681634687712995,-0.1001175635452086,0.992638008034568
2025-09-10 11:27:33.270000128,0.0687815218106784,-0.0989371599924887,0.9927137254163598
2025-09-10 11:27:33.280000000,0.0716625447334016,-0.0988232418824115,0.9925212574782384
2025-09-10 11:27:33.289999872,0.075142919118486,-0.0997513392191958,0.9921709590742565
2025-09-10 11:27:33.300000000,0.074486080312281,-0.0951892123219143,0.9926685437230526
2025-09-10 11:27:33.310000128,0.0758595084989543,-0.0911906169727123,0.9929398805297496
2025-09-10 11:27:33.320000000,0.0752633545246425,-0.0914738097285203,0.992959198355828
2025-09-10 11:27:33.329999872,0.0716768578995656,-0.0889434136736757,0.993454325676686
2025-09-10 11:27:33.340000000,0.070182975470857,-0.0850239393098718,0.9939040596044914
2025-09-10 11:27:33.350000128,0.0722825626668985,-0.0851963994444196,0.9937388010216834
2025-09-10 11:27:33.360000000,0.0717378208111864,-0.0868283119336322,0.9936370209045244
2025-09-10 11:27:33.369999872,0.0717527643782934,-0.0863184679185906,0.9936803625413256
2025-09-10 11:27:33.380000000,0.0718368491707784,-0.0822605480371497,0.9940184451698284
2025-09-10 11:27:33.390000128,0.0708451836418688,-0.0841576465430656,0.9939308076939172
2025-09-10 11:27:33.400000000,0.0740547798702468,-0.084519511713455,0.99366611178911
2025-09-10 11:27:33.409999872,0.0768320790383048,-0.0857484532147051,0.9933499053213511
2025-09-10 11:27:33.420000000,0.0737280014172976,-0.0835362932891514,0.9937735504180616
2025-09-10 11:27:33.430000128,0.0765018151183789,-0.079306378274716,0.993910443977998
2025-09-10 11:27:33.440000000,0.0782312309425619,-0.0776760661349399,0.9939045745216248
2025-09-10 11:27:33.449999872,0.0773674758325658,-0.0799105372350629,0.99379503909111
2025-09-10 11:27:33.460000000,0.0777887903203376,-0.0778526278420558,0.9939254863613192
2025-09-10 11:27:33.470000128,0.0771700923329774,-0.0784362543381729,0.9939278298019012
2025-09-10 11:27:33.480000000,0.0769643158991527,-0.0796163890565317,0.9938499507832028
2025-09-10 11:27:33.489999872,0.0783452185310329,-0.0802394423664474,0.9936919334592822
2025-09-10 11:27:33.500000000,0.0813504104345421,-0.0817087996280565,0.9933306512866064
2025-09-10 11:27:33.510000128,0.0810892253424307,-0.0781787959093676,0.993636056815334
2025-09-10 11:27:33.520000000,0.0808689479242297,-0.0736512042721223,0.9939998558203588
2025-09-10 11:27:33.529999872,0.0833798409845389,-0.0762982119789161,0.9935926655155088
2025-09-10 11:27:33.540000000,0.0800127568107198,-0.0790226660117923,0.9936565689431824
2025-09-10 11:27:33.550000128,0.0807519337750854,-0.0797801234538485,0.9935362384398836
2025-09-10 11:27:33.560000000,0.0812845258838749,-0.0800349973672036,0.9934723071370763
2025-09-10 11:27:33.570000128,0.078964291551605,-0.081755432448513,0.9935193455212182
2025-09-10 11:27:33.580000000,0.0796194215269603,-0.0821296709808663,0.9934361906334432
2025-09-10 11:27:33.590000128,0.07720373897737,-0.0845948428366654,0.9934199994228796
2025-09-10 11:27:33.600000000,0.0773813901877777,-0.0852795783967262,0.993347629967014
2025-09-10 11:27:33.609999872,0.0778039681343871,-0.0824807067474428,0.9935509426078694
2025-09-10 11:27:33.620000000,0.0781392736748799,-0.0798492576777904,0.9937395785405088
2025-09-10 11:27:33.630000128,0.0764410699066896,-0.0785102714873869,0.9939783197346396
2025-09-10 11:27:33.640000000,0.0759238197903054,-0.08163067854152,0.993766575162045
2025-09-10 11:27:33.649999872,0.0754721050827743,-0.0791961888715252,0.9939979502104622
2025-09-10 11:27:33.660000000,0.0773364995340615,-0.0768841863046083,0.9940361601753208
2025-09-10 11:27:33.670000128,0.081596836337913,-0.0758532430236319,0.99377474400512
2025-09-10 11:27:33.680000000,0.0826480169866156,-0.0777194857069696,0.9935436511948652
2025-09-10 11:27:33.689999872,0.0823546431900492,-0.0765189931933762,0.9936611879437134
2025-09-10 11:27:33.700000000,0.083255966151931,-0.0741832391833286,0.9937631967045156
2025-09-10 11:27:33.710000128,0.0847992982356701,-0.074657472346059,0.9935971723196656
2025-09-10 11:27:33.720000000,0.0867227946520386,-0.0732157352838653,0.9935384305574612
2025-09-10 11:27:33.729999872,0.0896947874944671,-0.0710953191639325,0.9934285584224468
2025-09-10 11:27:33.740000000,0.0899811967595314,-0.0738861301555929,0.9931989850983304
2025-09-10 11:27:33.750000128,0.0911390124860507,-0.0716018730196997,0.9932607171247329
2025-09-10 11:27:33.760000000,0.0920493345802702,-0.0705113436345666,0.9932547862568684
2025-09-10 11:27:33.769999872,0.0917732893214404,-0.07077181241893,0.9932618053333488
2025-09-10 11:27:33.780000000,0.0902394135686148,-0.0701240348949143,0.9934482714106706
2025-09-10 11:27:33.790000128,0.089292522882401,-0.0731223748008213,0.993317654962794
2025-09-10 11:27:33.800000000,0.0925655204615601,-0.0703909178274729,0.993215355856466
2025-09-10 11:27:33.809999872,0.0946833812118165,-0.0697035944883515,0.9930641803215446
2025-09-10 11:27:33.820000000,0.0941789715812055,-0.0695061212096989,0.9931259841663036
2025-09-10 11:27:33.830000128,0.0946260643769916,-0.0632390502039801,0.9935022548891472
2025-09-10 11:27:33.840000000,0.0935478574335568,-0.065560594364599,0.9934538775585668
2025-09-10 11:27:33.850000128,0.0950580584665585,-0.0681793089256353,0.9931342041008312
2025-09-10 11:27:33.860000000,0.0960817285861361,-0.0665614808494683,0.993145442872808
2025-09-10 11:27:33.870000128,0.0957964723863018,-0.0657864220728959,0.9932246385129536
2025-09-10 11:27:33.880000000,0.0979826691348359,-0.0650833299350205,0.9930576804565696
2025-09-10 11:27:33.889999872,0.0995834014672493,-0.0648962818354837,0.992910680150104
2025-09-10 11:27:33.900000000,0.0950653521055865,-0.0649616797199488,0.9933491626799732
2025-09-10 11:27:33.910000128,0.0941963733675048,-0.0636825487210882,0.9935147589405988
2025-09-10 11:27:33.920000000,0.0916289876080864,-0.0669348573134857,0.993541067850917
2025-09-10 11:27:33.929999872,0.0898785438156022,-0.0682817927019483,0.9936093015602236
2025-09-10 11:27:33.940000000,0.090422972965856,-0.0684052997298868,0.993551408296964
2025-09-10 11:27:33.950000128,0.0893674519482012,-0.0676227682692486,0.9937004678190956
2025-09-10 11:27:33.960000000,0.0881160555716384,-0.0652741098697528,0.9939692406363526
2025-09-10 11:27:33.969999872,0.0917600118007837,-0.064846514609622,0.9936674643849944
2025-09-10 11:27:33.980000000,0.091539332582769,-0.0673986549717283,0.9935179776422284
2025-09-10 11:27:33.990000128,0.0917182894299713,-0.071897475083166,0.9931860391994572
2025-09-10 11:27:34.000000000,0.0941631195493568,-0.0737256168100754,0.9928231667032692
2025-09-10 11:27:34.009999872,0.0925187772676311,-0.0741301180153296,0.9929476327863096
2025-09-10 11:27:34.020000000,0.0911804793925565,-0.0704666878096512,0.9933380925379238
2025-09-10 11:27:34.030000128,0.0927156287927144,-0.0699366789207451,0.9932334434155488
2025-09-10 11:27:34.040000000,0.0944370801821926,-0.0690128807741057,0.9931358719600863
2025-09-10 11:27:34.049999872,0.0947806771706656,-0.0699063815497343,0.9930406442103432
2025-09-10 11:27:34.060000000,0.0939696062771004,-0.0695220434311429,0.9931447017294536
2025-09-10 11:27:34.070000128,0.0937236040906012,-0.070722564781129,0.9930831812426628
2025-09-10 11:27:34.080000000,0.0929298739064419,-0.0707529701768029,0.9931556050020024
2025-09-10 11:27:34.089999872,0.092226895467493,-0.0713967767260617,0.9931750601105312
2025-09-10 11:27:34.100000000,0.0925961523755972,-0.0707715422571354,0.9931854516512924
2025-09-10 11:27:34.110000128,0.0921912727139175,-0.0706708949505963,0.9932302823828268
2025-09-10 11:27:34.120000000,0.0908700726638382,-0.0702420227104345,0.9933824480730548
2025-09-10 11:27:34.130000128,0.0922517408152117,-0.0708191798982526,0.9932141058578972
2025-09-10 11:27:34.140000000,0.0951203284047742,-0.0685758072321741,0.993100942395396
2025-09-10 11:27:34.150000128,0.0970254179398545,-0.0686138300039138,0.9929139996020756
2025-09-10 11:27:34.160000000,0.09536641674242,-0.067945114537641,0.9931206915416564
2025-09-10 11:27:34.169999872,0.0911718211414871,-0.0681545178774865,0.9935002067048764
2025-09-10 11:27:34.180000000,0.0923743585297125,-0.071764072537662,0.9931348829736238
2025-09-10 11:27:34.190000128,0.0951649303720838,-0.0725444010564448,0.9928146583842516
2025-09-10 11:27:34.200000000,0.0975965931205163,-0.0732157109969222,0.9925292764823028
2025-09-10 11:27:34.209999872,0.0973537360871576,-0.0722072554760309,0.992627000603193
2025-09-10 11:27:34.220000000,0.0954078183687508,-0.0749448368810326,0.9926130261179282
2025-09-10 11:27:34.230000128,0.0951174235708235,-0.074244878179918,0.9926934943865088
2025-09-10 11:27:34.240000000,0.0955763464839952,-0.0741469748889245,0.9926567322632696
2025-09-10 11:27:34.249999872,0.0940483244500477,-0.0746432498332696,0.9927654798201168
2025-09-10 11:27:34.260000000,0.0962743347032141,-0.0717609638677057,0.9927646330033272
2025-09-10 11:27:34.270000128,0.0970559915499556,-0.0678875699192194,0.9929609319377668
2025-09-10 11:27:34.280000000,0.0943818884208425,-0.0694289056456451,0.9931121216655066
2025-09-10 11:27:34.289999872,0.0900672454021283,-0.0710146618546959,0.9934006287029096
2025-09-10 11:27:34.300000000,0.094006793934142,-0.066763564483226,0.9933304330139684
2025-09-10 11:27:34.310000128,0.0966169425336316,-0.0679758151495346,0.992997711462725
2025-09-10 11:27:34.320000000,0.0951806870504497,-0.0699556189833126,0.9929989165075992
2025-09-10 11:27:34.329999872,0.0963415412388171,-0.0684427897559093,0.9929923927010508
2025-09-10 11:27:34.340000000,0.0963614918990308,-0.0678618136064813,0.9930303304194854
2025-09-10 11:27:34.350000128,0.0924357654115292,-0.0711741217742377,0.9931716234681954
2025-09-10 11:27:34.360000000,0.0954065644170162,-0.0707355068907082,0.9929219886431444
2025-09-10 11:27:34.369999872,0.0956988730134447,-0.0696943052452162,0.9929674866380788
2025-09-10 11:27:34.380000000,0.0944376333328117,-0.0709247770044678,0.993001112495532
2025-09-10 11:27:34.390000128,0.094582563357815,-0.067577384683626,0.9932207387021206
2025-09-10 11:27:34.400000000,0.095643386945881,-0.0659327657129977,0.9932296879065564
2025-09-10 11:27:34.409999872,0.0939457168816144,-0.0648093280680464,0.9934656276263252
2025-09-10 11:27:34.420000000,0.093926704429864,-0.0646529290366925,0.9934776157326956
2025-09-10 11:27:34.430000128,0.0947126210985319,-0.0635800990705213,0.9934722393740194
2025-09-10 11:27:34.440000000,0.092502693940977,-0.0651421348535039,0.9935792640148998
2025-09-10 11:27:34.449999872,0.0913984245784222,-0.0666942908632933,0.9935784818275932
2025-09-10 11:27:34.460000000,0.0914127931031413,-0.0676140268118777,0.9935149946706214
2025-09-10 11:27:34.470000128,0.0922542127249828,-0.0667010567514746,0.993498932693302
2025-09-10 11:27:34.480000000,0.0971475553986418,-0.0637363724952668,0.993227077410404
2025-09-10 11:27:34.489999872,0.0965082592849855,-0.0660319877466254,0.9931394325491316
2025-09-10 11:27:34.500000000,0.0944513801473266,-0.0677506359839719,0.993221419479077
2025-09-10 11:27:34.510000128,0.0924745897341856,-0.0674603493116058,0.9934271747462168
2025-09-10 11:27:34.520000000,0.0915851254747243,-0.067316959023421,0.9935192961486043
2025-09-10 11:27:34.529999872,0.0929205638553257,-0.0682961970088541,0.9933284443158448
2025-09-10 11:27:34.540000000,0.0935345342585187,-0.0706711089498055,0.9931046698414256
2025-09-10 11:27:34.550000128,0.0941117005566271,-0.0699277155187377,0.993102765286992
2025-09-10 11:27:34.560000000,0.0955939191487445,-0.0691340423486648,0.9930167605888212
2025-09-10 11:27:34.570000128,0.0940500102600456,-0.0676253648502689,0.9932680431781512
2025-09-10 11:27:34.580000000,0.0925965598674972,-0.0675222182024284,0.9934116101343536
2025-09-10 11:27:34.590000128,0.0928589377043929,-0.0678050407996305,0.993367854387574
2025-09-10 11:27:34.600000000,0.0905013951330472,-0.0667916183205683,0.9936540530793864
2025-09-10 11:27:34.609999872,0.0943723641087775,-0.0722942312256087,0.9929085562245994
2025-09-10 11:27:34.620000000,0.097969563943792,-0.0703605986153658,0.9926990232206088
2025-09-10 11:27:34.630000128,0.099687365326492,-0.0689299320351848,0.9926283764148028
2025-09-10 11:27:34.640000000,0.0965533771960233,-0.0677725124663738,0.9930177903270604
2025-09-10 11:27:34.649999872,0.0958363108732029,-0.0666062965848928,0.99316615063818
2025-09-10 11:27:34.660000000,0.0955537593679564,-0.064678181533996,0.9933208000963768
2025-09-10 11:27:34.670000128,0.095118040572408,-0.0679447926910759,0.9931445330382846
2025-09-10 11:27:34.680000000,0.0956279130332437,-0.0689848344209284,0.9930238641990552
2025-09-10 11:27:34.689999872,0.0931540177677338,-0.0693208799417632,0.9932355936925682
2025-09-10 11:27:34.700000000,0.0935679199297888,-0.067796402318221,0.993301913917777
2025-09-10 11:27:34.710000128,0.0908266445339094,-0.0727550503431429,0.993205529229614
2025-09-10 11:27:34.720000000,0.091202494235546,-0.0743947324449422,0.9930496104574336
2025-09-10 11:27:34.729999872,0.0943942491136935,-0.070511009059039,0.9930347039936408
2025-09-10 11:27:34.740000000,0.0944303511179547,-0.07208596392746,0.99291818524609
2025-09-10 11:27:34.750000128,0.0933159705291692,-0.0738347471080117,0.9928950396510676
2025-09-10 11:27:34.760000000,0.0935402317969904,-0.0746366894643805,0.992813975335341
2025-09-10 11:27:34.769999872,0.0932576757895071,-0.0764065773364436,0.9927059186113828
2025-09-10 11:27:34.780000000,0.0929042986753645,-0.0782556922657698,0.9925950019598346
2025-09-10 11:27:34.790000128,0.0931429557982228,-0.0774962062053248,0.9926322218268718
2025-09-10 11:27:34.800000000,0.0943529109570442,-0.0774608150342436,0.9925207052390206
2025-09-10 11:27:34.809999872,0.095349642851225,-0.0771202356470476,0.9924519710605082
2025-09-10 11:27:34.820000000,0.0906057999852607,-0.0740579530247331,0.9931294017411918
2025-09-10 11:27:34.830000128,0.0896988624131613,-0.0749933670225672,0.9931415352226506
2025-09-10 11:27:34.840000000,0.0503429247798745,-0.0945149278949532,0.9942497263412344
2025-09-10 11:27:34.850000128,-0.0060923983944027,-0.1206599609495838,0.9926752019192626
2025-09-10 11:27:34.860000000,-0.0342612511124753,-0.119643898191756,0.992225530964452
2025-09-10 11:27:34.870000128,-0.0385880479632153,-0.1210824132362453,0.9918921371597196
2025-09-10 11:27:34.880000000,-0.0369344782128499,-0.1151224868356985,0.9926644233294096
2025-09-10 11:27:34.889999872,-0.037081329661563,-0.115097589197039,0.99266183564775
2025-09-10 11:27:34.900000000,-0.0354358866832128,-0.1154671737685295,0.9926790164584336
2025-09-10 11:27:34.910000128,-0.0287956190719601,-0.1171801389368063,0.992693118421304
2025-09-10 11:27:34.920000000,-0.0280912483437141,-0.1129202566411541,0.9932068754326
2025-09-10 11:27:34.929999872,-0.0302018065182655,-0.1068333874683157,0.9938181313525518
2025-09-10 11:27:34.940000000,-0.0298592291586265,-0.1062366079166702,0.9938924537254584
2025-09-10 11:27:34.950000128,-0.032219110347314,-0.1060767899741551,0.9938358232410456
2025-09-10 11:27:34.960000000,-0.0294435898132436,-0.1049601460844904,0.994040463337802
2025-09-10 11:27:34.969999872,-0.0279028713928913,-0.1107533368688173,0.9934561531041288
2025-09-10 11:27:34.980000000,-0.027930436741544,-0.1156303434574481,0.992899548985364
2025-09-10 11:27:34.990000128,-0.0248245627477426,-0.1127559876232742,0.9933125531973728
2025-09-10 11:27:35.000000000,-0.0257697303507728,-0.1134753666777376,0.993206555634326
2025-09-10 11:27:35.009999872,-0.0314250289251591,-0.1181866590468846,0.9924940207277766
2025-09-10 11:27:35.020000000,-0.0454275749289666,-0.1163842812415651,0.9921648222528135
2025-09-10 11:27:35.030000128,-0.0498998494731842,-0.1163272301730192,0.9919566424712458
2025-09-10 11:27:35.040000000,-0.0481425127533807,-0.1121501771993164,0.9925243756301164
2025-09-10 11:27:35.049999872,-0.0471435224445021,-0.1129690662753024,0.9924794599166328
2025-09-10 11:27:35.060000000,-0.0447329775426343,-0.1166238931987627,0.9921682459418532
2025-09-10 11:27:35.070000128,-0.0440624189432203,-0.1183057374501882,0.991999120827856
2025-09-10 11:27:35.080000000,-0.0433233756690969,-0.1194995370233018,0.9918885752804348
2025-09-10 11:27:35.089999872,-0.0389365899944043,-0.1195777532880598,0.9920610378793168
2025-09-10 11:27:35.100000000,-0.0339998207518671,-0.1167079264205782,0.992584138549196
2025-09-10 11:27:35.110000128,-0.034272627028468,-0.1188203824409435,0.9923240920954984
2025-09-10 11:27:35.120000000,-0.0348189694422937,-0.1221264795405478,0.9919036053780674
2025-09-10 11:27:35.130000128,-0.0331997535731153,-0.1256066879486205,0.9915244506845317
2025-09-10 11:27:35.140000000,-0.032025615842014,-0.1269767476522119,0.9913885542437972
2025-09-10 11:27:35.150000128,-0.0256349075095262,-0.1272118703806234,0.9915442458868092
2025-09-10 11:27:35.160000000,-0.0161545842072945,-0.1329710179621876,0.9909882631954776
2025-09-10 11:27:35.169999872,0.0411176242993466,-0.1462726618765003,0.9883894219180722
2025-09-10 11:27:35.180000000,0.1048446931483397,-0.1402848186868638,0.9845444428590436
2025-09-10 11:27:35.190000128,0.1150881396264981,-0.1357667685464852,0.9840335892009768
2025-09-10 11:27:35.200000000,0.1123222473155441,-0.1372048879418829,0.9841537133409808
2025-09-10 11:27:35.209999872,0.1109365728125775,-0.1351466237178886,0.9845955854614904
2025-09-10 11:27:35.220000000,0.110258059315109,-0.1328470727928194,0.9849846778536432
2025-09-10 11:27:35.230000128,0.1094350187537243,-0.135632658966559,0.9846967850521464
2025-09-10 11:27:35.240000000,0.1126031751904073,-0.133766820186221,0.9845948216166412
2025-09-10 11:27:35.249999872,0.1104326192776603,-0.1293998827020112,0.9854239224598624
2025-09-10 11:27:35.260000000,0.1119595379108143,-0.1323579777937494,0.9848585825310892
2025-09-10 11:27:35.270000128,0.112596083175073,-0.1295135534712746,0.9851641292296808
2025-09-10 11:27:35.280000000,0.114239588215715,-0.134779883375582,0.984268103476674
2025-09-10 11:27:35.289999872,0.1140954843268833,-0.1408031405273194,0.9834412519687478
2025-09-10 11:27:35.300000000,0.1130070602535252,-0.1374778709988712,0.9840372143971354
2025-09-10 11:27:35.310000128,0.1088429001955079,-0.1358941203780581,0.9847263635770622
2025-09-10 11:27:35.320000000,0.1063919263203436,-0.1348964179226125,0.9851313183761312
2025-09-10 11:27:35.329999872,0.1074818226812619,-0.1313377559480623,0.985493811069172
2025-09-10 11:27:35.340000000,0.1081327203647786,-0.1355166852455013,0.9848566102771432
2025-09-10 11:27:35.350000128,0.1063062118670443,-0.1373646949332332,0.984799436385084
2025-09-10 11:27:35.360000000,0.1052640944876206,-0.1378419862523933,0.9848446868606728
2025-09-10 11:27:35.369999872,0.104650440167033,-0.1376459826921033,0.984937494880549
2025-09-10 11:27:35.380000000,0.1063364408118999,-0.1386687468163643,0.9846133962179452
2025-09-10 11:27:35.390000128,0.1063523856684068,-0.1391425362221462,0.9845448312170996
2025-09-10 11:27:35.400000000,0.102760214682866,-0.1411463593247154,0.9846410734514937
2025-09-10 11:27:35.409999872,0.1023999645282139,-0.1447484158211464,0.984155548367172
2025-09-10 11:27:35.420000000,0.1021178015340488,-0.144322482663191,0.9842474158501944
2025-09-10 11:27:35.430000128,0.1023808353202133,-0.1405753675694568,0.9847622711049848
2025-09-10 11:27:35.440000000,0.1089954652017721,-0.136048527136429,0.9846881673044812
2025-09-10 11:27:35.449999872,0.112376609556551,-0.1397888667229024,0.9837838026542728
2025-09-10 11:27:35.460000000,0.112396230489056,-0.1380267155983364,0.9840303415814916
2025-09-10 11:27:35.470000128,0.1143929247925459,-0.1391827383912693,0.9836373437864764
2025-09-10 11:27:35.480000000,0.1127038908398346,-0.1393131863903458,0.983813838633779
2025-09-10 11:27:35.489999872,0.1093422494084569,-0.1363499477836108,0.9846080256801208
2025-09-10 11:27:35.500000000,0.1084874530643475,-0.1330627426007618,0.9851521603585786
2025-09-10 11:27:35.510000128,0.1093666486848397,-0.1370472260917107,0.9845085037601324
2025-09-10 11:27:35.520000000,0.1107542874203551,-0.1420699244918375,0.9836410038082456
2025-09-10 11:27:35.529999872,0.1105958242509219,-0.1399967448970502,0.9839560331013216
2025-09-10 11:27:35.540000000,0.1121216640338585,-0.139177419329583,0.9838995773975288
2025-09-10 11:27:35.550000128,0.1133371922062375,-0.1392985602124177,0.983743153463115
2025-09-10 11:27:35.560000000,0.1070423869463466,-0.1392543519009939,0.9844542411272668
2025-09-10 11:27:35.570000128,0.0888493286916179,-0.1535733625212448,0.9841346549710396
2025-09-10 11:27:35.580000000,0.0834971625548628,-0.1581361426013098,0.9838806758181936
2025-09-10 11:27:35.590000128,0.0851507060728601,-0.1524617240338255,0.9846343381986672
2025-09-10 11:27:35.600000000,0.0844638803997199,-0.1497512842610709,0.9851093369621372
2025-09-10 11:27:35.609999872,0.0846884080839504,-0.1512886567234779,0.984855124311699
2025-09-10 11:27:35.620000000,0.0854297964038074,-0.1512178089869966,0.984801972038834
2025-09-10 11:27:35.630000128,0.0876331078478873,-0.1505385437130448,0.9847124378546644
2025-09-10 11:27:35.640000000,0.0886460928613325,-0.1467396873685493,0.9851950742728064
2025-09-10 11:27:35.649999872,0.0878761796185913,-0.1449613422212925,0.9855272631018598
2025-09-10 11:27:35.660000000,0.0856093677138557,-0.1476429787445978,0.9853286695245684
2025-09-10 11:27:35.670000128,0.0857564073917858,-0.1519304111911942,0.9846638963354596
2025-09-10 11:27:35.680000000,0.0881740270419471,-0.1511527840972665,0.9845700466776608
2025-09-10 11:27:35.689999872,0.0905607553224637,-0.1475926168840174,0.9848934810611514
2025-09-10 11:27:35.700000000,0.0909276347938682,-0.1422821577242921,0.985640884310362
2025-09-10 11:27:35.710000128,0.0918407115357676,-0.1414296130453791,0.9856789275714676
2025-09-10 11:27:35.720000000,0.0928727879564751,-0.1395562124396635,0.9858492323000954
2025-09-10 11:27:35.729999872,0.0917373256200456,-0.1413607762962669,0.9856984295477996
2025-09-10 11:27:35.740000000,0.086970857969548,-0.1396138042982218,0.9863792655532752
2025-09-10 11:27:35.750000128,0.08877044998794,-0.1344121325980147,0.9869413284584816
2025-09-10 11:27:35.760000000,0.0912629061886121,-0.1349369166553261,0.9866423417214376
2025-09-10 11:27:35.769999872,0.0910155613031832,-0.1320030657703955,0.9870619829716284
2025-09-10 11:27:35.780000000,0.0857850735579068,-0.1340867160356222,0.987249549879587
2025-09-10 11:27:35.790000128,0.0875561841913763,-0.1457173949291284,0.9854442426768318
2025-09-10 11:27:35.800000000,0.0893412728236017,-0.143117710580292,0.9856649825820712
2025-09-10 11:27:35.809999872,0.0888118265089299,-0.1376989479883534,0.9864843937919386
2025-09-10 11:27:35.820000000,0.0901304814565875,-0.1378690800207644,0.9863410227130532
2025-09-10 11:27:35.830000128,0.0906110341125601,-0.1395745905056945,0.9860570846468372
2025-09-10 11:27:35.840000000,0.0903727487470407,-0.1385487026472093,0.9862236172789008
2025-09-10 11:27:35.850000128,0.0888315006330056,-0.140144019264133,0.986138234914245
2025-09-10 11:27:35.860000000,0.0893782621139221,-0.1414502795620136,0.9859022997606424
2025-09-10 11:27:35.870000128,0.0897954882090772,-0.1389446466311265,0.9862206423868064
2025-09-10 11:27:35.880000000,0.0878330335523887,-0.135161584391409,0.9869228461849432
2025-09-10 11:27:35.889999872,0.0896913499325577,-0.1350610354852356,0.9867694657015548
2025-09-10 11:27:35.900000000,0.0886639905778955,-0.134812712840158,0.9868962606229088
2025-09-10 11:27:35.910000128,0.0869699528650062,-0.1319340478939869,0.9874358887061812
2025-09-10 11:27:35.920000000,0.0883303834797075,-0.1348241065320197,0.9869246190323608
2025-09-10 11:27:35.929999872,0.0885661828358543,-0.1367350148758172,0.986640545976495
2025-09-10 11:27:35.940000000,0.0877585332306822,-0.135176930794717,0.9869273718091516
2025-09-10 11:27:35.950000128,0.0881703333982997,-0.1370526011237884,0.986631935847222
2025-09-10 11:27:35.960000000,0.0897431602175194,-0.1397387185732213,0.9861132063438186
2025-09-10 11:27:35.969999872,0.0881151887227589,-0.1367196900108109,0.9866830493525772
2025-09-10 11:27:35.980000000,0.0864806556100914,-0.1354082232718043,0.9870084646423364
2025-09-10 11:27:35.990000128,0.0876711631417987,-0.136856935497058,0.9867035757306843
2025-09-10 11:27:36.000000000,0.0874279803180118,-0.1327842843196335,0.987281460423134
2025-09-10 11:27:36.009999872,0.0836284765355319,-0.1323096892067036,0.9876742499702884
2025-09-10 11:27:36.020000000,0.0834710913038767,-0.1322817687993957,0.987691303272355
2025-09-10 11:27:36.030000128,0.0871174213851785,-0.1316529968171103,0.9874604008871806
2025-09-10 11:27:36.040000000,0.0869610638179257,-0.131902449483741,0.9874408930158016
2025-09-10 11:27:36.049999872,0.0878488071194364,-0.1354638883095685,0.986879993743791
2025-09-10 11:27:36.060000000,0.0875869254906049,-0.1353860668905799,0.9869139493263852
2025-09-10 11:27:36.070000128,0.0875145051805662,-0.1361479660847664,0.9868155565828814
2025-09-10 11:27:36.080000000,0.0890990563377051,-0.1409133071415022,0.9860044614656543
2025-09-10 11:27:36.089999872,0.0879829842674118,-0.1394305219149355,0.9863154282672096
2025-09-10 11:27:36.100000000,0.0875178704715102,-0.13744123849173,0.9866359654452048
2025-09-10 11:27:36.110000128,0.0843554369295264,-0.1369189208301402,0.9869839762524713
2025-09-10 11:27:36.120000000,0.0821729608538298,-0.1387502162853904,0.9869123476708924
2025-09-10 11:27:36.130000128,0.0836735061234726,-0.1371526348603186,0.98700957397782
2025-09-10 11:27:36.140000000,0.0846368198074808,-0.1346881468618303,0.987266788577334
2025-09-10 11:27:36.150000128,0.0829954886186708,-0.1394486538349131,0.9867450642453596
2025-09-10 11:27:36.160000000,0.0827314300011439,-0.1364188322378877,0.9871906668424376
2025-09-10 11:27:36.169999872,0.0805683007309547,-0.1315115688651113,0.988035149259359
2025-09-10 11:27:36.180000000,0.0811463782692124,-0.1350229423600256,0.9875140861426894
2025-09-10 11:27:36.190000128,0.0820681014724655,-0.1342111932063709,0.9875485721415568
2025-09-10 11:27:36.200000000,0.0833498607527707,-0.1345417208112015,0.9873962355982804
2025-09-10 11:27:36.209999872,0.0832407492986876,-0.1323425079178671,0.9877026061797156
2025-09-10 11:27:36.220000000,0.0829085361674976,-0.1317280806082268,0.9878126782998058
2025-09-10 11:27:36.230000128,0.0850331484175675,-0.130042333052978,0.9878554323808392
2025-09-10 11:27:36.240000000,0.0828072949736335,-0.1287546630137565,0.9882131291636252
2025-09-10 11:27:36.249999872,0.083476614670819,-0.1295884479254357,0.9880478171462028
2025-09-10 11:27:36.260000000,0.0855653356212712,-0.1251730076214393,0.9884383094068252
2025-09-10 11:27:36.270000128,0.0855486737040415,-0.1261648914099598,0.9883136367585912
2025-09-10 11:27:36.280000000,0.0877081363269183,-0.1233366521916786,0.9884813367222508
2025-09-10 11:27:36.289999872,0.0878835622555063,-0.1206668023012167,0.9887952276926106
2025-09-10 11:27:36.300000000,0.0878046853267366,-0.122431776625489,0.988585250399276
2025-09-10 11:27:36.310000128,0.0884643777646972,-0.1211895842081204,0.9886794923260864
2025-09-10 11:27:36.320000000,0.0896504665624516,-0.1212282947698208,0.988567900749532
2025-09-10 11:27:36.329999872,0.0899053034091604,-0.1176866970473823,0.9889726375168246
2025-09-10 11:27:36.340000000,0.0922723149423176,-0.1171068195262001,0.9888234487084354
2025-09-10 11:27:36.350000128,0.1066940501393874,-0.1285922961687488,0.9859413780904536
2025-09-10 11:27:36.360000000,0.112840809969118,-0.123896274462958,0.9858583391033992
2025-09-10 11:27:36.369999872,0.112921835162418,-0.1242746944377638,0.9858014300385002
2025-09-10 11:27:36.380000000,0.1140358394749214,-0.1249753481937295,0.9855845928478724
2025-09-10 11:27:36.390000128,0.114457618337763,-0.1212355255587497,0.9860027388131032
2025-09-10 11:27:36.400000000,0.1135945563358178,-0.1211058066114412,0.9861184819157692
2025-09-10 11:27:36.409999872,0.1154410790178602,-0.1217706941689814,0.9858221215395792
2025-09-10 11:27:36.420000000,0.1140687514089977,-0.1190564309877115,0.9863132799432748
2025-09-10 11:27:36.430000128,0.1144427851666377,-0.1175484832004256,0.9864508112524324
2025-09-10 11:27:36.440000000,0.1142982998429806,-0.1193253212096653,0.9862542098116562
2025-09-10 11:27:36.449999872,0.113642932005504,-0.1222664218157675,0.9859696780842508
2025-09-10 11:27:36.460000000,0.1132510285474986,-0.1209140237593025,0.98618152659197
2025-09-10 11:27:36.470000128,0.1134075473029943,-0.1200273962104563,0.9862718450679088
2025-09-10 11:27:36.480000000,0.1127664780155202,-0.1163715123560606,0.9867833564404794
2025-09-10 11:27:36.489999872,0.1114986690513947,-0.117043853858169,0.9868479027052726
2025-09-10 11:27:36.500000000,0.1138092302475318,-0.1181271621880245,0.986454982583528
2025-09-10 11:27:36.510000128,0.1146939654587046,-0.1198785589702994,0.986141179236808
2025-09-10 11:27:36.520000000,0.1151707311998964,-0.1185976264191159,0.9862404907945288
2025-09-10 11:27:36.529999872,0.1160549546436423,-0.1179677101874571,0.9862123842539142
2025-09-10 11:27:36.540000000,0.1159686658541352,-0.1179447127967937,0.986225285248403
2025-09-10 11:27:36.550000128,0.1174449202836796,-0.1186713424402996,0.9859633883582988
2025-09-10 11:27:36.560000000,0.1179191408653874,-0.1185306417220205,0.9859237106341112
2025-09-10 11:27:36.570000128,0.1172406345732817,-0.1138965373581788,0.986550663870169
2025-09-10 11:27:36.580000000,0.1157900529456279,-0.1122852135411825,0.9869066290479864
2025-09-10 11:27:36.590000128,0.1142108016916838,-0.1117566468664037,0.9871506190334488
2025-09-10 11:27:36.600000000,0.1149842938224596,-0.113428910436556,0.986870049424607
2025-09-10 11:27:36.609999872,0.1164431293833724,-0.1208749820007444,0.9858145040248328
2025-09-10 11:27:36.620000000,0.1174228895155397,-0.1231738424146358,0.9854136540370424
2025-09-10 11:27:36.630000128,0.1171205009612229,-0.1257179021253185,0.9851283151649846
2025-09-10 11:27:36.640000000,0.1172854050006065,-0.125038088154281,0.9851952143025088
2025-09-10 11:27:36.649999872,0.1184577589198257,-0.1242794918140415,0.985150936286484
2025-09-10 11:27:36.660000000,0.1180349976014951,-0.1306224838299348,0.9843807729020886
2025-09-10 11:27:36.670000128,0.1249129368887174,-0.1321872507876784,0.9833225762317424
2025-09-10 11:27:36.680000000,0.1130969259815951,-0.1402306104521201,0.9836383792968528
2025-09-10 11:27:36.689999872,0.1130076395547691,-0.1409338191039916,0.9835481340712424
2025-09-10 11:27:36.700000000,0.1151909774779409,-0.1426815798872461,0.9830427282008428
2025-09-10 11:27:36.710000128,0.1178100754298768,-0.1443471243980621,0.9824890298650756
2025-09-10 11:27:36.720000000,0.1164193904816446,-0.1456550683166644,0.9824617685149638
2025-09-10 11:27:36.729999872,0.1106313935939513,-0.1451535111658804,0.9832045326114384
2025-09-10 11:27:36.740000000,0.113047446372358,-0.1431934562614381,0.9832171219789616
2025-09-10 11:27:36.750000128,0.1192005858919104,-0.1556733619545624,0.9805901410379309
2025-09-10 11:27:36.760000000,0.1226812327978158,-0.1619141575409702,0.979149182048888
2025-09-10 11:27:36.769999872,0.1181873607042716,-0.1552506531301029,0.9807797828628172
2025-09-10 11:27:36.780000000,0.1141535794514995,-0.1543302256529209,0.9814026399741996
2025-09-10 11:27:36.790000128,0.115259394938327,-0.1614860187783538,0.9801211851692464
2025-09-10 11:27:36.800000000,0.1159458447802481,-0.1761030101853236,0.9775194580579264
2025-09-10 11:27:36.809999872,0.1174420063353344,-0.1860714521254899,0.9754920757504096
2025-09-10 11:27:36.820000000,0.1144690792769133,-0.1870909967151518,0.9756504439796186
2025-09-10 11:27:36.830000128,0.1146451117406314,-0.1911583327532852,0.9748410076381496
2025-09-10 11:27:36.840000000,0.1024654119402246,-0.1992394908952329,0.9745791217873122
2025-09-10 11:27:36.850000128,0.0971245325748593,-0.1924955801543605,0.9764795321936612
2025-09-10 11:27:36.860000000,0.0920927982994971,-0.1962007185169356,0.9762295808644637
2025-09-10 11:27:36.870000128,0.0802279332988768,-0.1930897497977458,0.9778956116281712
2025-09-10 11:27:36.880000000,0.0784088287990793,-0.1939479195042474,0.977873335400005
2025-09-10 11:27:36.889999872,0.0744100450502118,-0.1954609032114779,0.9778845435486638
2025-09-10 11:27:36.900000000,0.085150750196685,-0.1918735042463162,0.9777187264797482
2025-09-10 11:27:36.910000128,0.0948323083567358,-0.1975203640730962,0.9757010500497396
2025-09-10 11:27:36.920000000,0.0987749944064007,-0.2058701708638982,0.973581518532724
2025-09-10 11:27:36.929999872,0.0902501972908147,-0.1999789010267937,0.9756348400057704
2025-09-10 11:27:36.940000000,0.0847236781200421,-0.1922588091988551,0.9776801361648144
2025-09-10 11:27:36.950000128,0.0873892626642138,-0.1929716486748504,0.9773049982368428
2025-09-10 11:27:36.960000000,0.0878965197051222,-0.190641248728938,0.9777167872685824
2025-09-10 11:27:36.969999872,0.0841587601961219,-0.1899192116429457,0.9781860743903348
2025-09-10 11:27:36.980000000,0.0862907485894318,-0.177358180691352,0.9803560488158012
2025-09-10 11:27:36.990000128,0.0928847057894814,-0.1774687827822015,0.9797332609277922
2025-09-10 11:27:37.000000000,0.0951223641469542,-0.1877331696261211,0.97760318783299
2025-09-10 11:27:37.009999872,0.0955659982396952,-0.1853760545456108,0.9780096412518404
2025-09-10 11:27:37.020000000,0.0987871173653881,-0.1899776418542648,0.9768058154198972
2025-09-10 11:27:37.030000128,0.0905934187312689,-0.1846653934287658,0.9786171493246888
2025-09-10 11:27:37.040000000,0.0909873827021412,-0.1808106752395707,0.9793001561872768
2025-09-10 11:27:37.049999872,0.0912174077640135,-0.1810415490339143,0.979236101277018
2025-09-10 11:27:37.060000000,0.0897067482692894,-0.1903529550389738,0.9776085371061776
2025-09-10 11:27:37.070000128,0.0807090960709138,-0.2013265211030487,0.976193461211434
2025-09-10 11:27:37.080000000,0.0792212669601776,-0.1863901020408979,0.9792766313572524
2025-09-10 11:27:37.089999872,0.0808281143635479,-0.1844015573605854,0.979521761663019
2025-09-10 11:27:37.100000000,0.0828333428218523,-0.1855654336350783,0.9791343662423372
2025-09-10 11:27:37.110000128,0.0861932138304519,-0.1720958293535907,0.9813020714380856
2025-09-10 11:27:37.120000000,0.0918507281972978,-0.1681429381869161,0.9814740934265648
2025-09-10 11:27:37.130000128,0.0859891777918343,-0.1666328310938513,0.9822623686695588
2025-09-10 11:27:37.140000000,0.08491854967898,-0.1779902658277879,0.9803613135936016
2025-09-10 11:27:37.150000128,0.0925411205265768,-0.1869576065229911,0.977999485876593
2025-09-10 11:27:37.160000000,0.0932819065593822,-0.1748632000505953,0.9801639389289488
2025-09-10 11:27:37.169999872,0.0954797828230841,-0.1689948223245237,0.9809813255610726
2025-09-10 11:27:37.180000000,0.0983340838483179,-0.1632506755501648,0.9816718519373604
2025-09-10 11:27:37.190000128,0.095808782766341,-0.1689937105156135,0.9809494395487453
2025-09-10 11:27:37.200000000,0.0947684728726089,-0.1623145137385623,0.9821776495009484
2025-09-10 11:27:37.209999872,0.0977245470292397,-0.1576357393437134,0.982649930844902
2025-09-10 11:27:37.220000000,0.0886908584605989,-0.1563015307487443,0.9837193518026984
2025-09-10 11:27:37.230000128,0.0848132119732746,-0.152131604419385,0.9847145241193308
2025-09-10 11:27:37.240000000,0.0842337287488544,-0.1548208903818799,0.9843450466388431
2025-09-10 11:27:37.249999872,0.0934152081014621,-0.165169081801514,0.9818313364892188
2025-09-10 11:27:37.260000000,0.0956422971039696,-0.1702699459885774,0.980744970161827
2025-09-10 11:27:37.270000128,0.0885865225599456,-0.1669025854135632,0.9819857203661388
2025-09-10 11:27:37.280000000,0.0856471216372343,-0.1666655117985366,0.9822867085185408
2025-09-10 11:27:37.289999872,0.0839023900617644,-0.1736240171284748,0.9812314149160202
2025-09-10 11:27:37.300000000,0.0894715104234688,-0.1717976326257539,0.9810608657197216
2025-09-10 11:27:37.310000128,0.0898524662229905,-0.1640179487855991,0.982356680025036
2025-09-10 11:27:37.320000000,0.0934004598981414,-0.163030240815095,0.9821901519922648
2025-09-10 11:27:37.329999872,0.0929397531699945,-0.1597892413181831,0.9827663001139488
2025-09-10 11:27:37.340000000,0.0866338869586814,-0.158396485839887,0.9835675487245422
2025-09-10 11:27:37.350000128,0.0864204523310378,-0.1540642893820491,0.9842741996802024
2025-09-10 11:27:37.360000000,0.088863708817608,-0.1463988829819406,0.9852261711489496
2025-09-10 11:27:37.369999872,0.0894591610221648,-0.1517753260850332,0.9843583234274969
2025-09-10 11:27:37.380000000,0.0938244512320259,-0.1510701743606094,0.9840603511826216
2025-09-10 11:27:37.390000128,0.0949528447382583,-0.1483061995003914,0.9843725049318792
2025-09-10 11:27:37.400000000,0.0942297325681183,-0.1534230825233535,0.9836575192866536
2025-09-10 11:27:37.409999872,0.0805958528919655,-0.1589476736983378,0.9839918422032288
2025-09-10 11:27:37.420000000,0.0367805379233944,-0.1710802878490642,0.9845703261522496
2025-09-10 11:27:37.430000128,0.0322461813944844,-0.1668991221305971,0.9854465316888128
2025-09-10 11:27:37.440000000,0.0343739249429733,-0.1689314535983883,0.9850282215597432
2025-09-10 11:27:37.449999872,0.0329873279319662,-0.1761218734290918,0.9838154917949484
2025-09-10 11:27:37.460000000,0.034638841805117,-0.1721350874478728,0.9844641498336614
2025-09-10 11:27:37.470000128,0.0341748658926365,-0.169735531135433,0.984896912377835
2025-09-10 11:27:37.480000000,0.036095020201004,-0.1691140875208096,0.9849353150936832
2025-09-10 11:27:37.489999872,0.0378228432180408,-0.178058205096051,0.9832927886081928
2025-09-10 11:27:37.500000000,0.0378839861678384,-0.1763259481770883,0.9836025435060068
2025-09-10 11:27:37.510000128,0.0379477354709349,-0.1737571218989316,0.984057128403645
2025-09-10 11:27:37.520000000,0.0387883293480428,-0.1770060693831558,0.9834451265362564
2025-09-10 11:27:37.529999872,0.0373378511501397,-0.1758338910880072,0.9837115062945746
2025-09-10 11:27:37.540000000,0.0364161541493764,-0.1751191838734611,0.9838735361602436
2025-09-10 11:27:37.550000128,0.0361923730918923,-0.1756800280893812,0.9837818050058108
2025-09-10 11:27:37.560000000,0.0356575713248297,-0.1753536921374372,0.983859553117712
2025-09-10 11:27:37.570000128,0.0376728433566188,-0.1734137084893321,0.984128265309662
2025-09-10 11:27:37.580000000,0.0391172763272151,-0.1736088731707952,0.9840374981925776
2025-09-10 11:27:37.590000128,0.0402015616699561,-0.1732119568948523,0.9840637440877256
2025-09-10 11:27:37.600000000,0.0399087457503951,-0.1734211896581468,0.98403881172959
2025-09-10 11:27:37.609999872,0.0357277812234228,-0.1703976556422866,0.9847274570156272
2025-09-10 11:27:37.620000000,0.0355376655139115,-0.1712231549963705,0.9845911362199592
2025-09-10 11:27:37.630000128,0.0359079289449876,-0.1704757859310579,0.9847073814337284
2025-09-10 11:27:37.640000000,0.0349869931370893,-0.1713646437839012,0.9845862426278572
2025-09-10 11:27:37.649999872,0.0348262552096438,-0.1732669634582399,0.9842589554187628
2025-09-10 11:27:37.660000000,0.0507305572578498,-0.1710307570615218,0.9839587850612804
2025-09-10 11:27:37.670000128,0.0597964254535133,-0.1809315624521032,0.981676197741202
2025-09-10 11:27:37.680000000,0.0576592370240935,-0.1781373528460019,0.98231486597059
2025-09-10 11:27:37.689999872,0.0576823878311971,-0.1726354811611036,0.9832953436167416
2025-09-10 11:27:37.700000000,0.0587012742086411,-0.1813898906236591,0.9816577142700093
2025-09-10 11:27:37.710000128,0.0594689429096145,-0.1827864802757749,0.98135240737342
2025-09-10 11:27:37.720000000,0.0595471532417951,-0.1798220900852982,0.9818951840487624
2025-09-10 11:27:37.729999872,0.0585392573070978,-0.1797525547705078,0.9819685200694618
2025-09-10 11:27:37.740000000,0.0582263285819288,-0.1764441928175685,0.9825869638260148
2025-09-10 11:27:37.750000128,0.0591734951853003,-0.1741612185546383,0.9829376213265616
2025-09-10 11:27:37.760000000,0.0574750464341775,-0.177370573818809,0.9824644006683272
2025-09-10 11:27:37.769999872,0.0591534275632596,-0.1788825381649502,0.9820905811314876
2025-09-10 11:27:37.780000000,0.0595498695265857,-0.1807913790021581,0.981717011321422
2025-09-10 11:27:37.790000128,0.056098465592149,-0.1733673209876068,0.9832582235464836
2025-09-10 11:27:37.800000000,0.0581905693281113,-0.1717289149778074,0.9834241391189334
2025-09-10 11:27:37.809999872,0.0575103037238898,-0.1718939165322246,0.983435329050568
2025-09-10 11:27:37.820000000,0.0581739563625757,-0.1697428249373044,0.9837698735900732
2025-09-10 11:27:37.830000128,0.0593098292060285,-0.1705940464299136,0.9835547851961376
2025-09-10 11:27:37.840000000,0.057517369660035,-0.1736969265713477,0.9831180650802114
2025-09-10 11:27:37.850000128,0.055310576897159,-0.1725898192984001,0.9834396241548584
2025-09-10 11:27:37.860000000,0.0571917024613102,-0.1708967008082939,0.9836276870963004
2025-09-10 11:27:37.870000128,0.0582920278575654,-0.1735135770339879,0.9831048154053176
2025-09-10 11:27:37.880000000,0.0607193218776617,-0.1772996834463445,0.9822820298674628
2025-09-10 11:27:37.889999872,0.060205824270861,-0.1809209423632258,0.981653131884307
2025-09-10 11:27:37.900000000,0.0591070343905989,-0.1783073258177339,0.9821979719207716
2025-09-10 11:27:37.910000128,0.0632080695368746,-0.1768973848535245,0.9821975642290128
2025-09-10 11:27:37.920000000,0.0651934126274026,-0.1757169239926678,0.9822796860225442
2025-09-10 11:27:37.929999872,0.0646648333213582,-0.1773969972973119,0.9820126092273044
2025-09-10 11:27:37.940000000,0.0663568506919891,-0.1728036380136896,0.9827185105896168
2025-09-10 11:27:37.950000128,0.0659948995129471,-0.1718650630186514,0.9829074592004432
2025-09-10 11:27:37.960000000,0.0641309671517827,-0.1674628787203179,0.98379032486749
2025-09-10 11:27:37.969999872,0.063074733560467,-0.1718566076329214,0.9831006481531688
2025-09-10 11:27:37.980000000,0.0615049286643108,-0.1700261159802752,0.9835183087440011
2025-09-10 11:27:37.990000128,0.0615534020863117,-0.1644852910466119,0.9844570928795792
2025-09-10 11:27:38.000000000,0.0613284221076811,-0.1664982448523202,0.984132693849198
2025-09-10 11:27:38.009999872,0.059358542286296,-0.1673514124209702,0.9841087684897196
2025-09-10 11:27:38.020000000,0.0578696983064332,-0.1634787933241294,0.9848481010547816
2025-09-10 11:27:38.030000128,0.0570955481147114,-0.1633940411023766,0.984907348798716
2025-09-10 11:27:38.040000000,0.0562531870889129,-0.1654323073416679,0.9846155242682048
2025-09-10 11:27:38.049999872,0.0556173111523896,-0.1593488798453615,0.9856544268617714
2025-09-10 11:27:38.060000000,0.0568690488715456,-0.1593463291716114,0.9855834103007104
2025-09-10 11:27:38.070000128,0.0579415372841881,-0.1611192716997519,0.9852326418385084
2025-09-10 11:27:38.080000000,0.0568985749957029,-0.1613375954323934,0.9852576985050928
2025-09-10 11:27:38.089999872,0.0564186330054411,-0.1606957260822573,0.985390187422573
2025-09-10 11:27:38.100000000,0.0577740926246973,-0.160887159417193,0.9852804048371508
2025-09-10 11:27:38.110000128,0.059453354472539,-0.165189716068006,0.984468209922156
2025-09-10 11:27:38.120000000,0.0603363772095721,-0.1623868878540174,0.9848807137101993
2025-09-10 11:27:38.130000128,0.0584789765549612,-0.1619418637752025,0.9850660089852346
2025-09-10 11:27:38.140000000,0.0577682437171082,-0.1618625472754764,0.9851209802899008
2025-09-10 11:27:38.150000128,0.023065890430089,-0.1675757697057914,0.9855893293386342
2025-09-10 11:27:38.160000000,-0.0298013042089768,-0.1704881399384551,0.9849089685893666
2025-09-10 11:27:38.169999872,-0.0478263484248658,-0.1502588429252782,0.9874892002037796
2025-09-10 11:27:38.180000000,-0.0464573999325161,-0.1519489265542535,0.987295920031335
2025-09-10 11:27:38.190000128,-0.0423118585576627,-0.1525359011204063,0.9873917690029536
2025-09-10 11:27:38.200000000,-0.0416953752256989,-0.1543688697638134,0.9871330952473588
2025-09-10 11:27:38.209999872,-0.0413355285137049,-0.1588909677308634,0.9864304508965862
2025-09-10 11:27:38.220000000,-0.0425509479751982,-0.1613281239289099,0.9859830897413964
2025-09-10 11:27:38.230000128,-0.0415489472061139,-0.1595449933416951,0.9863159129232694
2025-09-10 11:27:38.240000000,-0.0405293089611141,-0.1566380662346689,0.9868241440709676
2025-09-10 11:27:38.249999872,-0.0393525513238676,-0.1632011024655103,0.9858076774190514
2025-09-10 11:27:38.260000000,-0.0377885268450007,-0.1645529833052146,0.985644125901554
2025-09-10 11:27:38.270000128,-0.0395389212125211,-0.1649167337652483,0.9855146597760748
2025-09-10 11:27:38.280000000,-0.0400567471419282,-0.1677848111854412,0.9850094995196106
2025-09-10 11:27:38.289999872,-0.0369166849979998,-0.1629791913858715,0.9859386094194535
2025-09-10 11:27:38.300000000,-0.0376010019421854,-0.1627976778217168,0.9859427370536286
2025-09-10 11:27:38.310000128,-0.0414051307323717,-0.1636905463810344,0.9856424403273804
2025-09-10 11:27:38.320000000,-0.0439662281100888,-0.1635723089024154,0.9855511506492722
2025-09-10 11:27:38.329999872,-0.0203663505758493,-0.1756913309323186,0.9842346102426252
2025-09-10 11:27:38.340000000,0.0315851590888708,-0.160736422412522,0.9864918551287456
2025-09-10 11:27:38.350000128,0.0653795055980244,-0.1557333733812615,0.985633114633965
2025-09-10 11:27:38.360000000,0.0751695895379597,-0.1689609952207999,0.982752112642192
2025-09-10 11:27:38.369999872,0.0725399346266272,-0.1682083498984878,0.983078790793898
2025-09-10 11:27:38.380000000,0.0694984629878948,-0.1649804887704438,0.9838452124025332
2025-09-10 11:27:38.390000128,0.0685116030709409,-0.1655005359444605,0.9838270848308388
2025-09-10 11:27:38.400000000,0.0676281039257471,-0.1649236881838832,0.9839850693151974
2025-09-10 11:27:38.409999872,0.0667378049438925,-0.1643055596583761,0.9841492511080924
2025-09-10 11:27:38.420000000,0.0665868500560513,-0.1610761867677919,0.984693177317666
2025-09-10 11:27:38.430000128,0.0673956788898626,-0.1548288683005447,0.9856398145406604
2025-09-10 11:27:38.440000000,0.0662684814831321,-0.1569624866311855,0.9853787424906602
2025-09-10 11:27:38.449999872,0.063514286514805,-0.1611109904872329,0.9848904427157054
2025-09-10 11:27:38.460000000,0.0631421396138241,-0.1581262042433122,0.9853979773353458
2025-09-10 11:27:38.470000128,0.0628129104335519,-0.1540006727295444,0.9860721733634484
2025-09-10 11:27:38.480000000,0.0625212206110165,-0.1534011641957757,0.9861841510573416
2025-09-10 11:27:38.489999872,0.0633822035514226,-0.1553629646071861,0.9858220151231316
2025-09-10 11:27:38.500000000,0.0630105104984714,-0.1604796176194876,0.985025871688366
2025-09-10 11:27:38.510000128,0.0618951979957194,-0.1590832496018838,0.9853230455851398
2025-09-10 11:27:38.520000000,0.0605790322335001,-0.1609444660754107,0.9851025630325776
2025-09-10 11:27:38.529999872,0.0588527646921558,-0.1640876401458161,0.9846885794196392
2025-09-10 11:27:38.540000000,0.0541561676176667,-0.1645415757387027,0.984882317519404
2025-09-10 11:27:38.550000128,0.0527550517037948,-0.1678461491308789,0.984400616995776
2025-09-10 11:27:38.560000000,0.0555443452145202,-0.1689518897172311,0.9840579681480492
2025-09-10 11:27:38.570000128,0.0549221162844617,-0.1654177783029327,0.9846931094326588
2025-09-10 11:27:38.580000000,0.0547909818212873,-0.1681925353390325,0.9842302674513153
2025-09-10 11:27:38.590000128,0.0570326382202576,-0.1710857127635081,0.9836040651938358
2025-09-10 11:27:38.600000000,0.0551256281215479,-0.1694666719139796,0.9839929939967076
2025-09-10 11:27:38.609999872,0.0553968939551547,-0.1690165878930466,0.9840551697730742
2025-09-10 11:27:38.620000000,0.052522290929051,-0.1655472920006138,0.984802265973646
2025-09-10 11:27:38.630000128,0.0511609659406285,-0.1623901388763789,0.985399410574074
2025-09-10 11:27:38.640000000,0.0527756668276446,-0.1620945450985295,0.9853629216893632
2025-09-10 11:27:38.649999872,0.0532270667129882,-0.1664530479392884,0.9846117316997864
2025-09-10 11:27:38.660000000,0.0533688984345504,-0.1668344326012595,0.984539502904022
2025-09-10 11:27:38.670000128,0.0550718095645239,-0.1631499870169769,0.98506303226121
2025-09-10 11:27:38.680000000,0.0512714741987928,-0.1630740601813344,0.985280714735378
2025-09-10 11:27:38.689999872,0.0506099106150242,-0.1657521158361544,0.9848679470078096
2025-09-10 11:27:38.700000000,0.0504552789007273,-0.1640764456991632,0.9851564265626954
2025-09-10 11:27:38.710000128,0.0500006507267554,-0.1659176722398807,0.984871190037256
2025-09-10 11:27:38.720000000,0.0498411011191105,-0.1661052393906772,0.9848476603445836
2025-09-10 11:27:38.729999872,0.0508474713832472,-0.164641103937284,0.9850420506497388
2025-09-10 11:27:38.740000000,0.0481157065454141,-0.1659472533022944,0.9849600945749324
2025-09-10 11:27:38.750000128,0.0465913762097178,-0.1666610915651056,0.9849128510793288
2025-09-10 11:27:38.760000000,0.0461835843472573,-0.167072018327859,0.984862435687693
2025-09-10 11:27:38.769999872,0.0496400608692296,-0.1628035798624048,0.9854089804446096
2025-09-10 11:27:38.780000000,0.0490629958258561,-0.1636852598831612,0.9852918136966196
2025-09-10 11:27:38.790000128,0.0486674664463901,-0.1684740842606205,0.98450391601163
2025-09-10 11:27:38.800000000,0.0493053607128127,-0.1688443497301245,0.984408739787082
2025-09-10 11:27:38.809999872,0.0495238258607867,-0.1695832031239031,0.9842707594408906
2025-09-10 11:27:38.820000000,0.0483643329559807,-0.1706679112672852,0.9841409225112964
2025-09-10 11:27:38.830000128,0.0489338894136758,-0.1696470573149567,0.9842892615543594
2025-09-10 11:27:38.840000000,0.0479540424299166,-0.1711813089504773,0.9840718313622392
2025-09-10 11:27:38.850000128,0.0483698780707234,-0.1715544173862429,0.9839865023315566
2025-09-10 11:27:38.860000000,0.0475167828360495,-0.1716385348021271,0.9840133986485604
2025-09-10 11:27:38.870000128,0.0451825356790509,-0.1717286760223356,0.9841076162195004
2025-09-10 11:27:38.880000000,0.0444553015882942,-0.1689739894144139,0.9846174470636154
2025-09-10 11:27:38.889999872,0.0457902588199792,-0.1707595957339943,0.9842481458768222
2025-09-10 11:27:38.900000000,0.0451681482379495,-0.1689439134047448,0.9845901647427951
2025-09-10 11:27:38.910000128,0.0451436548168419,-0.170146117575667,0.9843842487076402
2025-09-10 11:27:38.920000000,0.0465561880774837,-0.1709051450761008,0.9841869500954638
2025-09-10 11:27:38.929999872,0.0480739402326582,-0.1683293005934039,0.9845578412832036
2025-09-10 11:27:38.940000000,0.0460567811707266,-0.1674621390289048,0.9848021145895534
2025-09-10 11:27:38.950000128,0.0449576939080318,-0.1691197280032405,0.9845696132618464
2025-09-10 11:27:38.960000000,0.0451510890147976,-0.1645547581342501,0.9853340097328196
2025-09-10 11:27:38.969999872,0.0451114716518282,-0.1646916493785961,0.985312953203379
2025-09-10 11:27:38.980000000,0.0442963228692106,-0.1690484207041891,0.9846118358204344
2025-09-10 11:27:38.990000128,0.0420339315889591,-0.1678204464619031,0.9849210355883878
2025-09-10 11:27:39.000000000,0.0415775833531824,-0.1696861883063459,0.9846206894335364
2025-09-10 11:27:39.009999872,0.0432491669343976,-0.1710029763766399,0.9843208275911932
2025-09-10 11:27:39.020000000,0.0418399660164316,-0.1648612666792152,0.9854289319847822
2025-09-10 11:27:39.030000128,0.043060330394065,-0.164540412325526,0.9854299876998364
2025-09-10 11:27:39.040000000,0.0452587085522456,-0.1671930318195276,0.9848848356082944
2025-09-10 11:27:39.049999872,0.0457102385495428,-0.1689399515406023,0.9845658265779912
2025-09-10 11:27:39.060000000,0.0467191747783161,-0.167280187631672,0.9848018366828656
2025-09-10 11:27:39.070000128,0.0473341751308036,-0.1674301779898516,0.9847469783467088
2025-09-10 11:27:39.080000000,0.0468587457161813,-0.1656170175973529,0.985076271885616
2025-09-10 11:27:39.089999872,0.0455424394293928,-0.1638667978513189,0.98543064635355
2025-09-10 11:27:39.100000000,0.0433490925782619,-0.1650335524125505,0.985334858183113
2025-09-10 11:27:39.110000128,0.0457125126204513,-0.1685841143717265,0.9846267122983338
2025-09-10 11:27:39.120000000,0.0538840891719364,-0.1665267775757915,0.9845635262817396
2025-09-10 11:27:39.130000128,0.0534025548990256,-0.1648843489694869,0.9848661424758012
2025-09-10 11:27:39.140000000,0.054466042309864,-0.1652837286327474,0.9847409503439758
2025-09-10 11:27:39.150000128,0.0510650241700018,-0.1654252742995457,0.9848994070103998
2025-09-10 11:27:39.160000000,0.0495524892330374,-0.1671764790825216,0.984680951198093
2025-09-10 11:27:39.169999872,0.0481658264438296,-0.1701524977565335,0.984239899958438
2025-09-10 11:27:39.180000000,0.0474824948934436,-0.1687232761554636,0.9845191053311568
2025-09-10 11:27:39.190000128,0.0513912354094006,-0.168522059835335,0.984357280804054
2025-09-10 11:27:39.200000000,0.0519382903002956,-0.1728287779165335,0.9835815306951224
2025-09-10 11:27:39.209999872,0.0527596671096876,-0.1718337251952774,0.9837121471304444
2025-09-10 11:27:39.220000000,0.0523545980650775,-0.1689832679272684,0.98422743876711
2025-09-10 11:27:39.230000128,0.0524920431403693,-0.1682134226514658,0.9843519847325088
2025-09-10 11:27:39.240000000,0.0508319826042775,-0.1696803729589999,0.984187319861932
2025-09-10 11:27:39.249999872,0.0519573887138967,-0.1725058095506328,0.9836372173872407
2025-09-10 11:27:39.260000000,0.0508794830884939,-0.170574003684378,0.9840303793418828
2025-09-10 11:27:39.270000128,0.0491886505561415,-0.1694893032489697,0.9843037400826256
2025-09-10 11:27:39.280000000,0.0494874136779523,-0.1705225903569895,0.9841102794226922
2025-09-10 11:27:39.289999872,0.0509162384935669,-0.1741431552330847,0.9834031208731911
2025-09-10 11:27:39.300000000,0.0516462254424971,-0.174661469217299,0.9832731251124468
2025-09-10 11:27:39.310000128,0.0513763238861681,-0.171359051829495,0.9838681561571349
2025-09-10 11:27:39.320000000,0.0509964109606578,-0.1712120284112062,0.9839135162179916
2025-09-10 11:27:39.329999872,0.0518205549704549,-0.1697813452417729,0.9841183490264004
2025-09-10 11:27:39.340000000,0.0497183608108926,-0.1695543469490903,0.9842659234317448
2025-09-10 11:27:39.350000128,0.0502479861195951,-0.1701211283221125,0.9841412203486531
2025-09-10 11:27:39.360000000,0.0520199356377978,-0.1687015334431135,0.9842935125815782
2025-09-10 11:27:39.369999872,0.0519292667950775,-0.1685444928419503,0.9843252029602694
2025-09-10 11:27:39.380000000,0.0517410338153246,-0.1720687347531501,0.9837251729727016
2025-09-10 11:27:39.390000128,0.0505899496335299,-0.1733905871867414,0.9835529275392932
2025-09-10 11:27:39.400000000,0.0474968825684232,-0.178174658225203,0.9828518898148456
2025-09-10 11:27:39.409999872,0.0490587637166909,-0.1744064846870421,0.9834508710666224
2025-09-10 11:27:39.420000000,0.0496569224147487,-0.1780049296360992,0.9827758824276992
2025-09-10 11:27:39.430000128,0.0508462156954235,-0.1782972516245416,0.9826620743737846
2025-09-10 11:27:39.440000000,0.0501587581825574,-0.1780405173248705,0.9827439509700766
2025-09-10 11:27:39.449999872,0.0496619204328592,-0.1744563884328648,0.9834117460117516
2025-09-10 11:27:39.460000000,0.0524192876942411,-0.1741345440611874,0.9833256728277924
2025-09-10 11:27:39.470000128,0.053430477632128,-0.1764771117518913,0.9828535054054156
2025-09-10 11:27:39.480000000,0.0491485689454858,-0.1799091397017483,0.9824546399821152
2025-09-10 11:27:39.489999872,0.0489090151962969,-0.1806129513455718,0.982337452222387
2025-09-10 11:27:39.500000000,0.0491953363826542,-0.1810091694283484,0.9822502224286116
2025-09-10 11:27:39.510000128,0.0509709198092731,-0.1826136252460956,0.9818626325552242
2025-09-10 11:27:39.520000000,0.0526259561038651,-0.1834474517633925,0.9816198557413516
2025-09-10 11:27:39.529999872,0.0526647421608341,-0.1789473451555666,0.9824481017310316
2025-09-10 11:27:39.540000000,0.0513897281555436,-0.1800413479623018,0.9823157378684396
2025-09-10 11:27:39.550000128,0.0509137054042715,-0.188228015236766,0.9808047761313332
2025-09-10 11:27:39.560000000,0.0495766208175889,-0.1843701595240801,0.9816057268299604
2025-09-10 11:27:39.570000128,0.051870809786189,-0.186965487825578,0.9809960883990664
2025-09-10 11:27:39.580000000,0.0517250061250548,-0.1880212138699389,0.9808019916763208
2025-09-10 11:27:39.590000128,0.050175326282351,-0.1848403760019309,0.9814868679875064
2025-09-10 11:27:39.600000000,0.0513687483347122,-0.1875061433139042,0.9809193126420086
2025-09-10 11:27:39.609999872,0.049106225290273,-0.1907346957231876,0.9804125940057706
2025-09-10 11:27:39.620000000,0.0472266735464044,-0.186747640315639,0.981272113199128
2025-09-10 11:27:39.630000128,0.0502852829589059,-0.1889000582105586,0.9807079883052806
2025-09-10 11:27:39.640000000,0.0490614581954677,-0.1915900094704018,0.9802480510518068
2025-09-10 11:27:39.649999872,0.046648454055347,-0.188809193149443,0.9809051994543116
2025-09-10 11:27:39.660000000,0.0583570631499782,-0.1856419064361648,0.9808830387743768
2025-09-10 11:27:39.670000128,0.0821618422488679,-0.1966527339295312,0.9770246332187912
2025-09-10 11:27:39.680000000,0.0980234540334809,-0.2063840980804849,0.9735486667439132
2025-09-10 11:27:39.689999872,0.0992823454926179,-0.2054127386862632,0.9736265314066238
2025-09-10 11:27:39.700000000,0.0991097826866392,-0.2067789933704529,0.973354867906104
2025-09-10 11:27:39.710000128,0.0981710445479041,-0.206900149285787,0.9734242519261024
2025-09-10 11:27:39.720000000,0.1016671634359229,-0.2026890911765863,0.973951189843158
2025-09-10 11:27:39.729999872,0.101596358852326,-0.2001637259834915,0.9744807143645046
2025-09-10 11:27:39.740000000,0.0999785495047205,-0.1984553806284258,0.9749973084775972
2025-09-10 11:27:39.750000128,0.0989192337857883,-0.1980556436220281,0.9751866217379608
2025-09-10 11:27:39.760000000,0.0994330798537497,-0.2001163899144284,0.9747135441340776
2025-09-10 11:27:39.769999872,0.0998830481539923,-0.1985740249224976,0.9749829400135914
2025-09-10 11:27:39.780000000,0.0973353453300387,-0.1972927296290302,0.9755005942514892
2025-09-10 11:27:39.790000128,0.0971816263309537,-0.1966533765520662,0.9756450076715106
2025-09-10 11:27:39.800000000,0.0952610578679049,-0.1975373438374058,0.9756558453899355
2025-09-10 11:27:39.809999872,0.0920790649277465,-0.2003220620195739,0.9753935191861068
2025-09-10 11:27:39.820000000,0.0902185911951271,-0.1962445800883257,0.9763957551058502
2025-09-10 11:27:39.830000128,0.0876520359327015,-0.2021678242754405,0.975420571561102
2025-09-10 11:27:39.840000000,0.0745794037383391,-0.2071519646067626,0.9754619295993014
2025-09-10 11:27:39.850000128,0.0585967832933099,-0.2058481129465443,0.976828015253465
2025-09-10 11:27:39.860000000,0.0557793066121755,-0.202684791980573,0.9776541024583576
2025-09-10 11:27:39.870000128,0.0555632937769812,-0.2026149902197982,0.977680871308672
2025-09-10 11:27:39.880000000,0.0553696874198281,-0.2050340243056535,0.9771874163086932
2025-09-10 11:27:39.889999872,0.0524970744258223,-0.208666055195205,0.9765769476011614
2025-09-10 11:27:39.900000000,0.0512806868706622,-0.2161545174839363,0.975011546457456
2025-09-10 11:27:39.910000128,0.0480292228147689,-0.2141628604463634,0.9756164527934332
2025-09-10 11:27:39.920000000,0.0429297396199396,-0.2121121991181824,0.9763019268860492
2025-09-10 11:27:39.929999872,0.0397119089231445,-0.2141035156622928,0.97600340617783
2025-09-10 11:27:39.940000000,0.0398177230008533,-0.2131857942771158,0.976199962125313
2025-09-10 11:27:39.950000128,0.0388992146378691,-0.214061325830266,0.9760453882296384
2025-09-10 11:27:39.960000000,0.0371651067980968,-0.2165437379343628,0.9755652537878232
2025-09-10 11:27:39.969999872,0.033806005867754,-0.2165039720792551,0.9756962560352348
2025-09-10 11:27:39.980000000,0.0325409396525381,-0.2196025734933187,0.9750465614326534
2025-09-10 11:27:39.990000128,0.0274260697311658,-0.2176042024583579,0.9756516908054652
2025-09-10 11:27:40.000000000,0.0236079355063954,-0.2158005031128696,0.9761520415577476
2025-09-10 11:27:40.009999872,0.0226471928148132,-0.2169796442161903,0.9759133868604448
2025-09-10 11:27:40.020000000,0.0237876164394086,-0.2179905827791022,0.9756609324574592
2025-09-10 11:27:40.030000128,0.0224651852770678,-0.2176311213038076,0.9757725198479996
2025-09-10 11:27:40.040000000,0.0162653559534739,-0.2155797243428304,0.9763507672184092
2025-09-10 11:27:40.049999872,0.0210148462921517,-0.2149484964046912,0.9763992626629128
2025-09-10 11:27:40.060000000,0.0665390245471466,-0.2054370281789926,0.9764057484802606
2025-09-10 11:27:40.070000128,0.135548586865777,-0.1558474325675411,0.9784365888297496
2025-09-10 11:27:40.080000000,0.2133938059976456,-0.1237018398023181,0.9691031618931808
2025-09-10 11:27:40.089999872,0.2787677481360743,-0.1082354024264216,0.9542398232419002
2025-09-10 11:27:40.100000000,0.325261276435944,-0.1209211935596713,0.9378609529132584
2025-09-10 11:27:40.110000128,0.3351709827582299,-0.1313644442607807,0.9329543370931606
2025-09-10 11:27:40.120000000,0.3271176689098222,-0.1236603391207587,0.936857593882626
2025-09-10 11:27:40.130000128,0.3258802298144338,-0.1142090760270301,0.938487273631957
2025-09-10 11:27:40.140000000,0.3169485781629174,-0.1119678696806165,0.9418103816372432
2025-09-10 11:27:40.150000128,0.3127876603364339,-0.1146941272585801,0.9428728104647268
2025-09-10 11:27:40.160000000,0.3105861955558266,-0.1145857186737967,0.943613442149998
2025-09-10 11:27:40.169999872,0.3088371632627693,-0.1091423996446031,0.9448320185025608
2025-09-10 11:27:40.180000000,0.306603524354924,-0.1087835924721576,0.945600554601144
2025-09-10 11:27:40.190000128,0.3034402088676003,-0.1117556670775724,0.9462741201778868
2025-09-10 11:27:40.200000000,0.3031299944260744,-0.111854687328573,0.9463618416873512
2025-09-10 11:27:40.209999872,0.2981905176192395,-0.1084040163311453,0.9483306303422064
2025-09-10 11:27:40.220000000,0.293121020596203,-0.1065639880728481,0.9501179841107368
2025-09-10 11:27:40.230000128,0.2928591023310928,-0.1073364969575815,0.9501117947919084
2025-09-10 11:27:40.240000000,0.2844327365665991,-0.1081963920437435,0.9525710257602592
2025-09-10 11:27:40.249999872,0.2823065223440291,-0.1080950603636653,0.9532148159607025
2025-09-10 11:27:40.260000000,0.2804975045817434,-0.112805884616832,0.9532030121224064
2025-09-10 11:27:40.270000128,0.2809099649697089,-0.1185175542413363,0.952388146144926
2025-09-10 11:27:40.280000000,0.277367067056053,-0.1168303370550602,0.9536341974029268
2025-09-10 11:27:40.289999872,0.2695892761199442,-0.1090943286947937,0.9567758617606096
2025-09-10 11:27:40.300000000,0.2633459083245605,-0.108509673048106,0.9585794611943786
2025-09-10 11:27:40.310000128,0.2596619196705129,-0.1160811529058382,0.9586974775251448
2025-09-10 11:27:40.320000000,0.2519474062293502,-0.1246459551834273,0.959680097923633
2025-09-10 11:27:40.329999872,0.2536071360965974,-0.1259545216452722,0.9590718841661414
2025-09-10 11:27:40.340000000,0.2511407196586449,-0.1276860234688474,0.9594918542332972
2025-09-10 11:27:40.350000128,0.2441657588583849,-0.1344633426905779,0.960365915510117
2025-09-10 11:27:40.360000000,0.2363408156438498,-0.1421960010964725,0.9612092988173656
2025-09-10 11:27:40.369999872,0.2344000595649928,-0.1406716749451545,0.9619085673514154
2025-09-10 11:27:40.380000000,0.2578033067481731,-0.1462003330267014,0.955072205465424
2025-09-10 11:27:40.390000128,0.2749821620188383,-0.1483720564348385,0.9499318625252774
2025-09-10 11:27:40.400000000,0.273891731984703,-0.142557498019224,0.9511365195958562
2025-09-10 11:27:40.409999872,0.2716028854098451,-0.1430627556805048,0.9517168279347312
2025-09-10 11:27:40.420000000,0.2674275376630354,-0.1406271626517236,0.9532609890392092
2025-09-10 11:27:40.430000128,0.2641337018977288,-0.1444334799837904,0.9536101705527128
2025-09-10 11:27:40.440000000,0.2598731092142197,-0.1494832129682248,0.9540024822546482
2025-09-10 11:27:40.449999872,0.2568861809017498,-0.1542432437888849,0.9540537258494388
2025-09-10 11:27:40.460000000,0.2486653684331673,-0.1551775741822008,0.9560781636523892
2025-09-10 11:27:40.470000128,0.2373255777906442,-0.1519725165831195,0.9594690846138454
2025-09-10 11:27:40.480000000,0.2305655351587787,-0.1521552578623954,0.9610870467870088
2025-09-10 11:27:40.489999872,0.224738255170883,-0.153460275578569,0.9622591441405464
2025-09-10 11:27:40.500000000,0.221218158919858,-0.1563068059690325,0.9626165947935178
2025-09-10 11:27:40.510000128,0.2167899143755193,-0.160410610283637,0.9629488922749152
2025-09-10 11:27:40.520000000,0.2126798851361613,-0.1632289112551085,0.96339171108586
2025-09-10 11:27:40.529999872,0.2068117182049038,-0.1638641529484744,0.9645607562987488
2025-09-10 11:27:40.540000000,0.200694444540139,-0.1616817826137837,0.9662198202798132
2025-09-10 11:27:40.550000128,0.1985870150299175,-0.1510474578031858,0.9683738239712504
2025-09-10 11:27:40.560000000,0.1959128599230971,-0.14502762677657,0.969837686826156
2025-09-10 11:27:40.570000128,0.1944254898873892,-0.1462197170140602,0.969958000760021
2025-09-10 11:27:40.580000000,0.1910435195029962,-0.1518069329561634,0.9697716374293236
2025-09-10 11:27:40.590000128,0.188893833483454,-0.1515264926070235,0.9702364875174192
2025-09-10 11:27:40.600000000,0.1872638290130159,-0.1544668372217128,0.9700887869376208
2025-09-10 11:27:40.609999872,0.1835104246698601,-0.1560869370680395,0.9705466460269726
2025-09-10 11:27:40.620000000,0.1785230367137067,-0.1544118761679087,0.9717440495628584
2025-09-10 11:27:40.630000128,0.1786011224900407,-0.1592692386215611,0.9709453891307204
2025-09-10 11:27:40.640000000,0.1775026690482206,-0.1663073617954676,0.9699663210098532
2025-09-10 11:27:40.649999872,0.1699758270827901,-0.1653384600982633,0.9714789816665396
2025-09-10 11:27:40.660000000,0.1633382743130935,-0.1596194828686307,0.9735718919695512
2025-09-10 11:27:40.670000128,0.159847078705777,-0.1623930073933722,0.9736926735777388
2025-09-10 11:27:40.680000000,0.158788439558049,-0.1640520177727848,0.9735877808022232
2025-09-10 11:27:40.689999872,0.1562781349768007,-0.1582668561199147,0.9749506381258956
2025-09-10 11:27:40.700000000,0.1542083272074408,-0.1616127859156328,0.9747312959213276
2025-09-10 11:27:40.710000128,0.1489305255770031,-0.1620469395823375,0.97547961943003
2025-09-10 11:27:40.720000000,0.1452223549825361,-0.1574656540203452,0.97678812207012
2025-09-10 11:27:40.729999872,0.1455821976289149,-0.1534486461596357,0.9773736934895018
2025-09-10 11:27:40.740000000,0.1456646237607268,-0.1539983352585062,0.9772749511382428
2025-09-10 11:27:40.750000128,0.1440768450323012,-0.1562860635446684,0.9771471378800892
2025-09-10 11:27:40.760000000,0.1390141397256326,-0.1518714695829373,0.9785755595165154
2025-09-10 11:27:40.769999872,0.1421474370454448,-0.1502900988376369,0.97836955815928
2025-09-10 11:27:40.780000000,0.1429879071193117,-0.1498369745365249,0.9783165844855028
2025-09-10 11:27:40.790000128,0.1405592974908526,-0.1521927346514036,0.9783048887786492
2025-09-10 11:27:40.800000000,0.1412057234251734,-0.1559885870080009,0.9776136785025162
2025-09-10 11:27:40.809999872,0.140730116162633,-0.1553577595426149,0.9777826961829252
2025-09-10 11:27:40.820000000,0.139171421743843,-0.1531380245905272,0.9783557945830896
2025-09-10 11:27:40.830000128,0.1387124851307584,-0.1541147536075674,0.978267595900696
2025-09-10 11:27:40.840000000,0.1408472076984016,-0.156290035107646,0.9776172507733352
2025-09-10 11:27:40.850000128,0.1388750984078464,-0.1547690083985839,0.9781412275747966
2025-09-10 11:27:40.860000000,0.1403731453381868,-0.1532757058709783,0.9781625315138676
2025-09-10 11:27:40.870000128,0.1400824615098029,-0.1494162941333552,0.978801141716135
2025-09-10 11:27:40.880000000,0.1382816337378776,-0.1466341175164554,0.9794777309112004
2025-09-10 11:27:40.889999872,0.1405313283929141,-0.1533671560427985,0.9781254833544964
2025-09-10 11:27:40.900000000,0.1410720187414363,-0.1512178411913257,0.978382261712492
2025-09-10 11:27:40.910000128,0.1411154248921869,-0.1500143310060469,0.9785612588644136
2025-09-10 11:27:40.920000000,0.1411883921820119,-0.1503966899117763,0.978492040630193
2025-09-10 11:27:40.929999872,0.1412524842223503,-0.1567790532002873,0.9774804674154038
2025-09-10 11:27:40.940000000,0.1417062278987843,-0.15897557720657,0.977059932054598
2025-09-10 11:27:40.950000128,0.1430198800435792,-0.1615045099531931,0.9764535868012874
2025-09-10 11:27:40.960000000,0.1441639891815729,-0.1595077677286374,0.9766135449897684
2025-09-10 11:27:40.969999872,0.1470793222439166,-0.1577821077474288,0.9764591540064792
2025-09-10 11:27:40.980000000,0.1491730484471343,-0.1544067964641151,0.9766810855251976
2025-09-10 11:27:40.990000128,0.1481573222749788,-0.151545674312656,0.9772836417608916
2025-09-10 11:27:41.000000000,0.1491875227542252,-0.1542761947706117,0.9766995130445996
2025-09-10 11:27:41.009999872,0.1496767161480163,-0.1580945675730187,0.9760138258995342
2025-09-10 11:27:41.020000000,0.1484513953324714,-0.155967363572679,0.9765430685453818
2025-09-10 11:27:41.030000128,0.14942034119002,-0.1528252890899956,0.976892006648236
2025-09-10 11:27:41.040000000,0.1515268165964141,-0.1511979097896067,0.9768207696028022
2025-09-10 11:27:41.049999872,0.1529742238685545,-0.1534363601061686,0.9762459578554904
2025-09-10 11:27:41.060000000,0.1508667050164092,-0.1516381770931299,0.9768546977751424
2025-09-10 11:27:41.070000128,0.149285464922266,-0.148809689038257,0.9775323659149504
2025-09-10 11:27:41.080000000,0.1491503861494608,-0.1474833463000976,0.977753969501322
2025-09-10 11:27:41.089999872,0.1491685086873011,-0.1491123903423699,0.9775040926064664
2025-09-10 11:27:41.100000000,0.1477411039760807,-0.153951579129513,0.976970561214338
2025-09-10 11:27:41.110000128,0.1521838302132672,-0.15832144184762,0.9755892593058364
2025-09-10 11:27:41.120000000,0.1496421991683857,-0.1529139622712661,0.9768441699526856
2025-09-10 11:27:41.130000128,0.1509733894207037,-0.1495224838038921,0.9771642965867816
2025-09-10 11:27:41.140000000,0.1515880110300045,-0.1489560867218527,0.9771556473461528
2025-09-10 11:27:41.150000128,0.1502752322273266,-0.1488134299613108,0.977380129551534
2025-09-10 11:27:41.160000000,0.1536993769021364,-0.1468206172643881,0.9771490203065236
2025-09-10 11:27:41.169999872,0.1533895695852922,-0.1479617723575418,0.9770255645904328
2025-09-10 11:27:41.180000000,0.1541912080717712,-0.1495883880802115,0.9766516193120922
2025-09-10 11:27:41.190000128,0.1553372836710688,-0.1417961982185748,0.9776319176829552
2025-09-10 11:27:41.200000000,0.1543947426152674,-0.1402794357751047,0.9779999710385392
2025-09-10 11:27:41.209999872,0.1558854150199649,-0.1443201915767119,0.977175224658973
2025-09-10 11:27:41.220000000,0.1572050381281674,-0.1473525953472989,0.9765110284228932
2025-09-10 11:27:41.230000128,0.1576964488522362,-0.1469105853185641,0.9764983921854408
2025-09-10 11:27:41.240000000,0.1576804775956354,-0.1461303809692158,0.97661803113756
2025-09-10 11:27:41.249999872,0.1575159672084274,-0.1523671471411185,0.9756910230941302
2025-09-10 11:27:41.260000000,0.1552222658021114,-0.1518292669461733,0.976142367637962
2025-09-10 11:27:41.270000128,0.1542297297433883,-0.1448841155957581,0.9773544820132132
2025-09-10 11:27:41.280000000,0.1540583721481075,-0.1494125408387894,0.9766994986233852
2025-09-10 11:27:41.289999872,0.1553904607168389,-0.1475086389494874,0.9767778694019834
2025-09-10 11:27:41.300000000,0.1569299175391367,-0.1453816085586934,0.9768506481924688
2025-09-10 11:27:41.310000128,0.1574460691522958,-0.1459804710530049,0.9766782670765402
2025-09-10 11:27:41.320000000,0.1580266607686165,-0.1450048330894907,0.9767298361711952
2025-09-10 11:27:41.329999872,0.1570098104255841,-0.147813011852371,0.9764728531593968
2025-09-10 11:27:41.340000000,0.1566844537109981,-0.1474976740931118,0.9765727920141992
2025-09-10 11:27:41.350000128,0.1577156689674893,-0.1470758484423697,0.976470410492348
2025-09-10 11:27:41.360000000,0.1567809544511607,-0.1493409094673372,0.9762771251447264
2025-09-10 11:27:41.369999872,0.1555928309713197,-0.1436715352475105,0.9773174309864496
2025-09-10 11:27:41.380000000,0.1557732992139888,-0.1392968437478988,0.9779218110738008
2025-09-10 11:27:41.390000128,0.1594931317544212,-0.1444783216432652,0.9765694831901682
2025-09-10 11:27:41.400000000,0.1613585213067455,-0.1479551308846897,0.9757421313270196
2025-09-10 11:27:41.409999872,0.1597815068029877,-0.1448004432274057,0.9764746293298736
2025-09-10 11:27:41.420000000,0.1596483525792725,-0.14253494551553,0.9768296641818416
2025-09-10 11:27:41.430000128,0.1591004023782012,-0.1432152814794635,0.976819556066448
2025-09-10 11:27:41.440000000,0.1586178966152188,-0.1475452254974391,0.976253434977964
2025-09-10 11:27:41.449999872,0.1571037076096192,-0.1488433150665795,0.9763012304690096
2025-09-10 11:27:41.460000000,0.1583369464245861,-0.1491150817723101,0.9760605021129456
2025-09-10 11:27:41.470000128,0.1566891167963142,-0.1518136810866576,0.975910409265374
2025-09-10 11:27:41.480000000,0.1571587378811833,-0.1491277227687091,0.9762489710158022
2025-09-10 11:27:41.489999872,0.1570236503672699,-0.1462751470301624,0.9767021831585316
2025-09-10 11:27:41.500000000,0.1582339528668762,-0.1447850602018064,0.9767288787081514
2025-09-10 11:27:41.510000128,0.158057682644736,-0.1501808767493457,0.9759423513793088
2025-09-10 11:27:41.520000000,0.1565350790054409,-0.1448592571879614,0.9769915888316092
2025-09-10 11:27:41.529999872,0.1574383354662457,-0.1371868959963922,0.9779534375891792
2025-09-10 11:27:41.540000000,0.1602564893207468,-0.1422329556818267,0.9767741007769406
2025-09-10 11:27:41.550000128,0.1612796118256405,-0.1446980393441469,0.976243496377482
2025-09-10 11:27:41.560000000,0.1593708100912638,-0.1452078799202431,0.9764812422673173
2025-09-10 11:27:41.570000128,0.1584582956911278,-0.1458989320042166,0.9765267380705416
2025-09-10 11:27:41.580000000,0.1567113035329008,-0.1460307178494386,0.9767889213076676
2025-09-10 11:27:41.590000128,0.1566775332593092,-0.1483564972010568,0.9764438029451622
2025-09-10 11:27:41.600000000,0.1573060576637174,-0.1486408621622704,0.976299492122144
2025-09-10 11:27:41.609999872,0.1621333830655045,-0.1477174984396563,0.9756496844413288
2025-09-10 11:27:41.620000000,0.1609530767133517,-0.1468632741172769,0.9759740190251274
2025-09-10 11:27:41.630000128,0.1569014853150306,-0.144543671897567,0.9769795549653564
2025-09-10 11:27:41.640000000,0.1582429927643062,-0.1424927208383117,0.9770644706205884
2025-09-10 11:27:41.649999872,0.1602209837392432,-0.146995405562588,0.976074580712519
2025-09-10 11:27:41.660000000,0.1589200184252083,-0.1460501203613443,0.9764291014129846
2025-09-10 11:27:41.670000128,0.1586324085152618,-0.1493546084237987,0.975975901296349
2025-09-10 11:27:41.680000000,0.1589140908220574,-0.1473006600893085,0.97624219703691
2025-09-10 11:27:41.689999872,0.1590892182588866,-0.1473037440276518,0.9762132080796758
2025-09-10 11:27:41.700000000,0.1599837348915241,-0.1491501118206883,0.975786579490636
2025-09-10 11:27:41.710000128,0.1618000772666109,-0.1516879115991326,0.9750956427300926
2025-09-10 11:27:41.720000000,0.1613335608293121,-0.1541828929831002,0.974781574334218
2025-09-10 11:27:41.729999872,0.1635401333456836,-0.163453881956118,0.9729015640129024
2025-09-10 11:27:41.740000000,0.1682977974635038,-0.1773834884353265,0.9696447542267468
2025-09-10 11:27:41.750000128,0.1686069642753059,-0.1765897630519773,0.9697359162076612
2025-09-10 11:27:41.760000000,0.1705669682457545,-0.1749117637128364,0.9696972642316348
2025-09-10 11:27:41.769999872,0.1714781858441733,-0.1805292247054001,0.9685062884704768
2025-09-10 11:27:41.780000000,0.1717736615716713,-0.1823367648567054,0.9681152376508964
2025-09-10 11:27:41.790000128,0.1715938890232399,-0.1817629520285345,0.9682550110997374
2025-09-10 11:27:41.800000000,0.1691333609412356,-0.1832893830237108,0.968400179826248
2025-09-10 11:27:41.809999872,0.1686537665322723,-0.1813105334103633,0.9688562315993676
2025-09-10 11:27:41.820000000,0.1702763743223471,-0.1799648492700053,0.9688233117420638
2025-09-10 11:27:41.830000128,0.1701925171371228,-0.1841372282246564,0.9680537114707382
2025-09-10 11:27:41.840000000,0.1669276420772788,-0.1823818552500919,0.9689540862115472
2025-09-10 11:27:41.850000128,0.1632466975728439,-0.1817926453691885,0.969691677710618
2025-09-10 11:27:41.860000000,0.1625965607845212,-0.1884228320586776,0.9685345604468812
2025-09-10 11:27:41.870000128,0.1657326057749357,-0.1846279142747371,0.9687338316862946
2025-09-10 11:27:41.880000000,0.1650687502611771,-0.1842346214415877,0.9689220360532048
2025-09-10 11:27:41.889999872,0.1624282803712561,-0.1839940694390121,0.9694138621594538
2025-09-10 11:27:41.900000000,0.1637326451961527,-0.1842761324573981,0.9691408194393704
2025-09-10 11:27:41.910000128,0.1657685386371491,-0.1844560965277998,0.9687604141643232
2025-09-10 11:27:41.920000000,0.1645709427574262,-0.1831086518263702,0.969220112475108
2025-09-10 11:27:41.929999872,0.1636655290324311,-0.1838712444296895,0.9692290544955882
2025-09-10 11:27:41.940000000,0.1651958271315929,-0.1882991851986666,0.9681186681145174
2025-09-10 11:27:41.950000128,0.1652485677411376,-0.1873830445947382,0.9682874084991032
2025-09-10 11:27:41.960000000,0.1615247947163124,-0.1897215251509821,0.9684603675867374
2025-09-10 11:27:41.969999872,0.1594006599909937,-0.1936123588497043,0.9680421912784012
2025-09-10 11:27:41.980000000,0.1612037030596261,-0.1937163048231458,0.9677227698910108
2025-09-10 11:27:41.990000128,0.1642952233113351,-0.1904251654888978,0.9678560512522532
2025-09-10 11:27:42.000000000,0.1665340169787639,-0.1917456067222002,0.967212512063224
2025-09-10 11:27:42.009999872,0.1675157923028452,-0.191581522183351,0.9670754777612036
2025-09-10 11:27:42.020000000,0.1677803880820138,-0.1885137831322454,0.9676323139210564
2025-09-10 11:27:42.030000128,0.1691393128604848,-0.1866060438605535,0.9677655073620864
2025-09-10 11:27:42.040000000,0.1720282472494321,-0.18722563844134,0.9671364135728324
2025-09-10 11:27:42.049999872,0.1620228749912195,-0.1858788327941677,0.9691221014395748
2025-09-10 11:27:42.060000000,0.1513235817751464,-0.1874116919210204,0.970555527175051
2025-09-10 11:27:42.070000128,0.1527812249655945,-0.1891889532188883,0.9699821840002802
2025-09-10 11:27:42.080000000,0.1551033697375955,-0.1870351099542852,0.9700313460607504
2025-09-10 11:27:42.089999872,0.1560697630293221,-0.1854937137719227,0.9701723100661404
2025-09-10 11:27:42.100000000,0.1587096953017406,-0.1852498111217247,0.9697905650688678
2025-09-10 11:27:42.110000128,0.1565501012732423,-0.1860615381685593,0.969986169904338
2025-09-10 11:27:42.120000000,0.1576940781017519,-0.1878425940578311,0.9694574449604602
2025-09-10 11:27:42.130000128,0.1561233285634706,-0.1814249784035507,0.9709327904080354
2025-09-10 11:27:42.140000000,0.1533068793931207,-0.1812843275519799,0.971407737932311
2025-09-10 11:27:42.150000128,0.1503266499059455,-0.1804020503771886,0.9720375499679844
2025-09-10 11:27:42.160000000,0.1506665361163417,-0.1807819359948544,0.971914341139514
2025-09-10 11:27:42.169999872,0.1520584789487971,-0.1781471528350901,0.9721840416899102
2025-09-10 11:27:42.180000000,0.1523048530575738,-0.1789009599570371,0.972007036117312
2025-09-10 11:27:42.190000128,0.1590303885070184,-0.1871239577263766,0.9693781305435584
2025-09-10 11:27:42.200000000,0.1689650579285107,-0.18894435382314,0.9673421526830984
2025-09-10 11:27:42.209999872,0.1686772736555359,-0.1888833410337912,0.9674042902696102
2025-09-10 11:27:42.220000000,0.1663939929232805,-0.1916746067741043,0.9672506832445452
2025-09-10 11:27:42.230000128,0.1675024683576769,-0.1929328232168889,0.9668091067111676
2025-09-10 11:27:42.240000000,0.1686496687649684,-0.1885163622143603,0.9674806821859188
2025-09-10 11:27:42.249999872,0.1669930582197864,-0.1904577514904605,0.9673878040391046
2025-09-10 11:27:42.260000000,0.165704811725799,-0.1851072316159889,0.968647112303744
2025-09-10 11:27:42.270000128,0.1660002158196354,-0.1801879298336368,0.9695237172396058
2025-09-10 11:27:42.280000000,0.1642394919531849,-0.1792280095891134,0.9700013968349142
2025-09-10 11:27:42.289999872,0.164273577547006,-0.1808894474274023,0.9696871658062288
2025-09-10 11:27:42.300000000,0.1643722845392063,-0.1803439870430403,0.96977203424969
2025-09-10 11:27:42.310000128,0.1639687552555095,-0.1822150415477577,0.9694905496876736
2025-09-10 11:27:42.320000000,0.1606808431011401,-0.1848541041317094,0.969541451845134
2025-09-10 11:27:42.329999872,0.1647991026471456,-0.1881487577647349,0.9682155238986218
2025-09-10 11:27:42.340000000,0.1549769300723248,-0.1805924686357991,0.9712715950841894
2025-09-10 11:27:42.350000128,0.1326449063883491,-0.1801857756082471,0.9746478415703184
2025-09-10 11:27:42.360000000,0.1327083984928418,-0.1815862686575363,0.9743792423920464
2025-09-10 11:27:42.369999872,0.1351339303224246,-0.180384621295492,0.9742690641068802
2025-09-10 11:27:42.380000000,0.1366972362879816,-0.175687043268971,0.9749091898318706
2025-09-10 11:27:42.390000128,0.1342121167726136,-0.1767491709929031,0.9750624791595336
2025-09-10 11:27:42.400000000,0.1341145264108401,-0.1812005955000866,0.9742585067609162
2025-09-10 11:27:42.409999872,0.1376675026012547,-0.176902701310134,0.97455276562981
2025-09-10 11:27:42.420000000,0.1377048367605588,-0.1751851269739965,0.9748577071654368
2025-09-10 11:27:42.430000128,0.1368121731565215,-0.1749862917390882,0.975019090571868
2025-09-10 11:27:42.440000000,0.1370945780735316,-0.176123233850713,0.9747746832785552
2025-09-10 11:27:42.449999872,0.1370178886031804,-0.174507269953248,0.9750760539240982
2025-09-10 11:27:42.460000000,0.1390536472393631,-0.1755344520219947,0.9746033754008696
2025-09-10 11:27:42.470000128,0.1392256326771207,-0.1737124890595297,0.9749052232655224
2025-09-10 11:27:42.480000000,0.1361842994352471,-0.1765871729372602,0.9748183456118156
2025-09-10 11:27:42.489999872,0.1373609496861372,-0.1791468387762707,0.9741860087569476
2025-09-10 11:27:42.500000000,0.1351088035547903,-0.181703107348266,0.9740275108958564
2025-09-10 11:27:42.510000128,0.1360988927926555,-0.1824368813369596,0.9737524714775606
2025-09-10 11:27:42.520000000,0.1427711422098318,-0.1914707980492915,0.9710588728014732
2025-09-10 11:27:42.529999872,0.1406613776386748,-0.1944500221782686,0.9707747244936188
2025-09-10 11:27:42.540000000,0.138345471203584,-0.1941200413505925,0.9711734861205296
2025-09-10 11:27:42.550000128,0.1385957156325456,-0.194736913161427,0.9710142956005652
2025-09-10 11:27:42.560000000,0.1394614101427247,-0.1975130643733672,0.970329379377356
2025-09-10 11:27:42.570000128,0.1389658438995747,-0.2046298687212398,0.9689247189830628
2025-09-10 11:27:42.580000000,0.1382484717786237,-0.2107261956980874,0.9677199132483978
2025-09-10 11:27:42.590000128,0.1355186511943328,-0.2149744475509807,0.9671714853523234
2025-09-10 11:27:42.600000000,0.1371187590509251,-0.2241904519420114,0.9648508108378056
2025-09-10 11:27:42.609999872,0.1388452868994978,-0.2327106496229421,0.9625838871796392
2025-09-10 11:27:42.620000000,0.1416737258655074,-0.2494553860823035,0.9579668917837996
2025-09-10 11:27:42.630000128,0.139857930410094,-0.2613438777958958,0.9550597556383628
2025-09-10 11:27:42.640000000,0.1421436227715654,-0.2544170850464592,0.9565914160924912
2025-09-10 11:27:42.649999872,0.1422338443695526,-0.2449532344066217,0.9590450700929508
2025-09-10 11:27:42.660000000,0.1409285659691952,-0.2465308805957316,0.9588334913876128
2025-09-10 11:27:42.670000128,0.1418156333640762,-0.2569731595272198,0.9559566524775818
2025-09-10 11:27:42.680000000,0.1445898244075593,-0.2622763302414301,0.9540990039156731
2025-09-10 11:27:42.689999872,0.1434215129442907,-0.2637338790359506,0.9538735297058104
2025-09-10 11:27:42.700000000,0.1493127962756238,-0.2628356281428343,0.9532172477704732
2025-09-10 11:27:42.710000128,0.1478198169940154,-0.2694510672329669,0.9516015048700118
2025-09-10 11:27:42.720000000,0.1447338710311702,-0.2743446187534282,0.9506771990204502
2025-09-10 11:27:42.729999872,0.1495288788510823,-0.2711113388598215,0.9508626379930876
2025-09-10 11:27:42.740000000,0.1456961183372255,-0.2773879900500045,0.9496465363899792
2025-09-10 11:27:42.750000128,0.1431998846837794,-0.2818680184215923,0.9487066001760698
2025-09-10 11:27:42.760000000,0.136895514913917,-0.3061036574373564,0.942104117865922
2025-09-10 11:27:42.769999872,0.1409763655442726,-0.3003420571685195,0.9433558782631872
2025-09-10 11:27:42.780000000,0.1402352911929077,-0.2664562446112437,0.9535906526448932
2025-09-10 11:27:42.790000128,0.1419605358025202,-0.2612170827802312,0.9547841860538157
2025-09-10 11:27:42.800000000,0.1456000621278194,-0.25154158010255,0.9568319891119276
2025-09-10 11:27:42.809999872,0.1553644754296241,-0.2597000207829263,0.9531095314704524
2025-09-10 11:27:42.820000000,0.1615255853273898,-0.2828304289237213,0.9454715404280916
2025-09-10 11:27:42.830000128,0.1524132396764332,-0.2870095624572776,0.9457249681749004
2025-09-10 11:27:42.840000000,0.1503997996286389,-0.2850671872383876,0.94663435339716
2025-09-10 11:27:42.850000128,0.1482000426966617,-0.2860534142541243,0.946683786455787
2025-09-10 11:27:42.860000000,0.1454149461736704,-0.2792412075995562,0.94914637512222
2025-09-10 11:27:42.870000128,0.1488546030282529,-0.2402013952911986,0.9592421992684969
2025-09-10 11:27:42.880000000,0.151314923865977,-0.226459164272762,0.9621954275158016
2025-09-10 11:27:42.889999872,0.147673539418053,-0.2405795975190602,0.9593299656600496
2025-09-10 11:27:42.900000000,0.1505469732954963,-0.2496434170269417,0.9565635228079092
2025-09-10 11:27:42.910000128,0.14962557698785,-0.2543182018640914,0.9554760273872224
2025-09-10 11:27:42.920000000,0.1485409465821155,-0.2643659290472941,0.9529146041211932
2025-09-10 11:27:42.929999872,0.1402168752038229,-0.2717379559693961,0.9521017336365112
2025-09-10 11:27:42.940000000,0.1460386707112812,-0.2645601489592718,0.9532474150185408
2025-09-10 11:27:42.950000128,0.1493737210384052,-0.2490904721950252,0.9568915445988644
2025-09-10 11:27:42.960000000,0.1462612641301107,-0.2362799966758942,0.9606140774452046
2025-09-10 11:27:42.969999872,0.1410910717429979,-0.2571798769861105,0.9560082742046856
2025-09-10 11:27:42.980000000,0.1380071583700212,-0.2601650314557605,0.9556506582670548
2025-09-10 11:27:42.990000128,0.1408357409269911,-0.2655721035880369,0.9537487886615484
2025-09-10 11:27:43.000000000,0.1554634413550261,-0.2642278460277864,0.951848078101526
2025-09-10 11:27:43.009999872,0.1486016178655817,-0.2497261615865812,0.9568460708948772
2025-09-10 11:27:43.020000000,0.1452568670200389,-0.2648577695768838,0.9532842201978804
2025-09-10 11:27:43.030000128,0.1424070672033781,-0.2577800950913821,0.955651426925744
2025-09-10 11:27:43.040000000,0.1349307913783894,-0.2489733295999906,0.9590651503865084
2025-09-10 11:27:43.049999872,0.1379305158256697,-0.2602303615067791,0.9556439356549676
2025-09-10 11:27:43.060000000,0.1341126819920298,-0.269961416900614,0.9534855121678136
2025-09-10 11:27:43.070000128,0.1333536600358779,-0.2775655686413966,0.9514064097218464
2025-09-10 11:27:43.080000000,0.1384434619601247,-0.2745661889849465,0.9515496916644858
2025-09-10 11:27:43.089999872,0.1427768591518669,-0.2667819475152766,0.953122322144794
2025-09-10 11:27:43.100000000,0.1386278816530896,-0.268299241751815,0.9533088834705036
2025-09-10 11:27:43.110000128,0.1322892417200045,-0.2713922652750638,0.953334041600328
2025-09-10 11:27:43.120000000,0.1347423676546447,-0.2676763342732683,0.954040813817127
2025-09-10 11:27:43.130000128,0.1253698353257417,-0.2816417705041397,0.9512940226332184
2025-09-10 11:27:43.140000000,0.1283601393014901,-0.2922897400022411,0.947676306830515
2025-09-10 11:27:43.150000128,0.131674374101097,-0.2755608230265214,0.9522227113538252
2025-09-10 11:27:43.160000000,0.1317820442224853,-0.2768293896631935,0.951839787905111
2025-09-10 11:27:43.169999872,0.1361925766984611,-0.2770210811153333,0.9511629212022122
2025-09-10 11:27:43.180000000,0.1238062788547565,-0.2898405282651038,0.9490334417138018
2025-09-10 11:27:43.190000128,0.1265928534435852,-0.2796556673498581,0.9517178978962816
2025-09-10 11:27:43.200000000,0.1293103620068821,-0.2847967005705493,0.9498261259945306
2025-09-10 11:27:43.209999872,0.123028168859016,-0.2925271943759784,0.948310028533768
2025-09-10 11:27:43.220000000,0.1166243118952438,-0.2749087789614463,0.9543709620084256
2025-09-10 11:27:43.230000128,0.1266234577221731,-0.2655161675910728,0.955755023372742
2025-09-10 11:27:43.240000000,0.1351338820206229,-0.2619213076897796,0.9555815310626888
2025-09-10 11:27:43.249999872,0.1315955808814226,-0.2665312124498585,0.9548003539392356
2025-09-10 11:27:43.260000000,0.1307589284711348,-0.2657195549523277,0.9551414663498898
2025-09-10 11:27:43.270000128,0.1296541479997473,-0.2619221277423019,0.9563402119044272
2025-09-10 11:27:43.280000000,0.1256693017278314,-0.2477589548536072,0.9606366258336644
2025-09-10 11:27:43.289999872,0.1288298064785734,-0.2538278483719269,0.9586314747355064
2025-09-10 11:27:43.300000000,0.1275838691057772,-0.2497800025192145,0.9598605662727796
2025-09-10 11:27:43.310000128,0.1387489733160872,-0.2510224025026168,0.9579856344672116
2025-09-10 11:27:43.320000000,0.1590674295015496,-0.2748827167875356,0.9482283716928496
2025-09-10 11:27:43.329999872,0.1593385658271799,-0.2799298573589679,0.9467050736101108
2025-09-10 11:27:43.340000000,0.1616098023064064,-0.2698310578590693,0.9492488988738096
2025-09-10 11:27:43.350000128,0.1607222054895618,-0.2713487954140576,0.9489669140122384
2025-09-10 11:27:43.360000000,0.1544467893090489,-0.2723564494142867,0.9497200396614623
2025-09-10 11:27:43.369999872,0.1551845913179335,-0.2669593099942147,0.9511311525888
2025-09-10 11:27:43.380000000,0.1581383790811641,-0.2644807336335052,0.951337056252023
2025-09-10 11:27:43.390000128,0.1578970291462434,-0.2709354966817151,0.9495591002273756
2025-09-10 11:27:43.400000000,0.1595185361610242,-0.2676555882297466,0.9502180395627272
2025-09-10 11:27:43.409999872,0.1634695583247939,-0.2607858708986191,0.9514559543356412
2025-09-10 11:27:43.420000000,0.1623254514880653,-0.2684072973615303,0.9495303947332464
2025-09-10 11:27:43.430000128,0.1627543640940791,-0.2670976235223444,0.9498262348856488
2025-09-10 11:27:43.440000000,0.1626533742434185,-0.2645015910341707,0.950569717689146
2025-09-10 11:27:43.449999872,0.1629340858664443,-0.2593820723086228,0.95193141781735
2025-09-10 11:27:43.460000000,0.1645622752265929,-0.2546375967322594,0.952931766656284
2025-09-10 11:27:43.470000128,0.1613600059785186,-0.2540884433047977,0.9536257187437622
2025-09-10 11:27:43.480000000,0.1629720849390291,-0.256663044796454,0.9526616298384436
2025-09-10 11:27:43.489999872,0.1662388568554889,-0.2601691494823152,0.9511449185739412
2025-09-10 11:27:43.500000000,0.1651679741991533,-0.2597084559262162,0.9514573338933116
2025-09-10 11:27:43.510000128,0.1654061862839992,-0.2571852943292887,0.9521011069837804
2025-09-10 11:27:43.520000000,0.1652282559300914,-0.255491791801622,0.952587826798294
2025-09-10 11:27:43.529999872,0.1664508931914903,-0.2498391400131542,0.9538734215152672
2025-09-10 11:27:43.540000000,0.163726421160593,-0.2531881343649915,0.953461812360998
2025-09-10 11:27:43.550000128,0.1645211121798083,-0.2553774101536133,0.9527408787442428
2025-09-10 11:27:43.560000000,0.163305620980872,-0.2554310592453282,0.9529355949532274
2025-09-10 11:27:43.570000128,0.1627679377343469,-0.2534528165663889,0.953555592621779
2025-09-10 11:27:43.580000000,0.161126099650787,-0.2502466886614148,0.9546805616672634
2025-09-10 11:27:43.590000128,0.1586795843613696,-0.2508399540390307,0.954934608737478
2025-09-10 11:27:43.600000000,0.1594031059819111,-0.2526505025044464,0.9543366142968476
2025-09-10 11:27:43.609999872,0.1587328836984091,-0.2550174105426386,0.9538186368240636
2025-09-10 11:27:43.620000000,0.1581747135107183,-0.2523803857052346,0.9546124349269076
2025-09-10 11:27:43.630000128,0.1571968215504682,-0.253669913037543,0.9544321529129012
2025-09-10 11:27:43.640000000,0.1577899312682729,-0.2535152950922491,0.9543753626035428
2025-09-10 11:27:43.649999872,0.159921711704814,-0.2508646495390496,0.9547208878709276
2025-09-10 11:27:43.660000000,0.161485797318799,-0.2482186632081343,0.955149115321518
2025-09-10 11:27:43.670000128,0.163364984414767,-0.2486740681653899,0.9547109979932348
2025-09-10 11:27:43.680000000,0.1658609893756384,-0.2477186187310359,0.9545290032981304
2025-09-10 11:27:43.689999872,0.1693230221254665,-0.2493340950976078,0.9534999859465944
2025-09-10 11:27:43.700000000,0.1676893827236251,-0.2485346450678278,0.9539972752176908
2025-09-10 11:27:43.710000128,0.1671842131535245,-0.2473509028067345,0.9543935088593856
2025-09-10 11:27:43.720000000,0.1672215712545287,-0.2443469812640013,0.9551604571245276
2025-09-10 11:27:43.729999872,0.1656711282009949,-0.2495236840034524,0.9540917190721
2025-09-10 11:27:43.740000000,0.1680819787416115,-0.2494474262898312,0.9536899023999802
2025-09-10 11:27:43.750000128,0.1708402966681264,-0.244492422269955,0.954482607744592
2025-09-10 11:27:43.760000000,0.1691915445132963,-0.2411223049046711,0.9556329082564416
2025-09-10 11:27:43.769999872,0.1673992290360856,-0.24453117273838,0.9550821973407928
2025-09-10 11:27:43.780000000,0.1681746701564229,-0.247565340361598,0.9541638656800124
2025-09-10 11:27:43.790000128,0.1656121658940643,-0.2445820248165285,0.9553806799619324
2025-09-10 11:27:43.800000000,0.1664338544639361,-0.2447590248374595,0.9551925417678332
2025-09-10 11:27:43.809999872,0.1687456290356962,-0.2426838195192014,0.9553164273814824
2025-09-10 11:27:43.820000000,0.1695726615431509,-0.239894722617227,0.955874277568748
2025-09-10 11:27:43.830000128,0.169393039454889,-0.2422630545945983,0.95530864675388
2025-09-10 11:27:43.840000000,0.1671391839251186,-0.239426579405403,0.9564200992613412
2025-09-10 11:27:43.850000128,0.1674837306991839,-0.2369955199591696,0.9569651631435524
2025-09-10 11:27:43.860000000,0.1695175895018256,-0.2366706364983144,0.9566874080225856
2025-09-10 11:27:43.870000128,0.1682576319988747,-0.234230019803225,0.9575101394226132
2025-09-10 11:27:43.880000000,0.1709134772792023,-0.2342533343202366,0.957033938083798
2025-09-10 11:27:43.889999872,0.1721517842298008,-0.233126139009995,0.9570872303488271
2025-09-10 11:27:43.900000000,0.1689747183896889,-0.2322491148130902,0.9578663232485322
2025-09-10 11:27:43.910000128,0.1695109401831599,-0.2323714374084718,0.9577419048130564
2025-09-10 11:27:43.920000000,0.1698802507543326,-0.2340593258550279,0.9572653406365108
2025-09-10 11:27:43.929999872,0.1687323833756272,-0.2284482423169087,0.9588226026657356
2025-09-10 11:27:43.940000000,0.1696644204003421,-0.2355487378853428,0.9569382302587968
2025-09-10 11:27:43.950000128,0.1704832388397099,-0.2375930154479152,0.9562871034815272
2025-09-10 11:27:43.960000000,0.1719244155146637,-0.2359718273795168,0.9564304951396692
2025-09-10 11:27:43.969999872,0.1745094635908218,-0.2367147459433286,0.9557785183661688
2025-09-10 11:27:43.980000000,0.1763982912536756,-0.2352589778806839,0.9557912199687332
2025-09-10 11:27:43.990000128,0.178808868284926,-0.2331632699468627,0.955856829326626
2025-09-10 11:27:44.000000000,0.1765534026748854,-0.2331356224759999,0.9562827393279918
2025-09-10 11:27:44.009999872,0.1732197940829258,-0.2307237895849389,0.957476598072994
2025-09-10 11:27:44.020000000,0.173156179964025,-0.2319234081109941,0.9571982397134082
2025-09-10 11:27:44.030000128,0.1750809772619542,-0.2300358390086473,0.9573035903894788
2025-09-10 11:27:44.040000000,0.1764819413787833,-0.2271845873561078,0.9577271467568468
2025-09-10 11:27:44.049999872,0.1744109881298919,-0.2294337482238932,0.9575703433145212
2025-09-10 11:27:44.060000000,0.1748957739608939,-0.2299732206881344,0.9573524878627238
2025-09-10 11:27:44.070000128,0.1745749717477528,-0.2289537399589681,0.9576553472925804
2025-09-10 11:27:44.080000000,0.1746344061152645,-0.2284104640931878,0.9577742344067852
2025-09-10 11:27:44.089999872,0.1784559030677373,-0.2272687702645706,0.9573413167322866
2025-09-10 11:27:44.100000000,0.1766613090471976,-0.2318467700980621,0.9565761114939192
2025-09-10 11:27:44.110000128,0.1775672651731605,-0.2335161320057035,0.9560021351608056
2025-09-10 11:27:44.120000000,0.1771687361752126,-0.2332114452783142,0.9561504383271902
2025-09-10 11:27:44.130000128,0.1776982605652712,-0.2313067246966132,0.9565147815387915
2025-09-10 11:27:44.140000000,0.1753770696642591,-0.2324639384583586,0.956662636853978
2025-09-10 11:27:44.150000128,0.177591960928601,-0.2325239982601336,0.9562393453768024
2025-09-10 11:27:44.160000000,0.178291018817868,-0.2287570816182254,0.9570175077909492
2025-09-10 11:27:44.169999872,0.1755981541428057,-0.2258941698913864,0.9581947152174872
2025-09-10 11:27:44.180000000,0.1768170326750484,-0.2259706852092196,0.9579524969339904
2025-09-10 11:27:44.190000128,0.1771377735013303,-0.2291477963000446,0.9571381805412552
2025-09-10 11:27:44.200000000,0.1761861255570582,-0.2295447139461343,0.9572187176714524
2025-09-10 11:27:44.209999872,0.1754215207520071,-0.2313701246488973,0.9569196180855564
2025-09-10 11:27:44.220000000,0.1799936422256882,-0.229323513215982,0.9565631265340572
2025-09-10 11:27:44.230000128,0.1796447973386358,-0.2286286741543144,0.95679500215229
2025-09-10 11:27:44.240000000,0.1802574390307031,-0.2319407962854643,0.9558821698789852
2025-09-10 11:27:44.249999872,0.1811974995295876,-0.2320303082043434,0.955682689096555
2025-09-10 11:27:44.260000000,0.1783609575356135,-0.2337095896577347,0.955807091692143
2025-09-10 11:27:44.270000128,0.1803534780157649,-0.2346038081379582,0.95521394261955
2025-09-10 11:27:44.280000000,0.1801699873900063,-0.234768734917194,0.9552080489345058
2025-09-10 11:27:44.289999872,0.1802208064017383,-0.2352639598120977,0.9550766095729908
2025-09-10 11:27:44.300000000,0.1785153482819418,-0.2377905995319686,0.9547711250357356
2025-09-10 11:27:44.310000128,0.1795916430680242,-0.235988103822885,0.9550164692790416
2025-09-10 11:27:44.320000000,0.1807725072978283,-0.2353340395031333,0.9549550724805824
2025-09-10 11:27:44.329999872,0.180216701346458,-0.2411055323693174,0.9536194538791192
2025-09-10 11:27:44.340000000,0.1791449773433407,-0.2415436775289134,0.9537105058341668
2025-09-10 11:27:44.350000128,0.1791974654126696,-0.2426128451080398,0.9534292190709583
2025-09-10 11:27:44.360000000,0.1825357346436369,-0.2414541911311063,0.9530900162961162
2025-09-10 11:27:44.369999872,0.1865715836654056,-0.2399580308929564,0.9526863007194748
2025-09-10 11:27:44.380000000,0.1797580975813193,-0.2362910561470778,0.9549102382626566
2025-09-10 11:27:44.390000128,0.1370568979214429,-0.2628265358211289,0.9550589609026324
2025-09-10 11:27:44.400000000,0.0820912323348615,-0.3022626521243369,0.9496832728360052
2025-09-10 11:27:44.409999872,0.0392090983402026,-0.3070656317488202,0.9508802997254946
2025-09-10 11:27:44.420000000,0.0157440776060445,-0.3093378050305537,0.9508218794281156
2025-09-10 11:27:44.430000128,0.0143961530698203,-0.3141420210616406,0.9492668441382004
2025-09-10 11:27:44.440000000,0.0158568388410155,-0.3060604789038335,0.95188000499807
2025-09-10 11:27:44.449999872,0.0152034419494497,-0.302061455954896,0.9531672110282108
2025-09-10 11:27:44.460000000,0.0162619403189356,-0.302626663633081,0.952970435929349
2025-09-10 11:27:44.470000128,0.0160605557104878,-0.304770475895488,0.952290405061769
2025-09-10 11:27:44.480000000,0.0156153086855661,-0.301316880828341,0.953396192284474
2025-09-10 11:27:44.489999872,0.01697924470527,-0.3005575931256318,0.9536125200854726
2025-09-10 11:27:44.500000000,0.015411712688083,-0.3020114990790102,0.9531796963511492
2025-09-10 11:27:44.510000128,0.0157194988315761,-0.3050532283784731,0.9522055582763396
2025-09-10 11:27:44.520000000,0.0172527095208294,-0.307932274120027,0.9512518376168628
2025-09-10 11:27:44.529999872,0.0183778620633361,-0.3055093705826539,0.9520117009113764
2025-09-10 11:27:44.540000000,0.0180537203822963,-0.3030966252425016,0.952788800808954
2025-09-10 11:27:44.550000128,0.0222389632164157,-0.3004873164079109,0.953526507860705
2025-09-10 11:27:44.560000000,0.0165699464407724,-0.312251171016553,0.9498550642459834
2025-09-10 11:27:44.570000128,0.006665715344198,-0.3927602626707798,0.9196167377259564
2025-09-10 11:27:44.580000000,0.0224536559193205,-0.446666591872789,0.8944186877746932
2025-09-10 11:27:44.590000128,0.0251593511738435,-0.4592214790875703,0.8879654498870638
2025-09-10 11:27:44.600000000,0.0134739936336019,-0.5045093477699388,0.863301088559671
2025-09-10 11:27:44.609999872,0.0135801532042524,-0.5233661555270034,0.8519996752862256
2025-09-10 11:27:44.620000000,0.0143534047145604,-0.5177428450549019,0.855415879071435
2025-09-10 11:27:44.630000128,0.0158733157899062,-0.51188725879822,0.8589059739726336
2025-09-10 11:27:44.640000000,0.0150269610254107,-0.5080363686561584,0.8612045277197542
2025-09-10 11:27:44.649999872,0.0187885174669762,-0.5028424054670194,0.864173886943788
2025-09-10 11:27:44.660000000,0.0212271775529426,-0.4993865594825782,0.8661192014620673
2025-09-10 11:27:44.670000128,0.021468674328887,-0.5001657858962575,0.8656634927275952
2025-09-10 11:27:44.680000000,0.024324116433265,-0.494655118091491,0.8687489001464314
2025-09-10 11:27:44.689999872,0.0267549700505745,-0.4903666251603079,0.8711054726647531
2025-09-10 11:27:44.700000000,0.0253427950841682,-0.4905008912103571,0.8710721086449544
2025-09-10 11:27:44.710000128,0.0250571161532592,-0.4905981555444487,0.8710255970443505
2025-09-10 11:27:44.720000000,-0.0115681569730485,-0.5253139302176671,0.8508298610553787
2025-09-10 11:27:44.729999872,-0.0705525523327198,-0.5660439967012874,0.8213504313980556
2025-09-10 11:27:44.740000000,-0.0992841979698128,-0.5632990872406828,0.8202662899006059
2025-09-10 11:27:44.750000128,-0.096270231900549,-0.5570127789544994,0.8249053318600873
2025-09-10 11:27:44.760000000,-0.0827414082548614,-0.5576802001890835,0.8259216994831086
2025-09-10 11:27:44.769999872,-0.0882116700757049,-0.5677882297980875,0.8184346200920445
2025-09-10 11:27:44.780000000,-0.0843554096470692,-0.5746384981120047,0.8140483777705444
2025-09-10 11:27:44.790000128,-0.0695000095706047,-0.5861344332089439,0.8072274616714399
2025-09-10 11:27:44.800000000,-0.0645964715417003,-0.5876961029037551,0.806498968688802
2025-09-10 11:27:44.809999872,-0.0675174884975717,-0.5884770887835352,0.805689831587712
2025-09-10 11:27:44.820000000,-0.0553028775753247,-0.5762726344718785,0.8153842299742677
2025-09-10 11:27:44.830000128,-0.0429959696903096,-0.5735384353762784,0.8180495154552201
2025-09-10 11:27:44.840000000,-0.0405594777241276,-0.5799192595078965,0.8136636781979144
2025-09-10 11:27:44.850000128,-0.0302358924285881,-0.5786696640847507,0.8150013562424842
2025-09-10 11:27:44.860000000,-0.0339103074540911,-0.5684297032783433,0.8220327021957603
2025-09-10 11:27:44.870000128,-0.0314504384627089,-0.5710769620377578,0.8202938335439495
2025-09-10 11:27:44.880000000,-0.0318179180156704,-0.5641665608402918,0.8250477026952959
2025-09-10 11:27:44.889999872,-0.0317077572932191,-0.5496975198744769,0.8347617952274071
2025-09-10 11:27:44.900000000,-0.029052951501832,-0.5501587895166187,0.8345545112972795
2025-09-10 11:27:44.910000128,-0.0230666581792378,-0.5551218387123398,0.8314491406364393
2025-09-10 11:27:44.920000000,-0.0102578506157293,-0.5462969316465939,0.8375287690427488
2025-09-10 11:27:44.929999872,-0.0049863699698018,-0.5456793234301052,0.8379792432366013
2025-09-10 11:27:44.940000000,0.0041214992136114,-0.542666036437408,0.8399384418762759
2025-09-10 11:27:44.950000128,0.0108203426470988,-0.5411677115216983,0.8408450678878763
2025-09-10 11:27:44.960000000,0.022315875092014,-0.553444200187354,0.8325872440758733
2025-09-10 11:27:44.969999872,0.0288163627295548,-0.5476552132325595,0.8362077401329402
2025-09-10 11:27:44.980000000,0.0309287303239853,-0.5584599347659072,0.8289547122140059
2025-09-10 11:27:44.990000128,0.0400635739716094,-0.5617780761431551,0.8263173138725322
2025-09-10 11:27:45.000000000,0.0470626338787376,-0.5642940043861342,0.8242313905125536
2025-09-10 11:27:45.009999872,0.0515442726462147,-0.5688361727436104,0.8208340858759303
2025-09-10 11:27:45.020000000,0.0591427225217478,-0.5677752264365279,0.8210562895549033
2025-09-10 11:27:45.030000128,0.0707958212526051,-0.567355506127335,0.8204240862871865
2025-09-10 11:27:45.040000000,0.0623590589534814,-0.5613498467963226,0.8252258462191919
2025-09-10 11:27:45.049999872,0.0186209253955557,-0.556890977074213,0.8303768426387754
2025-09-10 11:27:45.060000000,0.0181182549148982,-0.5544638432211425,0.8320105620719483
2025-09-10 11:27:45.070000128,0.0199392776533889,-0.5527022233598591,0.833140250797985
2025-09-10 11:27:45.080000000,0.0245277933251634,-0.5518885886131931,0.8335570605022405
2025-09-10 11:27:45.089999872,0.0368647813752943,-0.557989385078441,0.8290288499406611
2025-09-10 11:27:45.100000000,0.0459122178506849,-0.5522802047943288,0.8323933226812704
2025-09-10 11:27:45.110000128,0.0471846812191955,-0.5509502512899805,0.8332031123692172
2025-09-10 11:27:45.120000000,0.0473561751608335,-0.5537242974581404,0.8313523892301178
2025-09-10 11:27:45.130000128,0.0514874809218574,-0.5582993189613438,0.8280404034560277
2025-09-10 11:27:45.140000000,0.0509514503753393,-0.5585475779251501,0.827906125655921
2025-09-10 11:27:45.150000128,0.0537508942833935,-0.5562603234710254,0.8292679264843453
2025-09-10 11:27:45.160000000,0.0548941786077967,-0.5594223856023061,0.8270630106841922
2025-09-10 11:27:45.169999872,0.0560304506135285,-0.5561839826108577,0.8291682375074253
2025-09-10 11:27:45.180000000,0.0627309367043545,-0.5582224556862027,0.8273164567128227
2025-09-10 11:27:45.190000128,0.0650915399388745,-0.5577745231745156,0.8274362046259687
2025-09-10 11:27:45.200000000,0.0579920943794631,-0.5485441517484564,0.8341080449030869
2025-09-10 11:27:45.209999872,0.0478762672099489,-0.4731077730478605,0.8797027328136111
2025-09-10 11:27:45.220000000,0.0554875681663028,-0.344219495511358,0.9372481361351944
2025-09-10 11:27:45.230000128,0.067146282835551,-0.2445706972524661,0.9673037530924868
2025-09-10 11:27:45.240000000,0.0704192105297954,-0.1503798864079912,0.9861171454509248
2025-09-10 11:27:45.249999872,0.0708169782809337,-0.1068848227867132,0.9917462327858932
2025-09-10 11:27:45.260000000,0.0736897087318312,-0.1125838437904941,0.99090600207304
2025-09-10 11:27:45.270000128,0.0709965785113692,-0.1196576724270349,0.990273460852619
2025-09-10 11:27:45.280000000,0.072403501312068,-0.1224825009874386,0.9898261311713362
2025-09-10 11:27:45.289999872,0.0730402237003683,-0.1249835058331866,0.9894666487514604
2025-09-10 11:27:45.300000000,0.0767152955982871,-0.1330837214959009,0.9881313103500308
2025-09-10 11:27:45.310000128,0.0803412588287516,-0.1395630370652778,0.9869485502370058
2025-09-10 11:27:45.320000000,0.0805053016012712,-0.1371112966154308,0.9872787796537124
2025-09-10 11:27:45.329999872,0.0829883889561375,-0.132568475483369,0.9876935388097264
2025-09-10 11:27:45.340000000,0.085836013567082,-0.1281720268725233,0.9880304197251728
2025-09-10 11:27:45.350000128,0.089307775698136,-0.1234511515468708,0.9883238003719242
2025-09-10 11:27:45.360000000,0.0951738214734176,-0.1237215500412368,0.9877423357138946
2025-09-10 11:27:45.369999872,0.0954356800164904,-0.1235860719754515,0.9877340298853072
2025-09-10 11:27:45.380000000,0.0966499128873771,-0.1239915328646662,0.9875651341135596
2025-09-10 11:27:45.390000128,0.1003748578359597,-0.1237665572616129,0.9872217214071106
2025-09-10 11:27:45.400000000,0.1024847721888942,-0.1229475097409012,0.9871072795385016
2025-09-10 11:27:45.409999872,0.1035050721807704,-0.1244403629184225,0.98681370891855
2025-09-10 11:27:45.420000000,0.1042273711751448,-0.1244291183243863,0.986739099058578
2025-09-10 11:27:45.430000128,0.1052773325376097,-0.122744243886577,0.9868386564411012
2025-09-10 11:27:45.440000000,0.1057098241882108,-0.1224806203323463,0.98682517738103
2025-09-10 11:27:45.449999872,0.1048425801342973,-0.1278236618552674,0.9862399022857946
2025-09-10 11:27:45.460000000,0.1041610767231189,-0.1235703953180248,0.986854005158224
2025-09-10 11:27:45.470000128,0.1041019404284466,-0.1297348326392535,0.9860687902976631
2025-09-10 11:27:45.480000000,0.1052475325542015,-0.1358156186097776,0.985127948356403
2025-09-10 11:27:45.489999872,0.1051746030610946,-0.1395811319365661,0.9846092679221784
2025-09-10 11:27:45.500000000,0.1069130184736816,-0.1427895699753268,0.9839617600227702
2025-09-10 11:27:45.510000128,0.108921197579099,-0.1449815642526959,0.9834208248480284
2025-09-10 11:27:45.520000000,0.1086780075424835,-0.1442335489397008,0.9835577126111384
2025-09-10 11:27:45.529999872,0.109908448502855,-0.1452043313666439,0.9832781066921308
2025-09-10 11:27:45.540000000,0.1093992670742989,-0.1421566515934001,0.9837801008209908
2025-09-10 11:27:45.550000128,0.1087788703886186,-0.1453989047761508,0.9833749619788336
2025-09-10 11:27:45.560000000,0.1087604523927767,-0.1461154474189287,0.983270786721992
2025-09-10 11:27:45.570000128,0.1131388191547033,-0.1411224140506709,0.9835060100745652
2025-09-10 11:27:45.580000000,0.0898762199340529,-0.1334922138998439,0.9869661057597086
2025-09-10 11:27:45.590000128,0.0459385029829381,-0.0939192898386049,0.9945193919375824
2025-09-10 11:27:45.600000000,0.0141212783689288,-0.0718598500118945,0.9973147704980084
2025-09-10 11:27:45.609999872,-0.0013721833693659,-0.0762226488060097,0.997089878056034
2025-09-10 11:27:45.620000000,-0.0001603934223298,-0.0701421607570305,0.997536992576358
2025-09-10 11:27:45.630000128,0.0026975182803831,-0.071854182481251,0.9974114997607948
2025-09-10 11:27:45.640000000,0.0053951087758421,-0.0734315153453435,0.99728566888098
2025-09-10 11:27:45.649999872,0.0082944008945291,-0.0677181635355097,0.9976700121990132
2025-09-10 11:27:45.660000000,0.0118872435652743,-0.0681889791796299,0.9976016021232424
2025-09-10 11:27:45.670000128,0.0139725518054891,-0.0705700910856464,0.997408958271484
2025-09-10 11:27:45.680000000,0.0172790686970008,-0.0701771228522327,0.9973848831886049
2025-09-10 11:27:45.689999872,0.0203557574199894,-0.0701045354395216,0.9973319393515218
2025-09-10 11:27:45.700000000,0.0243699296013219,-0.0644983591446695,0.9976202023810824
2025-09-10 11:27:45.710000128,0.0262562021887578,-0.0638853326331346,0.9976117862780978
2025-09-10 11:27:45.720000000,0.0259527919817713,-0.0598560177289987,0.9978695855320856
2025-09-10 11:27:45.729999872,0.0276863291462644,-0.055298935610491,0.9980859155898112
2025-09-10 11:27:45.740000000,0.0307867726864761,-0.0546604098028134,0.9980302671901988
2025-09-10 11:27:45.750000128,0.0360482297929143,-0.0553565526065717,0.997815703029529
2025-09-10 11:27:45.760000000,0.0405349259753455,-0.0591714670558718,0.997424512062256
2025-09-10 11:27:45.769999872,0.0378552775163684,-0.0584678138335182,0.9975712970558483
2025-09-10 11:27:45.780000000,0.0385569489009788,-0.0837146663741703,0.9957435494771276
2025-09-10 11:27:45.790000128,-0.0262849273135173,-0.0490865422945757,0.9984486035653944
2025-09-10 11:27:45.800000000,-0.0977010147192733,-0.1984974133664754,0.9752196104517398
2025-09-10 11:27:45.809999872,-0.0567738344898985,-0.1978145528439336,0.978593957880626
2025-09-10 11:27:45.820000000,-0.0387557175588702,-0.1333327727835598,0.990313266627457
2025-09-10 11:27:45.830000128,0.0223025350288318,-0.0754704960622995,0.996898591209456
2025-09-10 11:27:45.840000000,0.0894775976377004,-0.0784459984273024,0.9928947501380644
2025-09-10 11:27:45.850000128,0.0797873212010125,-0.0951686171475277,0.9922584933805272
2025-09-10 11:27:45.860000000,0.0748509838429552,-0.0573966458232925,0.9955415386943818
2025-09-10 11:27:45.870000128,0.0612537911197976,-0.024880809865891,0.9978120656585936
2025-09-10 11:27:45.880000000,0.0623795391639005,-0.0193207224519522,0.997865473286672
2025-09-10 11:27:45.889999872,0.0676912974488876,-0.0315434294214647,0.9972075512700552
2025-09-10 11:27:45.900000000,0.06891971060878,-0.036192044204663,0.9969655006197004
2025-09-10 11:27:45.910000128,0.0705417209576458,-0.0292130169822939,0.9970809722600896
2025-09-10 11:27:45.920000000,0.077123862359763,-0.0315936709186839,0.9965208225684972
2025-09-10 11:27:45.929999872,0.079292146827809,-0.0321456167849747,0.9963329838828738
2025-09-10 11:27:45.940000000,0.077852491158623,-0.037724021918952,0.9962509160802088
2025-09-10 11:27:45.950000128,0.0784311225693117,-0.0380927654640803,0.996191497771295
2025-09-10 11:27:45.960000000,0.0781177127564467,-0.0378162875803926,0.9962266566135132
2025-09-10 11:27:45.969999872,0.075993655957144,-0.031163673585742,0.9966211866616668
2025-09-10 11:27:45.980000000,0.0773420225261594,-0.0303425830038619,0.9965427934655976
2025-09-10 11:27:45.990000128,0.0789655539257905,-0.035662981287049,0.9962392248144584
2025-09-10 11:27:46.000000000,0.0765267105305402,-0.0346514398838377,0.9964652228198192
2025-09-10 11:27:46.009999872,0.0741384298677279,-0.0313219444837231,0.9967559525834327
2025-09-10 11:27:46.020000000,0.0760455909449729,-0.0268599873276459,0.9967424989326924
2025-09-10 11:27:46.030000128,0.0784539708249514,-0.0331948295317338,0.9963649320174596
2025-09-10 11:27:46.040000000,0.0743877654257842,-0.0475155218220605,0.99609675009054
2025-09-10 11:27:46.049999872,0.0695906544492558,-0.0551174174007534,0.9960518114598236
2025-09-10 11:27:46.060000000,0.0698602051290813,-0.0495882532902263,0.9963235201855604
2025-09-10 11:27:46.070000128,0.0709299354495613,-0.0428071050302537,0.996562339252317
2025-09-10 11:27:46.080000000,0.0703603948654645,-0.0463196892457516,0.9964456338519192
2025-09-10 11:27:46.089999872,0.0701732839412738,-0.0471694695288659,0.9964189637723996
2025-09-10 11:27:46.100000000,0.0736916796179906,-0.047323241927627,0.9961576417056384
2025-09-10 11:27:46.110000128,0.0746543081650524,-0.0463859349302233,0.9961300514054612
2025-09-10 11:27:46.120000000,0.0781004000395351,-0.044399011085375,0.9959563521200644
2025-09-10 11:27:46.130000128,0.0815272198406056,-0.043733466427087,0.9957111510570386
2025-09-10 11:27:46.140000000,0.0819804090026984,-0.0451296225448075,0.9956116359849928
2025-09-10 11:27:46.150000128,0.0808459292187795,-0.0450015776389535,0.9957101956587356
2025-09-10 11:27:46.160000000,0.0822614445360734,-0.0450541566073153,0.9955918730660884
2025-09-10 11:27:46.169999872,0.0817990290943537,-0.0425266482566551,0.9957411325376068
2025-09-10 11:27:46.180000000,0.0841845723106713,-0.0428104478116587,0.995530121765803
2025-09-10 11:27:46.190000128,0.0815243331006742,-0.0474445571438837,0.9955414592622004
2025-09-10 11:27:46.200000000,0.07705049076617,-0.0463243645850723,0.9959504380833826
2025-09-10 11:27:46.209999872,0.0785429174451868,-0.0483884521666525,0.9957356917456128
2025-09-10 11:27:46.220000000,0.0923853107135047,-0.0518314655279198,0.9943733974446408
2025-09-10 11:27:46.230000128,0.1036741050363872,-0.0521708465650672,0.9932421067965194
2025-09-10 11:27:46.240000000,0.1015737046307961,-0.0520250889766563,0.9934667446092732
2025-09-10 11:27:46.249999872,0.1047509933425284,-0.051580346559634,0.9931599555170062
2025-09-10 11:27:46.260000000,0.1055360994445907,-0.0559796113964369,0.9928385643305389
2025-09-10 11:27:46.270000128,0.0995282717223063,-0.0569133516732443,0.9934057547292992
2025-09-10 11:27:46.280000000,0.0979078915428534,-0.0535306102007413,0.9937547577471864
2025-09-10 11:27:46.289999872,0.0983478053823468,-0.052544436926028,0.9937639515119284
2025-09-10 11:27:46.300000000,0.0967829611123307,-0.0535484950627571,0.9938639832063758
2025-09-10 11:27:46.310000128,0.0964216125002004,-0.0555367942317734,0.993789986430392
2025-09-10 11:27:46.320000000,0.0986416136220199,-0.0567879911428566,0.993501361913512
2025-09-10 11:27:46.329999872,0.0995639023211859,-0.055265699519102,0.993495209757572
2025-09-10 11:27:46.340000000,0.0995209079318093,-0.0573754692295861,0.9933799094078324
2025-09-10 11:27:46.350000128,0.1030762110511987,-0.0550781396200645,0.9931473673384638
2025-09-10 11:27:46.360000000,0.1030668129092629,-0.0501779872009701,0.9934079734314528
2025-09-10 11:27:46.369999872,0.1028675977815692,-0.049371528392352,0.9934690279575163
2025-09-10 11:27:46.380000000,0.1060635903548958,-0.051167746832659,0.9930419812299468
2025-09-10 11:27:46.390000128,0.1075489713468916,-0.0545688477046579,0.9927010927879608
2025-09-10 11:27:46.400000000,0.1043908682000818,-0.0539101035221999,0.9930741399183944
2025-09-10 11:27:46.409999872,0.104433649540692,-0.0536523352109921,0.9930836016016068
2025-09-10 11:27:46.420000000,0.1066403256979837,-0.0442151620740262,0.9933140794219096
2025-09-10 11:27:46.430000128,0.1222697420312557,-0.0450638049613001,0.991473329780494
2025-09-10 11:27:46.440000000,0.1383298245919699,-0.0498470612094532,0.989130997450356
2025-09-10 11:27:46.449999872,0.1415680462847669,-0.0515614356910684,0.9885847999137908
2025-09-10 11:27:46.460000000,0.1410781216224643,-0.0531617125483802,0.9885700763822464
2025-09-10 11:27:46.470000128,0.1391556623150076,-0.0536373724737336,0.9888168353743708
2025-09-10 11:27:46.480000000,0.1380351610470915,-0.0507014611598687,0.989128735883736
2025-09-10 11:27:46.489999872,0.1344339518500747,-0.0496445467005019,0.9896781959671908
2025-09-10 11:27:46.500000000,0.1309962237968784,-0.0503872857169431,0.9901015658956596
2025-09-10 11:27:46.510000128,0.1300743464364807,-0.0569271584432335,0.9898686594850356
2025-09-10 11:27:46.520000000,0.1307790318066329,-0.0566484556930341,0.9897917949282636
2025-09-10 11:27:46.529999872,0.1301133406073078,-0.0552633417450932,0.9899578181191216
2025-09-10 11:27:46.540000000,0.1269967921011605,-0.0495617304723519,0.9906641457469836
2025-09-10 11:27:46.550000128,0.1252145266912012,-0.0464954851258298,0.9910396017154977
2025-09-10 11:27:46.560000000,0.1268220786098361,-0.0494437959165684,0.9906924201902634
2025-09-10 11:27:46.570000128,0.129095989171302,-0.0523193976274483,0.9902509309320462
2025-09-10 11:27:46.580000000,0.1258270975755355,-0.0459315247516055,0.990988313023776
2025-09-10 11:27:46.590000128,0.1255721179369208,-0.044094498261493,0.9911040906079964
2025-09-10 11:27:46.600000000,0.1238770047070127,-0.0438309263222306,0.991329076342742
2025-09-10 11:27:46.609999872,0.1204024726008801,-0.0434474836214806,0.991773946400366
2025-09-10 11:27:46.620000000,0.1222795418487081,-0.0448366423917882,0.991482419987516
2025-09-10 11:27:46.630000128,0.122135502367222,-0.0458966657759608,0.991451670598298
2025-09-10 11:27:46.640000000,0.12196782845137,-0.045975855818506,0.9914686427238196
2025-09-10 11:27:46.649999872,0.1202170429598399,-0.0461147397192918,0.9916760022117174
2025-09-10 11:27:46.660000000,0.1197917134296139,-0.0437680240047734,0.9918338093996972
2025-09-10 11:27:46.670000128,0.117396263962624,-0.0425304325025122,0.9921740167524884
2025-09-10 11:27:46.680000000,0.1145505876711662,-0.0432721273618262,0.9924745265535898
2025-09-10 11:27:46.689999872,0.1150385422597546,-0.045461206075459,0.9923202167329432
2025-09-10 11:27:46.700000000,0.1132159707238681,-0.0347656505781473,0.9929619798929517
2025-09-10 11:27:46.710000128,0.1127359726600696,-0.0341470173334406,0.9930380565092246
2025-09-10 11:27:46.720000000,0.1128835729875181,-0.0333331729925559,0.9930489406508723
2025-09-10 11:27:46.729999872,0.1108595505103022,-0.0318659050783474,0.993325084830838
2025-09-10 11:27:46.740000000,0.1076653583911257,-0.0333389427328343,0.9936280418244884
2025-09-10 11:27:46.750000128,0.1070432333107545,-0.0310879219412774,0.9937682261532376
2025-09-10 11:27:46.760000000,0.1095913991663311,-0.0318792744462404,0.9934653678360144
2025-09-10 11:27:46.769999872,0.1049450565647878,-0.0351459437575766,0.9938567792896534
2025-09-10 11:27:46.780000000,0.1059949364956268,-0.02987129737182,0.9939178935056016
2025-09-10 11:27:46.790000128,0.1045216716926252,-0.0273974016775406,0.9941451616981792
2025-09-10 11:27:46.800000000,0.1000203075842511,-0.0289506589666541,0.9945641243359568
2025-09-10 11:27:46.809999872,0.0987244107688599,-0.028814170967308,0.9946975591956624
2025-09-10 11:27:46.820000000,0.1004867311866419,-0.0283793534227001,0.9945335736689502
2025-09-10 11:27:46.830000128,0.0980375245277755,-0.0242465487278597,0.9948873045019988
2025-09-10 11:27:46.840000000,0.0996353388288643,-0.0221609861443939,0.9947772061871772
2025-09-10 11:27:46.850000128,0.1018064725455266,-0.0263693044424243,0.9944546756544814
2025-09-10 11:27:46.860000000,0.102778487722554,-0.0299216603253461,0.9942541308462538
2025-09-10 11:27:46.870000128,0.1290035653925336,-0.032842498938477,0.9911001212690322
2025-09-10 11:27:46.880000000,0.1484647922508732,-0.0405494762602905,0.9880860010327648
2025-09-10 11:27:46.889999872,0.1472600666605417,-0.0362300416781676,0.9884340427398942
2025-09-10 11:27:46.900000000,0.1473478923256327,-0.0358640584935395,0.988434301274276
2025-09-10 11:27:46.910000128,0.1477913095971296,-0.0399673952501984,0.9882106739579776
2025-09-10 11:27:46.920000000,0.1449874099900492,-0.0380123135206833,0.98870304690801
2025-09-10 11:27:46.929999872,0.1470477277599573,-0.0391894997847473,0.9883527451609848
2025-09-10 11:27:46.940000000,0.1449337913607374,-0.0318336103136282,0.9889291265688368
2025-09-10 11:27:46.950000128,0.1398023201792338,-0.0321638593584609,0.989656908945556
2025-09-10 11:27:46.960000000,0.142074867728967,-0.0309369345963845,0.9893723454986882
2025-09-10 11:27:46.969999872,0.1407287170698455,-0.0336416922420772,0.9894764599195702
2025-09-10 11:27:46.980000000,0.1394127840179883,-0.0359799246040197,0.9895804771102968
2025-09-10 11:27:46.990000128,0.1366771368807046,-0.0345710180926741,0.990012224652872
2025-09-10 11:27:47.000000000,0.1337184217338146,-0.0363633722105751,0.9903520024973408
2025-09-10 11:27:47.009999872,0.1327595555547783,-0.0354521978165695,0.9905140292186037
2025-09-10 11:27:47.020000000,0.13156044725673,-0.0311074693439841,0.9908199503787872
2025-09-10 11:27:47.030000128,0.1312992466505445,-0.0283873045212269,0.9909362586821712
2025-09-10 11:27:47.040000000,0.1304535358732694,-0.0275270451368833,0.9910722157159858
2025-09-10 11:27:47.049999872,0.1315865361075846,-0.0276729300424026,0.9909183581194142
2025-09-10 11:27:47.060000000,0.1334748411534032,-0.0271989429448592,0.9906789006947488
2025-09-10 11:27:47.070000128,0.1632822347896947,-0.072516038436327,0.9839107357741272
2025-09-10 11:27:47.080000000,0.2264007339667353,-0.1576527314478631,0.9611910964664372
2025-09-10 11:27:47.089999872,0.2880865531885742,-0.2066283645597394,0.9350459116168012
2025-09-10 11:27:47.100000000,0.3396569665202686,-0.2474719853001963,0.9074088172294936
2025-09-10 11:27:47.110000128,0.3717461940450663,-0.2670765376769121,0.8890865482254924
2025-09-10 11:27:47.120000000,0.3770364899648915,-0.2625717068886544,0.8882001936368472
2025-09-10 11:27:47.130000128,0.3710404447424524,-0.2658431094045992,0.8897507682196276
2025-09-10 11:27:47.140000000,0.374858628636904,-0.2682017326781632,0.8874394847677732
2025-09-10 11:27:47.150000128,0.3696890890780562,-0.2627888643228079,0.8912193838806278
2025-09-10 11:27:47.160000000,0.3639035056539125,-0.2556696791529837,0.8956602334225872
2025-09-10 11:27:47.169999872,0.3658861817045994,-0.2592262945702805,0.8938283002014376
2025-09-10 11:27:47.180000000,0.3648372151214215,-0.2560378100422528,0.8951750925328591
2025-09-10 11:27:47.190000128,0.3633955087771828,-0.2566106707375424,0.8955973804473756
2025-09-10 11:27:47.200000000,0.3613919970392422,-0.2575004955252703,0.8961525089404306
2025-09-10 11:27:47.209999872,0.3559989560464829,-0.2527329410984656,0.8996614939951214
2025-09-10 11:27:47.220000000,0.3531064101802076,-0.2550355230589038,0.9001515122843033
2025-09-10 11:27:47.230000128,0.3528897761915934,-0.2512248990440952,0.9013073038424416
2025-09-10 11:27:47.240000000,0.352897866753831,-0.2542194561222946,0.9004640824427591
2025-09-10 11:27:47.249999872,0.3518831671884332,-0.2571665197860742,0.9000242317574322
2025-09-10 11:27:47.260000000,0.3488787180410372,-0.2626430080293894,0.8996123000667102
2025-09-10 11:27:47.270000128,0.3435631320681825,-0.254329788804351,0.9040358028364998
2025-09-10 11:27:47.280000000,0.3425905799323979,-0.2544665745743099,0.9043663289652044
2025-09-10 11:27:47.289999872,0.3466036322271265,-0.265434260526607,0.8996724823321297
2025-09-10 11:27:47.300000000,0.3440237362560155,-0.2596580100251918,0.9023443836597028
2025-09-10 11:27:47.310000128,0.3416184368969976,-0.2601464508776329,0.903117194868874
2025-09-10 11:27:47.320000000,0.3405420406595116,-0.2607978699445076,0.9033358121849612
2025-09-10 11:27:47.329999872,0.3402895942878076,-0.2594425934117005,0.9038210734117956
2025-09-10 11:27:47.340000000,0.3423793045624741,-0.2611232639517025,0.9025469809547458
2025-09-10 11:27:47.350000128,0.3466193060228704,-0.2637547922814892,0.9001602447568834
2025-09-10 11:27:47.360000000,0.344883162514906,-0.2659789351478857,0.9001726558118247
2025-09-10 11:27:47.369999872,0.3420803429410754,-0.2672878295296422,0.9008541808520674
2025-09-10 11:27:47.380000000,0.3351185439713415,-0.2556432571666415,0.9068307926795156
2025-09-10 11:27:47.390000128,0.3386539724185538,-0.2526973168500196,0.9063429555206652
2025-09-10 11:27:47.400000000,0.3392139387997269,-0.259920115177413,0.904088180129646
2025-09-10 11:27:47.409999872,0.3364325165892586,-0.2658091993908027,0.903414982884742
2025-09-10 11:27:47.420000000,0.3438884228557898,-0.2770934306593062,0.8971956215403716
2025-09-10 11:27:47.430000128,0.3400075920149867,-0.2738118082346401,0.8996787932609321
2025-09-10 11:27:47.440000000,0.3363449731242987,-0.2667503071605049,0.9031701571042918
2025-09-10 11:27:47.449999872,0.3357093783971491,-0.263965544447179,0.904224200406572
2025-09-10 11:27:47.460000000,0.3378386866777581,-0.2635048392913861,0.9035652834487768
2025-09-10 11:27:47.470000128,0.3346971366385539,-0.262239167289197,0.905101345632312
2025-09-10 11:27:47.480000000,0.3360697885750048,-0.2688246997539156,0.9026573979142744
2025-09-10 11:27:47.489999872,0.3346454027142087,-0.2698103142425877,0.9028924901507164
2025-09-10 11:27:47.500000000,0.3337287569949703,-0.2728443886764498,0.9023198193115158
2025-09-10 11:27:47.510000128,0.3328665543922747,-0.2712289043441933,0.9031249849357856
2025-09-10 11:27:47.520000000,0.33355908396106,-0.2727381166445566,0.9024146814166084
2025-09-10 11:27:47.529999872,0.3330206990203033,-0.2707546004360157,0.9032104740129856
2025-09-10 11:27:47.540000000,0.3326128011784967,-0.2724608152191664,0.9028476220616084
2025-09-10 11:27:47.550000128,0.30987685566337,-0.2579786310850813,0.9151083871474736
2025-09-10 11:27:47.560000000,0.2378992246847265,-0.2215951618429875,0.9456741210069072
2025-09-10 11:27:47.570000128,0.1626293298142386,-0.2099494348984072,0.9640917673489444
2025-09-10 11:27:47.580000000,0.1089661723224195,-0.1967090751488348,0.9743879684414678
2025-09-10 11:27:47.590000128,0.1024114445786857,-0.1994093010076852,0.974550063717064
2025-09-10 11:27:47.600000000,0.0957660009376122,-0.2017351967019868,0.9747470356333628
2025-09-10 11:27:47.609999872,0.0941216489427325,-0.2042786285811062,0.9743774202563006
2025-09-10 11:27:47.620000000,0.0950521365641432,-0.2036113885411581,0.974426751372792
2025-09-10 11:27:47.630000128,0.0996006600908269,-0.2000033985686419,0.9747196258773416
2025-09-10 11:27:47.640000000,0.102329563210959,-0.1970469501814992,0.9750390555855823
2025-09-10 11:27:47.649999872,0.1022287172689193,-0.1919222326663221,0.976071281195142
2025-09-10 11:27:47.660000000,0.0975934040421893,-0.1909974248770074,0.976726937878653
2025-09-10 11:27:47.670000128,0.0970187942078664,-0.192235258141517,0.976541324828456
2025-09-10 11:27:47.680000000,0.0985729112873506,-0.1881795949914376,0.9771754300990148
2025-09-10 11:27:47.689999872,0.0961308883826851,-0.1879173596301245,0.9774691392818488
2025-09-10 11:27:47.700000000,0.0962183166036898,-0.1876892889795186,0.9775043561807358
2025-09-10 11:27:47.710000128,0.0988809865685063,-0.1876798657195555,0.9772404097757768
2025-09-10 11:27:47.720000000,0.1001274254560195,-0.1915525910575268,0.976361666356631
2025-09-10 11:27:47.729999872,0.1045877231080149,-0.1935944820601154,0.9754909454684636
2025-09-10 11:27:47.740000000,0.1045231817268583,-0.1912994664114461,0.9759505205861566
2025-09-10 11:27:47.750000128,0.0987008661963345,-0.1857970576788966,0.9776183265313504
2025-09-10 11:27:47.760000000,0.0999043458498082,-0.1813965314133814,0.9783222475603404
2025-09-10 11:27:47.769999872,0.1006577063022775,-0.184885685174846,0.9775915862871328
2025-09-10 11:27:47.780000000,0.1002781810781282,-0.1872788957917001,0.9771749595598036
2025-09-10 11:27:47.790000128,0.1002015562513719,-0.1867998924654327,0.9772744999741404
2025-09-10 11:27:47.800000000,0.1017399325129004,-0.1850280701090285,0.9774526072419056
2025-09-10 11:27:47.809999872,0.1014015255797827,-0.18725580197526,0.977063455071724
2025-09-10 11:27:47.820000000,0.0995766831488869,-0.1888942682885684,0.9769357397397193
2025-09-10 11:27:47.830000128,0.1018672425319606,-0.189628883941136,0.9765571930379572
2025-09-10 11:27:47.840000000,0.1027054983715077,-0.1898777471121754,0.976421026891507
2025-09-10 11:27:47.850000128,0.099042977985061,-0.1819122133963581,0.9783140779571194
2025-09-10 11:27:47.860000000,0.099394066182399,-0.1869848357481851,0.9773215902700366
2025-09-10 11:27:47.870000128,0.0750660717657738,-0.1802832234827469,0.980746167058697
2025-09-10 11:27:47.880000000,0.0044615913127262,-0.1850615162056981,0.9827168103897512
2025-09-10 11:27:47.889999872,-0.0545481424484335,-0.1881722681197263,0.9806200577522892
2025-09-10 11:27:47.900000000,-0.0841821516317937,-0.1720055926752313,0.9814924561274448
2025-09-10 11:27:47.910000128,-0.0902196745108408,-0.1700113275492012,0.9813034998593028
2025-09-10 11:27:47.920000000,-0.0819233682940354,-0.1660023252977952,0.9827165357940636
2025-09-10 11:27:47.929999872,-0.0809757843091709,-0.1683967369730412,0.9823876329292562
2025-09-10 11:27:47.940000000,-0.0795267504897002,-0.1696090799219051,0.982297437624976
2025-09-10 11:27:47.950000128,-0.0814427142537441,-0.1715364016425044,0.9818056565362232
2025-09-10 11:27:47.960000000,-0.0826521351903724,-0.1746222992366316,0.9811603728024204
2025-09-10 11:27:47.969999872,-0.0802850521232712,-0.1755590128065189,0.9811897591332496
2025-09-10 11:27:47.980000000,-0.0811153433710074,-0.1769584007759438,0.9808700349509226
2025-09-10 11:27:47.990000128,-0.0822447545399241,-0.1728992174694743,0.9814996999230876
2025-09-10 11:27:48.000000000,-0.079695392166808,-0.176090286639598,0.98114262745972
2025-09-10 11:27:48.009999872,-0.0745107896124367,-0.1832043024455808,0.9802470738526892
2025-09-10 11:27:48.020000000,-0.0797954142777614,-0.1774096807013111,0.9808967820589992
2025-09-10 11:27:48.030000128,-0.0811619915345325,-0.1763466936103664,0.9809763375244278
2025-09-10 11:27:48.040000000,-0.077947446984297,-0.1747625406854362,0.981520376702288
2025-09-10 11:27:48.049999872,-0.0794102547474214,-0.1755422920018587,0.9812639375620016
2025-09-10 11:27:48.060000000,-0.082282498276869,-0.1819102327084406,0.9798664489170338
2025-09-10 11:27:48.070000128,-0.08302192643184,-0.1814535091953069,0.9798887608969984
2025-09-10 11:27:48.080000000,-0.0804334788091672,-0.1821882718313081,0.9799683102497636
2025-09-10 11:27:48.089999872,-0.082245213677859,-0.1810073108967841,0.980036773916672
2025-09-10 11:27:48.100000000,-0.0800299207606013,-0.1859108786829479,0.9793019743523376
2025-09-10 11:27:48.110000128,-0.0811403605966772,-0.1814432443905376,0.9800482594991314
2025-09-10 11:27:48.120000000,-0.0804364089658387,-0.1866495683698923,0.9791281441874772
2025-09-10 11:27:48.130000128,-0.0810625278750371,-0.1861170156344627,0.9791778812176212
2025-09-10 11:27:48.140000000,-0.0796308621899267,-0.1842961172493004,0.9796396617908656
2025-09-10 11:27:48.150000128,-0.0788776083720574,-0.1841985789291798,0.9797189425636188
2025-09-10 11:27:48.160000000,-0.0764906475695425,-0.1836821685742006,0.9800051233449092
2025-09-10 11:27:48.169999872,-0.0748665471734902,-0.1845708306787117,0.9799635751276116
2025-09-10 11:27:48.180000000,-0.0754002123655145,-0.1850551725243654,0.9798313074694096
2025-09-10 11:27:48.190000128,-0.0778001649787181,-0.1848582834770818,0.9796808405594096
2025-09-10 11:27:48.200000000,-0.0726210964680522,-0.188255514750851,0.9794314868910792
2025-09-10 11:27:48.209999872,-0.072396098130841,-0.190240916026999,0.9790644508124264
2025-09-10 11:27:48.220000000,-0.0717412452350812,-0.1871430744517866,0.9797094790890069
2025-09-10 11:27:48.230000128,-0.0708187674599223,-0.1894046434727948,0.979341913330784
2025-09-10 11:27:48.240000000,-0.0705602741065631,-0.1878991940268632,0.9796505196252704
2025-09-10 11:27:48.249999872,-0.0713580413659875,-0.1898647097176034,0.979213675321306
2025-09-10 11:27:48.260000000,-0.0717071169098756,-0.1962995083461658,0.9779184998799884
2025-09-10 11:27:48.270000128,-0.07125892802713,-0.2001812689280667,0.977164072582887
2025-09-10 11:27:48.280000000,-0.0688369266233908,-0.1995729949758319,0.9774620694479262
2025-09-10 11:27:48.289999872,-0.0666297157992527,-0.2006680441746076,0.977390821022813
2025-09-10 11:27:48.300000000,-0.0640664959171633,-0.2118274593007905,0.9752049074871744
2025-09-10 11:27:48.310000128,-0.0619977503109102,-0.2215674266840719,0.9731722120924868
2025-09-10 11:27:48.320000000,-0.0606312539962199,-0.221742455062805,0.9732184413899924
2025-09-10 11:27:48.329999872,-0.0564347034638375,-0.2315072350038174,0.971194895160511
2025-09-10 11:27:48.340000000,-0.0462540321318537,-0.2599254376015621,0.9645202597142176
2025-09-10 11:27:48.350000128,-0.0449126828495855,-0.2714113051337884,0.9614149751095132
2025-09-10 11:27:48.360000000,-0.0484495763016187,-0.2788900000975811,0.9591001023885696
2025-09-10 11:27:48.369999872,-0.0491911812403968,-0.2758365574638619,0.9599450094951584
2025-09-10 11:27:48.380000000,-0.0401449509101338,-0.2868331144184213,0.9571390428717512
2025-09-10 11:27:48.390000128,-0.0342823309003054,-0.3048584562215189,0.9517804596955508
2025-09-10 11:27:48.400000000,-0.0354206655642007,-0.3135467546522663,0.9489119079756668
2025-09-10 11:27:48.409999872,-0.0382676418531112,-0.3274008837677284,0.9441102948782588
2025-09-10 11:27:48.420000000,-0.0346446499453648,-0.3464117328470144,0.9374426166843984
2025-09-10 11:27:48.430000128,-0.0296460110885687,-0.3694229875684008,0.9287883344888508
2025-09-10 11:27:48.440000000,-0.0220780380135373,-0.3776295627235447,0.925693509534715
2025-09-10 11:27:48.449999872,-0.016726161921329,-0.387602505870312,0.9216748520766076
2025-09-10 11:27:48.460000000,-0.0123191417967173,-0.3997617674650485,0.9165362884352224
2025-09-10 11:27:48.470000128,-0.0052722583536746,-0.3970327277536015,0.9177893093648384
2025-09-10 11:27:48.480000000,-0.0035635070386007,-0.3994512376820076,0.9167475171124808
2025-09-10 11:27:48.489999872,0.005078746527013,-0.3992455034031632,0.9168299920629064
2025-09-10 11:27:48.500000000,0.0062949641926605,-0.4027489199911406,0.9152888510583874
2025-09-10 11:27:48.510000128,0.006713112240569,-0.407238949374983,0.913296979211037
2025-09-10 11:27:48.520000000,0.0096890853343578,-0.4032933586773696,0.9150194470458594
2025-09-10 11:27:48.529999872,0.0423030015978106,-0.4151302363310851,0.9087779392896336
2025-09-10 11:27:48.540000000,0.1220976203651772,-0.4490002663067724,0.8851502312927498
2025-09-10 11:27:48.550000128,0.1852371856787177,-0.4488121460711722,0.8742167023003032
2025-09-10 11:27:48.560000000,0.2491456223420335,-0.4441296506546257,0.8606249544820327
2025-09-10 11:27:48.570000128,0.2833892918000832,-0.4212310646948872,0.861542163465642
2025-09-10 11:27:48.580000000,0.2679362679545858,-0.4111794533257335,0.8712873311814647
2025-09-10 11:27:48.590000128,0.2647242041505595,-0.4054930650645847,0.8749265511580852
2025-09-10 11:27:48.600000000,0.2691590137600846,-0.3900767265101337,0.8805643490096774
2025-09-10 11:27:48.609999872,0.2655782443104395,-0.379270081627931,0.8863534291302354
2025-09-10 11:27:48.620000000,0.262653897177427,-0.3684659313435122,0.891765545273346
2025-09-10 11:27:48.630000128,0.2656306487614607,-0.3503584485682219,0.8981588478412014
2025-09-10 11:27:48.640000000,0.2680525253106938,-0.3399029270377224,0.9014509658687756
2025-09-10 11:27:48.649999872,0.2601841983378249,-0.3285014341794021,0.9079597957384344
2025-09-10 11:27:48.660000000,0.2555759911577874,-0.3101562666331593,0.9156877213394834
2025-09-10 11:27:48.670000128,0.2574639433660382,-0.2979864753271621,0.9191933302567552
2025-09-10 11:27:48.680000000,0.2567929653728826,-0.2977726706639062,0.919450275730388
2025-09-10 11:27:48.689999872,0.2572822859422638,-0.2945703881178186,0.9203445614466578
2025-09-10 11:27:48.700000000,0.2561184551099361,-0.29554018814865,0.9203582640152476
2025-09-10 11:27:48.710000128,0.2644104572116268,-0.3019312865410687,0.9159282768452962
2025-09-10 11:27:48.720000000,0.2732851460600023,-0.3116612733416911,0.9100453173562286
2025-09-10 11:27:48.729999872,0.2710522535962833,-0.3104999346290944,0.9111094700505008
2025-09-10 11:27:48.740000000,0.2647746726052148,-0.3112878631287067,0.912685180670512
2025-09-10 11:27:48.750000128,0.2644940575520625,-0.3157512557245426,0.9112321537500864
2025-09-10 11:27:48.760000000,0.2574729379418855,-0.3180464144790008,0.9124440610057284
2025-09-10 11:27:48.769999872,0.2578292544250031,-0.3284889709071275,0.9086358299973776
2025-09-10 11:27:48.780000000,0.2636628615573702,-0.3427951117326988,0.9016503794750744
2025-09-10 11:27:48.790000128,0.2619014052438413,-0.3445929544704422,0.9014784244010684
2025-09-10 11:27:48.800000000,0.2606759007053451,-0.3446200373184692,0.9018232114278686
2025-09-10 11:27:48.809999872,0.2607979405212406,-0.3505687030187852,0.8994920892835058
2025-09-10 11:27:48.820000000,0.2587287191799847,-0.354313541765909,0.8986219249455146
2025-09-10 11:27:48.830000128,0.2589517890962088,-0.3475221968627049,0.9012060217350926
2025-09-10 11:27:48.840000000,0.2594983103740759,-0.3447906812523862,0.902097562924607
2025-09-10 11:27:48.850000128,0.2580421333936181,-0.3446123460664037,0.9025832860918042
2025-09-10 11:27:48.860000000,0.2564007631153931,-0.341787838116955,0.9041237317918284
2025-09-10 11:27:48.870000128,0.256300132836596,-0.3404960885058733,0.904639516945918
2025-09-10 11:27:48.880000000,0.2569772400651594,-0.3393896028839443,0.9048631916167064
2025-09-10 11:27:48.889999872,0.2550161934248006,-0.3405245328620395,0.9049915931157672
2025-09-10 11:27:48.900000000,0.2507012528317306,-0.3322465501769519,0.909264049506036
2025-09-10 11:27:48.910000128,0.2519735358975885,-0.3330081040787421,0.9086335564049726
2025-09-10 11:27:48.920000000,0.2562219606249041,-0.3318765085463593,0.9078591795915314
2025-09-10 11:27:48.929999872,0.2641959520169064,-0.3296890568084636,0.9063694747500196
2025-09-10 11:27:48.940000000,0.2644279989478093,-0.330166353327355,0.9061280331735542
2025-09-10 11:27:48.950000128,0.2657907775505176,-0.3298643555907087,0.9058392624962872
2025-09-10 11:27:48.960000000,0.2704363979981421,-0.3259512799564011,0.90588074145142
2025-09-10 11:27:48.969999872,0.2707699024915894,-0.32771016687299,0.9051462348332298
2025-09-10 11:27:48.980000000,0.2750100278112921,-0.3233202577090281,0.9054465724482036
2025-09-10 11:27:48.990000128,0.2736086959979051,-0.315902522021898,0.9084843851462338
2025-09-10 11:27:49.000000000,0.2772659745700612,-0.3226029839020329,0.9050143060323516
2025-09-10 11:27:49.009999872,0.2834022149613399,-0.3266932972446367,0.901639991399247
2025-09-10 11:27:49.020000000,0.2806850880958667,-0.3254415686975728,0.9029416740212396
2025-09-10 11:27:49.030000128,0.2797122087586719,-0.3204128375614431,0.9050396089659112
2025-09-10 11:27:49.040000000,0.2800620181480872,-0.3154353737541866,0.9066784385742152
2025-09-10 11:27:49.049999872,0.2804231831672156,-0.3153360534875337,0.9066013521461752
2025-09-10 11:27:49.060000000,0.280489675730545,-0.3165138170244256,0.9061702629424572
2025-09-10 11:27:49.070000128,0.278629883687195,-0.3139605107153703,0.9076310845425052
2025-09-10 11:27:49.080000000,0.2761295844842779,-0.310824793397438,0.909472594629426
2025-09-10 11:27:49.089999872,0.2775591953373051,-0.3081820008958892,0.9099366721962104
2025-09-10 11:27:49.100000000,0.2731871927317562,-0.307794252823988,0.9113898483392634
2025-09-10 11:27:49.110000128,0.2755219019385607,-0.3035280765067319,0.9121175298854208
2025-09-10 11:27:49.120000000,0.2759927396886099,-0.3013210393981742,0.9127067649881748
2025-09-10 11:27:49.130000128,0.2742387570544195,-0.3001802435375139,0.9136109267729924
2025-09-10 11:27:49.140000000,0.2754586609288105,-0.3002379691594702,0.913224883582518
2025-09-10 11:27:49.150000128,0.2771986710882274,-0.3045119174847331,0.9112811799091934
2025-09-10 11:27:49.160000000,0.275881247614189,-0.3053714786087841,0.9113933274207814
2025-09-10 11:27:49.169999872,0.2781631972383845,-0.3064132849416256,0.9103494573587672
2025-09-10 11:27:49.180000000,0.2776719945834982,-0.3108351539856602,0.9089993236910204
2025-09-10 11:27:49.190000128,0.2773006700261199,-0.3095603339761525,0.90954754577847
2025-09-10 11:27:49.200000000,0.2814997950599455,-0.3082535485286156,0.9087010593152872
2025-09-10 11:27:49.209999872,0.2829905536459526,-0.3057771468737599,0.9090746300479958
2025-09-10 11:27:49.220000000,0.2822855025756864,-0.2957957532654678,0.9125895941690912
2025-09-10 11:27:49.230000128,0.2828881674812039,-0.2870409433623548,0.915194941819925
2025-09-10 11:27:49.240000000,0.2818229818519737,-0.2854936136761411,0.9160072070951192
2025-09-10 11:27:49.249999872,0.2807657092265082,-0.2796129112840054,0.918143363732385
2025-09-10 11:27:49.260000000,0.2802809556652589,-0.2762732378502136,0.9193017371565924
2025-09-10 11:27:49.270000128,0.2807733884882627,-0.2732911262039358,0.9200425341553528
2025-09-10 11:27:49.280000000,0.2813704576897529,-0.2732498521898544,0.9198723736571732
2025-09-10 11:27:49.289999872,0.2832126950967493,-0.270585696125275,0.9200945333977568
2025-09-10 11:27:49.300000000,0.2846300044191554,-0.2697606582258633,0.9198994226859264
2025-09-10 11:27:49.310000128,0.2804262581707448,-0.2691504549711446,0.9213680840560848
2025-09-10 11:27:49.320000000,0.2733290737137981,-0.2656894930737589,0.9245000328463846
2025-09-10 11:27:49.329999872,0.2759931359048116,-0.2674569492814259,0.9231980119207912
2025-09-10 11:27:49.340000000,0.2744450671654417,-0.2650077070840893,0.9243650903699198
2025-09-10 11:27:49.350000128,0.2742185473888212,-0.2615683688009316,0.9254113554040628
2025-09-10 11:27:49.360000000,0.2726207986262751,-0.2606727589960497,0.9261358501179832
2025-09-10 11:27:49.369999872,0.2719041331846578,-0.2608414898563682,0.9262990119430172
2025-09-10 11:27:49.380000000,0.2694158321573853,-0.2598350162136333,0.9273084027076456
2025-09-10 11:27:49.390000128,0.2679356198049831,-0.2583394279250886,0.9281547519778464
2025-09-10 11:27:49.400000000,0.2695046246802458,-0.2599458146142648,0.92725154663688
2025-09-10 11:27:49.409999872,0.2335457910645268,-0.2592596403056564,0.9371450274021764
2025-09-10 11:27:49.420000000,0.1430934885568118,-0.2483274820496157,0.95804891064681
2025-09-10 11:27:49.430000128,0.062604388913637,-0.2538141007146445,0.9652248923267398
2025-09-10 11:27:49.440000000,0.0099690296445586,-0.2395944918924812,0.9708218672355552
2025-09-10 11:27:49.449999872,-0.0156914817286261,-0.2290512020010709,0.9732878938233152
2025-09-10 11:27:49.460000000,-0.0107539683929041,-0.2305139008519253,0.9730096061590724
2025-09-10 11:27:49.470000128,-0.0085662718317323,-0.2302657658651814,0.9730900760245303
2025-09-10 11:27:49.480000000,-0.0102041637766085,-0.2286597786618226,0.9734529165110896
2025-09-10 11:27:49.489999872,-0.0085355279796018,-0.2311012614159367,0.9728922611132604
2025-09-10 11:27:49.500000000,-0.0081644746407413,-0.2329242154592517,0.9724606167894578
2025-09-10 11:27:49.510000128,-0.0081056115234267,-0.2319800908595889,0.9726867617617752
2025-09-10 11:27:49.520000000,-0.0076558449180229,-0.2312259979454775,0.972869942958826
2025-09-10 11:27:49.529999872,-0.00934337327519,-0.2284181867471563,0.9735182758114928
2025-09-10 11:27:49.540000000,-0.010289451961597,-0.2246483404577544,0.9743855757901524
2025-09-10 11:27:49.550000128,-0.0093579911247774,-0.2234608875789978,0.9746679740940069
2025-09-10 11:27:49.560000000,-0.0066387460340738,-0.2211020487208916,0.9752280815801604
2025-09-10 11:27:49.570000128,-0.0036441328221318,-0.2233837838433191,0.9747237585140808
2025-09-10 11:27:49.580000000,-0.003722521429036,-0.2239410707538092,0.9745955774904008
2025-09-10 11:27:49.590000128,-0.00491419729422,-0.2219803502491827,0.9750387555211352
2025-09-10 11:27:49.600000000,-0.0031439834218709,-0.2232123624391416,0.974764769891988
2025-09-10 11:27:49.609999872,-0.0018101550089051,-0.2192658037401563,0.9756634822770744
2025-09-10 11:27:49.620000000,-0.0041114348495805,-0.2239501365481902,0.9745919312427764
2025-09-10 11:27:49.630000128,-0.0042703404208198,-0.2254327895394984,0.9742493631474084
2025-09-10 11:27:49.640000000,0.0004697293237371,-0.218100736879893,0.9759261488077928
2025-09-10 11:27:49.649999872,-0.0013166445041794,-0.2151553891410958,0.9765789394466754
2025-09-10 11:27:49.660000000,-0.0014543261811997,-0.2143247312361534,0.9767613805407692
2025-09-10 11:27:49.670000128,-0.0018619228322618,-0.214293150134297,0.9767676177315086
2025-09-10 11:27:49.680000000,0.0011139662714975,-0.2133467652218198,0.9769759039242124
2025-09-10 11:27:49.689999872,0.0014979182838391,-0.2124462687287391,0.9771716016872632
2025-09-10 11:27:49.700000000,0.0033845948827116,-0.209572538704458,0.9777872445161312
2025-09-10 11:27:49.710000128,0.0040513789486867,-0.2087973185496994,0.9779505437879104
2025-09-10 11:27:49.720000000,0.0010632490040894,-0.2057603603505976,0.9786018309864066
2025-09-10 11:27:49.729999872,-0.0045997606823597,-0.1947805044069435,0.9808360705564624
2025-09-10 11:27:49.740000000,-0.0018650894809723,-0.1921040842725681,0.981372784545723
2025-09-10 11:27:49.750000128,0.0005753514259437,-0.1925154575385906,0.981293772312575
2025-09-10 11:27:49.760000000,0.0030438634112966,-0.1915015702081945,0.981487587034767
2025-09-10 11:27:49.769999872,0.0046358134211304,-0.1921787436771599,0.9813489897649016
2025-09-10 11:27:49.780000000,0.0034680765959827,-0.1921220099374451,0.981364919763449
2025-09-10 11:27:49.790000128,0.0063612393792701,-0.1897521940358748,0.9818114072937488
2025-09-10 11:27:49.800000000,0.0068042872459943,-0.1891073583760237,0.9819328432653204
2025-09-10 11:27:49.809999872,0.0082351770671562,-0.191381629536401,0.9814811530206092
2025-09-10 11:27:49.820000000,0.0094278017229524,-0.1938720896357514,0.9809815132890832
2025-09-10 11:27:49.830000128,0.0122685967939537,-0.1902124598019848,0.9816662883428288
2025-09-10 11:27:49.840000000,0.0118244116386885,-0.195146769755128,0.9807027692137604
2025-09-10 11:27:49.850000128,0.0094406226886469,-0.199471321920906,0.979858186869088
2025-09-10 11:27:49.860000000,0.0090280340306089,-0.198234639788429,0.9801130150087256
2025-09-10 11:27:49.870000128,0.0106931994589042,-0.1976728825182791,0.9802097158273054
2025-09-10 11:27:49.880000000,0.0124143346559034,-0.1993924335975054,0.9798410798283136
2025-09-10 11:27:49.889999872,0.0118740492223109,-0.2008131908354355,0.979557588578414
2025-09-10 11:27:49.900000000,0.0130659202202249,-0.2074279422747607,0.9781630388092044
2025-09-10 11:27:49.910000128,0.0154378378439027,-0.2112279797653264,0.9773148999820704
2025-09-10 11:27:49.920000000,0.0186789732104311,-0.2158392712049217,0.976250226614843
2025-09-10 11:27:49.929999872,0.0297733415589819,-0.1887687174005558,0.9815701296715184
2025-09-10 11:27:49.940000000,0.0413143957166761,-0.1505314846564045,0.9877415617628452
2025-09-10 11:27:49.950000128,0.0456334362477543,-0.1291679090907458,0.9905721784692658
2025-09-10 11:27:49.960000000,0.0482175576951794,-0.1200175989838881,0.9916001427309572
2025-09-10 11:27:49.969999872,0.0496267206233938,-0.1195950443762683,0.991581672864523
2025-09-10 11:27:49.980000000,0.0488569542683038,-0.1193328702391159,0.9916514831835422
2025-09-10 11:27:49.990000128,0.0472317258654316,-0.1199578654000858,0.9916548162543394
2025-09-10 11:27:50.000000000,0.0486983978618473,-0.1205927931398401,0.9915068553915404
2025-09-10 11:27:50.009999872,0.0502958523674585,-0.1192221158998212,0.991592867216682
2025-09-10 11:27:50.020000000,0.0497650598795834,-0.1215006126570742,0.9913430485654988
2025-09-10 11:27:50.030000128,0.048937622027316,-0.1233238574663719,0.9911590867917852
2025-09-10 11:27:50.040000000,0.0522862947186566,-0.1256644969141094,0.9906939878690684
2025-09-10 11:27:50.049999872,0.0497503985681078,-0.1323120367552087,0.989958798522445
2025-09-10 11:27:50.060000000,0.0489385519117291,-0.1362596277828009,0.9894636587430968
2025-09-10 11:27:50.070000128,0.0517009977447047,-0.1357849593468948,0.9893884230409028
2025-09-10 11:27:50.080000000,0.0557435014417048,-0.1359763236002474,0.9891426092668232
2025-09-10 11:27:50.089999872,0.0574113593494081,-0.1361861626088766,0.9890183339713788
2025-09-10 11:27:50.100000000,0.0577537543388244,-0.1383178898771902,0.988702516027795
2025-09-10 11:27:50.110000128,0.062388025973709,-0.1381987975706348,0.9884375683699675
2025-09-10 11:27:50.120000000,0.060247277103877,-0.137550283929984,0.9886608038110694
2025-09-10 11:27:50.130000128,0.060621628438307,-0.1363744290306563,0.9888008056590826
2025-09-10 11:27:50.140000000,0.0591426168088349,-0.1366474315926766,0.9888526838291576
2025-09-10 11:27:50.150000128,0.0611751935718159,-0.1341383415163582,0.9890725458866464
2025-09-10 11:27:50.160000000,0.0613069573593721,-0.1351048290980292,0.9889328299402992
2025-09-10 11:27:50.169999872,0.0613683490765484,-0.1365073726127578,0.988736397101867
2025-09-10 11:27:50.180000000,0.0625391770243059,-0.1376972681705664,0.988498008938554
2025-09-10 11:27:50.190000128,0.0630785097652442,-0.1375336049924455,0.98848652449266
2025-09-10 11:27:50.200000000,0.0606002934626123,-0.1402789862006642,0.9882557414266608
2025-09-10 11:27:50.209999872,0.0621222660729108,-0.1404250201176687,0.9881404949615812
2025-09-10 11:27:50.220000000,0.0629714192434486,-0.1382171152948186,0.9883980116319764
2025-09-10 11:27:50.230000128,0.0617083787952331,-0.1369566378602186,0.988653101614762
2025-09-10 11:27:50.240000000,0.0618987436052366,-0.1094002557380245,0.99206861132915
2025-09-10 11:27:50.249999872,0.06343846714262,-0.0842886707203071,0.994419921801046
2025-09-10 11:27:50.260000000,0.0649849791146181,-0.0763690017093005,0.9949596615277412
2025-09-10 11:27:50.270000128,0.064516289700571,-0.0764869015029971,0.994981106484813
2025-09-10 11:27:50.280000000,0.0613564820982324,-0.0774734067530826,0.9951046444221836
2025-09-10 11:27:50.289999872,0.0591911411311099,-0.075387095146231,0.9953959989356048
2025-09-10 11:27:50.300000000,0.0597750199175145,-0.0761093854288231,0.9953061380517592
2025-09-10 11:27:50.310000128,0.0564433414145079,-0.0748836295049343,0.9955935873849996
2025-09-10 11:27:50.320000000,0.0578320204411168,-0.0757390412313274,0.9954491725070936
2025-09-10 11:27:50.329999872,0.0593892723311233,-0.0757388494835338,0.9953574940748124
2025-09-10 11:27:50.340000000,0.0590865435449559,-0.0782115825081721,0.9951842687329204
2025-09-10 11:27:50.350000128,0.0611794393261674,-0.0781062856965547,0.9950660703382586
2025-09-10 11:27:50.360000000,0.060087511032392,-0.0787838557387348,0.995079190362692
2025-09-10 11:27:50.369999872,0.0552509899204107,-0.0761571391677672,0.99556386950642
2025-09-10 11:27:50.380000000,0.0551188207486692,-0.0737557073513644,0.9957519827910843
2025-09-10 11:27:50.390000128,0.057653407296613,-0.0737132436636696,0.9956115921059132
2025-09-10 11:27:50.400000000,0.0590157934305238,-0.0793409638932727,0.9950990642012746
2025-09-10 11:27:50.409999872,0.0581131840540662,-0.0781318371956389,0.9952478454412912
2025-09-10 11:27:50.420000000,0.0573280883867924,-0.0761024305232518,0.9954506066854196
2025-09-10 11:27:50.430000128,0.0567104388352467,-0.0747026852107699,0.9955920022526368
2025-09-10 11:27:50.440000000,0.0525147223155183,-0.0764908540759863,0.9956863729020552
2025-09-10 11:27:50.449999872,0.0480270785158732,-0.0803909517101174,0.995605692336264
2025-09-10 11:27:50.460000000,0.0484678913815046,-0.0799921638434857,0.9956164508628148
2025-09-10 11:27:50.470000128,0.0489191552050836,-0.0830801462450357,0.9953414517410216
2025-09-10 11:27:50.480000000,0.0482875993588246,-0.0843943352690716,0.995261726342701
2025-09-10 11:27:50.489999872,0.0526243378188956,-0.083223855761197,0.995140426724471
2025-09-10 11:27:50.500000000,0.0525226903808917,-0.0825187799088742,0.995204510619553
2025-09-10 11:27:50.510000128,0.0527201047902499,-0.0786886241024669,0.9955042395629292
2025-09-10 11:27:50.520000000,0.0523782630300123,-0.0810827143892314,0.995330151753293
2025-09-10 11:27:50.529999872,0.0529038016563375,-0.0818945983799315,0.995235882857173
2025-09-10 11:27:50.540000000,0.0539369404526971,-0.0813150332475232,0.995227949679146
2025-09-10 11:27:50.550000128,0.0532097961246282,-0.0823917133662839,0.995178538336184
2025-09-10 11:27:50.560000000,0.0537398087133995,-0.0788605095601193,0.995436111958656
2025-09-10 11:27:50.570000128,0.0554064649459058,-0.0785395913375805,0.9953701101774776
2025-09-10 11:27:50.580000000,0.0520396032355222,-0.0800223603464808,0.995433725337688
2025-09-10 11:27:50.590000128,0.0511353934064849,-0.0756196279052546,0.9958247051648372
2025-09-10 11:27:50.600000000,0.0538779149373223,-0.0751078231033003,0.9957188283801256
2025-09-10 11:27:50.609999872,0.0537091860711135,-0.0743015389644524,0.9957884336740876
2025-09-10 11:27:50.620000000,0.0685657796593427,-0.0844538924885814,0.9940655279724944
2025-09-10 11:27:50.630000128,0.0936598049338799,-0.0820137358815384,0.9922205339875309
2025-09-10 11:27:50.640000000,0.0934361870031336,-0.0803638609507856,0.9923766063402536
2025-09-10 11:27:50.649999872,0.0916466744103293,-0.0818293008627232,0.9924237263335884
2025-09-10 11:27:50.660000000,0.0903792947441319,-0.0811314820751619,0.9925972323645886
2025-09-10 11:27:50.670000128,0.0917021311953646,-0.0788062532619949,0.9926632327134084
2025-09-10 11:27:50.680000000,0.0911278780629586,-0.0797971948745002,0.9926369515235184
2025-09-10 11:27:50.689999872,0.0865912932086397,-0.0851067710421109,0.9926020277348024
2025-09-10 11:27:50.700000000,0.0835955345647623,-0.0882530933598516,0.9925840912049966
2025-09-10 11:27:50.710000128,0.0880231859216002,-0.0942548437218143,0.9916491028459552
2025-09-10 11:27:50.720000000,0.087755450694887,-0.1002468080759558,0.9910850409242992
2025-09-10 11:27:50.729999872,0.0846564281907617,-0.0961542244872839,0.9917598773287976
2025-09-10 11:27:50.740000000,0.0830012069111767,-0.0945588762512502,0.992053132938649
2025-09-10 11:27:50.750000128,0.0826329433527984,-0.0960296840601021,0.991942587276184
2025-09-10 11:27:50.760000000,0.0813278781245522,-0.0953113617621837,0.992119710800464
2025-09-10 11:27:50.769999872,0.0803609258747546,-0.0955470456481033,0.9921758330358948
2025-09-10 11:27:50.780000000,0.0828921019628704,-0.0926134609745276,0.9922457590126031
2025-09-10 11:27:50.790000128,0.0847164741486887,-0.0893506404568677,0.99239084138144
2025-09-10 11:27:50.800000000,0.084490173430152,-0.0901573376386286,0.9923371730735764
2025-09-10 11:27:50.809999872,0.0861328585008456,-0.0915002516835732,0.9920729986388684
2025-09-10 11:27:50.820000000,0.0859128731499025,-0.0937363383979087,0.9918832981207424
2025-09-10 11:27:50.830000128,0.0949803079023801,-0.0888820508843049,0.991503263807724
2025-09-10 11:27:50.840000000,0.1124797246140556,-0.0858858973302413,0.9899353131344116
2025-09-10 11:27:50.850000128,0.1227749902474013,-0.0888830117640891,0.9884463121432016
2025-09-10 11:27:50.860000000,0.1257444940219461,-0.087691345691333,0.9881794119055548
2025-09-10 11:27:50.870000128,0.1246022568553131,-0.0879512698803972,0.9883009924678756
2025-09-10 11:27:50.880000000,0.1274146298311138,-0.0878376958230183,0.9879524539660312
2025-09-10 11:27:50.889999872,0.1292189209427579,-0.0905931735209075,0.9874691627498048
2025-09-10 11:27:50.900000000,0.1281588533993489,-0.0921733105613537,0.9874610823295896
2025-09-10 11:27:50.910000128,0.1269179385151209,-0.0945566990387967,0.9873960034099584
2025-09-10 11:27:50.920000000,0.1256224156495925,-0.0977667659558998,0.987249040597602
2025-09-10 11:27:50.929999872,0.1250096789228173,-0.0969250373920462,0.9874098021096228
2025-09-10 11:27:50.940000000,0.1242818470903232,-0.0953057759074881,0.987659268959943
2025-09-10 11:27:50.950000128,0.1233828339587294,-0.0960225872896032,0.9877025559420828
2025-09-10 11:27:50.960000000,0.1237359418157505,-0.092459797051197,0.9879982806828262
2025-09-10 11:27:50.969999872,0.1255041914881225,-0.0934122863189926,0.9876855991071104
2025-09-10 11:27:50.980000000,0.1242121886268883,-0.092149559466047,0.9879675049751038
2025-09-10 11:27:50.990000128,0.1254542393965767,-0.088332405074887,0.9881592078360212
2025-09-10 11:27:51.000000000,0.1254240361359385,-0.0876905117501254,0.9882202109390256
2025-09-10 11:27:51.009999872,0.1267074784099609,-0.0850234778979842,0.9882895441727187
2025-09-10 11:27:51.020000000,0.1287759939919757,-0.0850625428372125,0.988018778757492
2025-09-10 11:27:51.030000128,0.1293498721907608,-0.0869729354303277,0.987777464344508
2025-09-10 11:27:51.040000000,0.1264255114489202,-0.0845328140608638,0.9883677419876826
2025-09-10 11:27:51.049999872,0.126653718227064,-0.083117601483418,0.9884585474277124
2025-09-10 11:27:51.060000000,0.1252398825644079,-0.0819669189220038,0.9887347450240064
2025-09-10 11:27:51.070000128,0.1252620616815805,-0.0827859878955861,0.9886636921175126
2025-09-10 11:27:51.080000000,0.1242445808414386,-0.0822816416438353,0.9888341699091566
2025-09-10 11:27:51.089999872,0.1214921265314225,-0.0828011807695857,0.9891327654334556
2025-09-10 11:27:51.100000000,0.1212913393546246,-0.0801662392095874,0.9893744412953837
2025-09-10 11:27:51.110000128,0.1224293012350349,-0.08018590950642,0.9892326754185436
2025-09-10 11:27:51.120000000,0.1218868618766445,-0.0769758604544911,0.9895546017320898
2025-09-10 11:27:51.130000128,0.1221809606821995,-0.0736857000343558,0.9897687762589916
2025-09-10 11:27:51.140000000,0.1246734847500049,-0.077614580678195,0.9891574692971984
2025-09-10 11:27:51.150000128,0.1220924530043506,-0.0733175149226935,0.989807039237922
2025-09-10 11:27:51.160000000,0.1206711297786442,-0.0711205078935126,0.9901415816916864
2025-09-10 11:27:51.169999872,0.1216112135041909,-0.0741052577035396,0.989807619454776
2025-09-10 11:27:51.180000000,0.1204785591697156,-0.0729796292151179,0.9900297422300064
2025-09-10 11:27:51.190000128,0.1344231749800223,-0.074481984557447,0.9881208650791028
2025-09-10 11:27:51.200000000,0.1545415639398751,-0.0842841279353509,0.984384625435198
2025-09-10 11:27:51.209999872,0.1690604791884179,-0.0801803225257277,0.982338877504221
2025-09-10 11:27:51.220000000,0.173711147467502,-0.0760251060168829,0.9818577394412318
2025-09-10 11:27:51.230000128,0.1697524981393843,-0.0784401038813834,0.9823600355666532
2025-09-10 11:27:51.240000000,0.1650292894993931,-0.07565413285938,0.9833828276864616
2025-09-10 11:27:51.249999872,0.1636116093611583,-0.0766288783969386,0.9835442319885156
2025-09-10 11:27:51.260000000,0.1634444139147172,-0.0731307460651075,0.9838383086361476
2025-09-10 11:27:51.270000128,0.1606647936518035,-0.0730601795162844,0.9843012924150164
2025-09-10 11:27:51.280000000,0.1580148781335585,-0.0710571815396103,0.9848767309872254
2025-09-10 11:27:51.289999872,0.1578717010457299,-0.0671317479495007,0.9851750374558688
2025-09-10 11:27:51.300000000,0.1563664952854301,-0.0611374555127829,0.9858051180053662
2025-09-10 11:27:51.310000128,0.1560078323041044,-0.0614822131976516,0.985840501156294
2025-09-10 11:27:51.320000000,0.1578760598007059,-0.0609937532683518,0.9855733923985792
2025-09-10 11:27:51.329999872,0.1556847600545269,-0.0633953935910581,0.985770399006888
2025-09-10 11:27:51.340000000,0.1580256057194687,-0.0634509678693093,0.9853942777454328
2025-09-10 11:27:51.350000128,0.1594737519824258,-0.0592769055098384,0.9854209105259668
2025-09-10 11:27:51.360000000,0.1593298912539016,-0.0601976722534183,0.9853883630367724
2025-09-10 11:27:51.369999872,0.1585088700739657,-0.0607864191164908,0.9854846266476552
2025-09-10 11:27:51.380000000,0.1555280992992648,-0.0560684198897977,0.9862389885922276
2025-09-10 11:27:51.390000128,0.1529939156999546,-0.0563874541745003,0.9866171074791446
2025-09-10 11:27:51.400000000,0.1541833708977904,-0.0578491518836254,0.9863472835492272
2025-09-10 11:27:51.409999872,0.1552254576343808,-0.0622060437746832,0.9859185896513462
2025-09-10 11:27:51.420000000,0.1541535560557672,-0.0616316572102788,0.9861228219572226
2025-09-10 11:27:51.430000128,0.1544279247976769,-0.0583244449148362,0.9862810325500838
2025-09-10 11:27:51.440000000,0.1559736669446793,-0.0552034547771769,0.9862174171046132
2025-09-10 11:27:51.449999872,0.1563818991531216,-0.0534478193423449,0.9862494776803742
2025-09-10 11:27:51.460000000,0.1652441697507918,-0.053563677374954,0.9847970840886174
2025-09-10 11:27:51.470000128,0.1774419726503504,-0.0557718094905768,0.9825496687741028
2025-09-10 11:27:51.480000000,0.177290870357383,-0.0608047006659801,0.982278339201696
2025-09-10 11:27:51.489999872,0.179429281788827,-0.061006305470909,0.981877468694305
2025-09-10 11:27:51.500000000,0.1801646372250132,-0.0551194382873539,0.9820909077149966
2025-09-10 11:27:51.510000128,0.1795572337954952,-0.0547721404750009,0.9822215699217242
2025-09-10 11:27:51.520000000,0.1792017249481313,-0.0600163942479064,0.9819800273921534
2025-09-10 11:27:51.529999872,0.1800455922180488,-0.0468350562942635,0.9825426516059064
2025-09-10 11:27:51.540000000,0.1839128674465593,-0.0469564541611142,0.981820323990189
2025-09-10 11:27:51.550000128,0.1827091311839072,-0.0544515376360566,0.9816579869950078
2025-09-10 11:27:51.560000000,0.183347369676825,-0.0569626933638147,0.9813964507768153
2025-09-10 11:27:51.570000128,0.1848030445618677,-0.0531909374748074,0.9813350900132
2025-09-10 11:27:51.580000000,0.1817489397651377,-0.0500360381275817,0.9820711368239796
2025-09-10 11:27:51.590000128,0.1786317375674796,-0.0496704491640115,0.9826614619559824
2025-09-10 11:27:51.600000000,0.1787676939690751,-0.0531555979348913,0.9824543724780116
2025-09-10 11:27:51.609999872,0.1794385975231173,-0.0564748120637397,0.9821468247269866
2025-09-10 11:27:51.620000000,0.1755924634736582,-0.0537938400252271,0.9829921207957836
2025-09-10 11:27:51.630000128,0.1809144568010781,-0.045882107937555,0.98242800829963
2025-09-10 11:27:51.640000000,0.1866138919180372,-0.0339938122384737,0.9818450366899548
2025-09-10 11:27:51.649999872,0.1831392190648157,-0.0517729063759684,0.9817227676924452
2025-09-10 11:27:51.660000000,0.1813755941294164,-0.0422306520918383,0.9825067256146898
2025-09-10 11:27:51.670000128,0.0787755737905339,-0.1093517078766089,0.990876689078132
2025-09-10 11:27:51.680000000,0.0246061098184865,-0.1339130738834767,0.9906875531683432
2025-09-10 11:27:51.689999872,0.137302531877075,-0.082571179699264,0.987081564524035
2025-09-10 11:27:51.700000000,0.1776527459684485,-0.1540557419693922,0.971960045586304
2025-09-10 11:27:51.710000128,0.2173290399347877,-0.1404030190942916,0.9659477628889832
2025-09-10 11:27:51.720000000,0.2065706139633117,-0.0988977919053697,0.973420673811206
2025-09-10 11:27:51.729999872,0.2117832201858799,-0.0626927133751195,0.9753037943827372
2025-09-10 11:27:51.740000000,0.2097661242307578,-0.0482102697133727,0.9765623088258988
2025-09-10 11:27:51.750000128,0.2096288998187145,-0.0498937029493034,0.9765072159317628
2025-09-10 11:27:51.760000000,0.2140846231066658,-0.0559197363136637,0.9752131855342644
2025-09-10 11:27:51.769999872,0.2124888546333199,-0.0517997893073838,0.9757895615778694
2025-09-10 11:27:51.780000000,0.2152916732754024,-0.0611128247435584,0.9746356847920872
2025-09-10 11:27:51.790000128,0.218833668525236,-0.0675820619796482,0.9734189696211832
2025-09-10 11:27:51.800000000,0.2178336200455401,-0.0650356168725569,0.973816657546923
2025-09-10 11:27:51.809999872,0.2171402586699403,-0.0646995568321375,0.9739938785282362
2025-09-10 11:27:51.820000000,0.2113494882578687,-0.0670141589382393,0.9751105046685414
2025-09-10 11:27:51.830000128,0.2066591889750153,-0.0658805833556713,0.9761924648085056
2025-09-10 11:27:51.840000000,0.204135568312517,-0.0708732559252591,0.9763737252426852
2025-09-10 11:27:51.850000128,0.202307951540264,-0.0705441589537544,0.9767778736135916
2025-09-10 11:27:51.860000000,0.1993123968157094,-0.064915947431327,0.9777834567247856
2025-09-10 11:27:51.870000128,0.1953242685842476,-0.0633468336066481,0.9786907625874685
2025-09-10 11:27:51.880000000,0.1947908180292501,-0.0614451343733672,0.978918297241059
2025-09-10 11:27:51.889999872,0.1940028489279235,-0.0627710237303464,0.9789906502044308
2025-09-10 11:27:51.900000000,0.193602140670748,-0.0666591002998443,0.978812942024634
2025-09-10 11:27:51.910000128,0.196946469697722,-0.0650842985324983,0.978251563841396
2025-09-10 11:27:51.920000000,0.213938355927589,-0.0578814576265556,0.9751308203138824
2025-09-10 11:27:51.929999872,0.2186953697625188,-0.0616114004240909,0.973846173983457
2025-09-10 11:27:51.940000000,0.2170215055591325,-0.0632983215122862,0.9741124106685916
2025-09-10 11:27:51.950000128,0.2158458001002811,-0.0619245213389773,0.9744618741828784
2025-09-10 11:27:51.960000000,0.2168322216128295,-0.062061126352569,0.974234162953802
2025-09-10 11:27:51.969999872,0.2150297300195924,-0.063045252264679,0.9745704240200316
2025-09-10 11:27:51.980000000,0.2090442900957889,-0.062107093039727,0.9759319616512732
2025-09-10 11:27:51.990000128,0.2085584980025727,-0.0616852096757133,0.9760626454373584
2025-09-10 11:27:52.000000000,0.2025841065675992,-0.0647132973537625,0.9771242852942562
2025-09-10 11:27:52.009999872,0.2007137291701293,-0.0546525644196499,0.9781242743767156
2025-09-10 11:27:52.020000000,0.1958392093160892,-0.062270390101581,0.9786569381611956
2025-09-10 11:27:52.030000128,0.195181650774019,-0.0729100752466461,0.978053293092282
2025-09-10 11:27:52.040000000,0.1978600577140516,-0.0700101669036336,0.9777269425005723
2025-09-10 11:27:52.049999872,0.1949766061810551,-0.0664358026499033,0.9785552652601596
2025-09-10 11:27:52.060000000,0.193848499138274,-0.0700180159719754,0.9785296300169898
2025-09-10 11:27:52.070000128,0.1926945050152891,-0.0789426617126605,0.978078158379295
2025-09-10 11:27:52.080000000,0.1900059165373913,-0.0752929809024675,0.978891576584254
2025-09-10 11:27:52.089999872,0.1864488138657224,-0.0705221086671766,0.9799303403799682
2025-09-10 11:27:52.100000000,0.1985433136396472,-0.0634298088467941,0.9780374287105008
2025-09-10 11:27:52.110000128,0.2010476665206002,-0.0636171478217927,0.9775135263972778
2025-09-10 11:27:52.120000000,0.201126842871094,-0.0653949896161078,0.9773799099683886
2025-09-10 11:27:52.130000128,0.2023271450467836,-0.0658223873292175,0.977103443706704
2025-09-10 11:27:52.140000000,0.2030132950708958,-0.0593978899964595,0.9773727501257778
2025-09-10 11:27:52.150000128,0.2044687323528188,-0.0618960069075156,0.976914234628064
2025-09-10 11:27:52.160000000,0.205038157020339,-0.0643744308233062,0.9766346741857356
2025-09-10 11:27:52.169999872,0.2031039413789322,-0.0681959685582896,0.9767794525217758
2025-09-10 11:27:52.180000000,0.1999419737124974,-0.0722946268886575,0.9771369883854468
2025-09-10 11:27:52.190000128,0.1983695590409702,-0.0718075027965972,0.9774933250861654
2025-09-10 11:27:52.200000000,0.1987401326795587,-0.0710630604217798,0.9774724554206128
2025-09-10 11:27:52.209999872,0.1992208355294348,-0.0678467647544419,0.977603127656264
2025-09-10 11:27:52.220000000,0.198867810947898,-0.070717157168728,0.9774715737302871
2025-09-10 11:27:52.230000128,0.1985239898900758,-0.0710654768900352,0.9775162011099956
2025-09-10 11:27:52.240000000,0.1965531128919058,-0.0688656519000613,0.9780717743605944
2025-09-10 11:27:52.249999872,0.1968314064708437,-0.0735790764621743,0.9776724998350332
2025-09-10 11:27:52.260000000,0.1967584512615945,-0.0791740285236054,0.9772500115448872
2025-09-10 11:27:52.270000128,0.1977434874395677,-0.0732427227281778,0.9775136913325566
2025-09-10 11:27:52.280000000,0.1974959625290026,-0.0881341444433615,0.9763338145163156
2025-09-10 11:27:52.289999872,0.1984102981065378,-0.0916368666856056,0.9758258237356292
2025-09-10 11:27:52.300000000,0.2035520512801569,-0.0855854174054888,0.9753162044932756
2025-09-10 11:27:52.310000128,0.2045234844524949,-0.0817171304818557,0.975444747227244
2025-09-10 11:27:52.320000000,0.2052587791277671,-0.0850803628017125,0.9750026489484568
2025-09-10 11:27:52.329999872,0.2087709415892107,-0.0843420051170208,0.97432085070617
2025-09-10 11:27:52.340000000,0.2084432616713319,-0.0863183851232027,0.9742179135355392
2025-09-10 11:27:52.350000128,0.2072096922506869,-0.0860371622985659,0.9745059005162492
2025-09-10 11:27:52.360000000,0.2082519225425624,-0.086747146037859,0.9742207498363056
2025-09-10 11:27:52.369999872,0.2073075990720222,-0.0905547305129196,0.9740756644885068
2025-09-10 11:27:52.380000000,0.207033309008018,-0.0913624465321819,0.9740585774607424
2025-09-10 11:27:52.390000128,0.2113837158951918,-0.0901345113031789,0.9732382516765756
2025-09-10 11:27:52.400000000,0.2112387097267695,-0.088982596357997,0.9733757265611052
2025-09-10 11:27:52.409999872,0.20616259278095,-0.091173935947881,0.9742608987030156
2025-09-10 11:27:52.420000000,0.2018549754922888,-0.0930360926014775,0.974986591878297
2025-09-10 11:27:52.430000128,0.203433218674747,-0.0939671237256068,0.9745691895388284
2025-09-10 11:27:52.440000000,0.2003086780761527,-0.095130593560795,0.9751033810094984
2025-09-10 11:27:52.449999872,0.2016602943157794,-0.0902504497322472,0.9752886659956632
2025-09-10 11:27:52.460000000,0.1975902299701482,-0.0913243136188003,0.9760215011783292
2025-09-10 11:27:52.470000128,0.1972215382126205,-0.0929710442580682,0.9759405974723114
2025-09-10 11:27:52.480000000,0.2012226386132527,-0.0932990766055334,0.9750921659074464
2025-09-10 11:27:52.489999872,0.2025946929546742,-0.0935260318424575,0.9747862697814352
2025-09-10 11:27:52.500000000,0.2036705299107704,-0.0945132934847034,0.974466804257867
2025-09-10 11:27:52.510000128,0.1988630895143799,-0.0957365529178889,0.9753399325692536
2025-09-10 11:27:52.520000000,0.1256785027550167,-0.0862799749119106,0.9883120356822828
2025-09-10 11:27:52.529999872,0.0472095258759442,-0.086776108238102,0.995108621058836
2025-09-10 11:27:52.540000000,0.0008401337758034,-0.0752511651426856,0.997164257442026
2025-09-10 11:27:52.550000128,-0.0201873751333106,-0.065218372042857,0.9976667949938528
2025-09-10 11:27:52.560000000,-0.0148646170161516,-0.0676679622831665,0.9975971581963368
2025-09-10 11:27:52.570000128,-0.0143471986060608,-0.0698467549817435,0.9974545547094756
2025-09-10 11:27:52.580000000,-0.0146073089627076,-0.0705999707263103,0.9973977494752592
2025-09-10 11:27:52.590000128,-0.0137984014813134,-0.0715627034636711,0.9973406557388158
2025-09-10 11:27:52.600000000,-0.0146555626651059,-0.0741705781553086,0.9971378740269956
2025-09-10 11:27:52.609999872,-0.0154288503778012,-0.0767638568629496,0.996929917725185
2025-09-10 11:27:52.620000000,-0.0120905873964254,-0.0791256275317156,0.9967913285959712
2025-09-10 11:27:52.630000128,-0.0104228853554468,-0.0793919737239331,0.9967889836716122
2025-09-10 11:27:52.640000000,-0.0083117148562374,-0.0779168158758955,0.9969252154499404
2025-09-10 11:27:52.649999872,-0.0086622322009521,-0.0758437313780158,0.997082089972514
2025-09-10 11:27:52.660000000,-0.0086159710823471,-0.074573331820226,0.9971783106463652
2025-09-10 11:27:52.670000128,-0.0088352429370834,-0.0746597457976929,0.9971699257597304
2025-09-10 11:27:52.680000000,-0.0077613842912422,-0.0756454655040791,0.997104570475211
2025-09-10 11:27:52.689999872,-0.0066083862924783,-0.0752599577171248,0.9971420500585793
2025-09-10 11:27:52.700000000,-0.0065098519252984,-0.0770644051506311,0.9970048642241872
2025-09-10 11:27:52.710000128,-0.0084808890160837,-0.0768259877610016,0.9970084463664506
2025-09-10 11:27:52.720000000,-0.0087496588067452,-0.0747535621119039,0.9971636517755484
2025-09-10 11:27:52.729999872,-0.0081651227876152,-0.0728593013714352,0.9973088052220984
2025-09-10 11:27:52.740000000,-0.0077769857672358,-0.0728832028366832,0.9973101610014022
2025-09-10 11:27:52.750000128,-0.0082223872096972,-0.0746229761494723,0.9971779198213172
2025-09-10 11:27:52.760000000,-0.0085603705903952,-0.0743302392564923,0.9971969392188424
2025-09-10 11:27:52.769999872,-0.0087973946580058,-0.0733201889702908,0.9972696504640018
2025-09-10 11:27:52.780000000,-0.0082050105006932,-0.0752777462302474,0.99712884760455
2025-09-10 11:27:52.790000128,-0.0072632801228502,-0.0774291732116587,0.996971397732962
2025-09-10 11:27:52.800000000,-0.01667680646449,-0.0964953471465192,0.9951937158690356
2025-09-10 11:27:52.809999872,-0.0160656579537461,-0.1041205533477412,0.9944349174305342
2025-09-10 11:27:52.820000000,-0.0163200555372978,-0.1011848129832115,0.9947337781581624
2025-09-10 11:27:52.830000128,-0.0200946304306978,-0.10267582002503,0.9945118811809344
2025-09-10 11:27:52.840000000,-0.018790247801498,-0.1058436483026474,0.9942052346983212
2025-09-10 11:27:52.850000128,-0.0161646689284384,-0.1004418343407566,0.9948116110061732
2025-09-10 11:27:52.860000000,-0.0160170879149209,-0.1011528858034084,0.9947419497479576
2025-09-10 11:27:52.870000128,-0.0139559399275362,-0.096815446754795,0.9952045021051746
2025-09-10 11:27:52.880000000,-0.0096296540461365,-0.0942650525647741,0.9955005623443476
2025-09-10 11:27:52.889999872,-0.0110106920099661,-0.094297824739144,0.9954831414498828
2025-09-10 11:27:52.900000000,-0.009665488532306,-0.091128046680168,0.9957922762502674
2025-09-10 11:27:52.910000128,-0.0083779616717975,-0.0916190741291019,0.9957588839744048
2025-09-10 11:27:52.920000000,-0.0071066937625647,-0.0937755965240327,0.995567994865407
2025-09-10 11:27:52.929999872,-0.0028974967399125,-0.0931011432339775,0.9956524401824004
2025-09-10 11:27:52.940000000,-0.0021969827023471,-0.0968868478911814,0.995292977958107
2025-09-10 11:27:52.950000128,-0.0033628941168575,-0.0949639782899137,0.9954750292049076
2025-09-10 11:27:52.960000000,-0.0139626482069974,-0.1194958809447574,0.9927365103048664
2025-09-10 11:27:52.969999872,-0.0179316253734276,-0.1637785864918189,0.9863341378144674
2025-09-10 11:27:52.980000000,-0.0211163991022066,-0.1658465463031665,0.9859254641037872
2025-09-10 11:27:52.990000128,-0.0203792421658554,-0.1643217860136177,0.9861962467633104
2025-09-10 11:27:53.000000000,-0.0161308572154636,-0.1625527206211375,0.986567994850918
2025-09-10 11:27:53.009999872,-0.0113862388112356,-0.1640858783878949,0.986380341490749
2025-09-10 11:27:53.020000000,-0.0148437503175872,-0.1523998377332633,0.9882074440801304
2025-09-10 11:27:53.030000128,-0.0134996550215309,-0.1481507613749356,0.9888726466124576
2025-09-10 11:27:53.040000000,-0.0147090953029593,-0.1517265549164287,0.9883130551847228
2025-09-10 11:27:53.049999872,-0.0137989768154492,-0.1482632493561173,0.988851655775128
2025-09-10 11:27:53.060000000,-0.013843826760979,-0.1452435597166967,0.9892990734967028
2025-09-10 11:27:53.070000128,-0.014049856247024,-0.1468552761683826,0.98905820324233
2025-09-10 11:27:53.080000000,-0.0160986858342664,-0.1459473674714751,0.9891613610743982
2025-09-10 11:27:53.089999872,-0.0154850750293934,-0.1427097183965419,0.9896434452501132
2025-09-10 11:27:53.100000000,-0.0139813118487009,-0.141017212385186,0.9899084143142236
2025-09-10 11:27:53.110000128,-0.0120519688085651,-0.1393018106581021,0.9901766284836316
2025-09-10 11:27:53.120000000,-0.0119946618320428,-0.1403420674577738,0.9900304198302255
2025-09-10 11:27:53.130000128,-0.0129890880833055,-0.1400779650178621,0.9900552748747004
2025-09-10 11:27:53.140000000,-0.0140491291631615,-0.1468094209476854,0.989065021063207
2025-09-10 11:27:53.150000128,-0.0126727106449676,-0.1416899746863153,0.9898299619016896
2025-09-10 11:27:53.160000000,-0.0111019237888467,-0.1407895818432207,0.9899772931398972
2025-09-10 11:27:53.169999872,-0.0041504068034679,-0.1385486886226514,0.9903469265890158
2025-09-10 11:27:53.180000000,0.0032776896169022,-0.1355379457907325,0.9907667344040187
2025-09-10 11:27:53.190000128,0.0048124786895007,-0.1327214715550846,0.9911416906967015
2025-09-10 11:27:53.200000000,0.0074500232294517,-0.1379467239202443,0.9904116308452524
2025-09-10 11:27:53.209999872,0.0125455285835613,-0.1427073428914818,0.989685416684217
2025-09-10 11:27:53.220000000,0.0112504646367197,-0.1417550111280723,0.9898378371559344
2025-09-10 11:27:53.230000128,0.0114073731965132,-0.1384173599852979,0.9903082885099244
2025-09-10 11:27:53.240000000,0.0125119447969055,-0.1394297746522948,0.9901529120180426
2025-09-10 11:27:53.249999872,0.0127574357480215,-0.1432263468439899,0.9896077310747224
2025-09-10 11:27:53.260000000,0.0144576260051055,-0.1443386518371095,0.9894227259549592
2025-09-10 11:27:53.270000128,0.0133551291166734,-0.1386263006728279,0.9902547092985944
2025-09-10 11:27:53.280000000,0.0121839489826654,-0.1364332009335991,0.990574345049477
2025-09-10 11:27:53.289999872,0.0116855116777877,-0.138591740687397,0.9902806562939952
2025-09-10 11:27:53.300000000,0.0102355844609399,-0.1405391430209716,0.990022212927404
2025-09-10 11:27:53.310000128,0.0114039424169909,-0.1422742557003599,0.9897615805143472
2025-09-10 11:27:53.320000000,0.0197007953475497,-0.1352570306894208,0.9906146648983928
2025-09-10 11:27:53.329999872,0.0392369792083819,-0.1370541297553956,0.9897861511354824
2025-09-10 11:27:53.340000000,0.0510760725891893,-0.1398477963387307,0.9888548066668154
2025-09-10 11:27:53.350000128,0.0489228420646698,-0.1366160080092898,0.9894152929280612
2025-09-10 11:27:53.360000000,0.048326962341924,-0.1389511291346859,0.98911934993862
2025-09-10 11:27:53.369999872,0.0493038885816836,-0.1379272581796865,0.9892144348025655
2025-09-10 11:27:53.380000000,0.0466938679513959,-0.1384905286756977,0.9892623798380608
2025-09-10 11:27:53.390000128,0.049293211031548,-0.1413201116343614,0.98873596343708
2025-09-10 11:27:53.400000000,0.0507990618769619,-0.138636291998861,0.9890396523159356
2025-09-10 11:27:53.409999872,0.0490371985520687,-0.1378334375709321,0.9892407677838316
2025-09-10 11:27:53.420000000,0.0497235173516698,-0.1373055714629596,0.9892799158314134
2025-09-10 11:27:53.430000128,0.0480262919999857,-0.1343518476075058,0.9897691934593548
2025-09-10 11:27:53.440000000,0.0454490982899007,-0.1326646545056151,0.9901184115597188
2025-09-10 11:27:53.449999872,0.048250581316305,-0.1325853377079311,0.9899964695025496
2025-09-10 11:27:53.460000000,0.0499589279402868,-0.1348672562939837,0.9896034199106176
2025-09-10 11:27:53.470000128,0.04560751443737,-0.1336958908122468,0.989972405376415
2025-09-10 11:27:53.480000000,0.043937045962585,-0.1350784958089424,0.989860260825777
2025-09-10 11:27:53.489999872,0.0419164408838276,-0.1339719685246203,0.9900982393849972
2025-09-10 11:27:53.500000000,0.0448470792898242,-0.1371191276365617,0.9895388240566212
2025-09-10 11:27:53.510000128,0.0462441686340808,-0.1341724072873794,0.9898783975772238
2025-09-10 11:27:53.520000000,0.0520601711453568,-0.1337070714072745,0.989652543894071
2025-09-10 11:27:53.529999872,0.0647376456130828,-0.1366703016966455,0.9884989963953544
2025-09-10 11:27:53.540000000,0.0712625393285555,-0.1405247413072419,0.9875092139159912
2025-09-10 11:27:53.550000128,0.0694312922008673,-0.1419419897816639,0.987436968722632
2025-09-10 11:27:53.560000000,0.0713343888744312,-0.1378852573287124,0.9878760351255144
2025-09-10 11:27:53.570000128,0.0781930417368332,-0.1365511282763944,0.987542220662178
2025-09-10 11:27:53.580000000,0.0729441735545534,-0.1409224924574033,0.9873297314798316
2025-09-10 11:27:53.590000128,0.0670656600993356,-0.1412835832409092,0.9876948649973076
2025-09-10 11:27:53.600000000,0.0725331658329548,-0.1370127353150189,0.9879101427841228
2025-09-10 11:27:53.609999872,0.0698978007653837,-0.1360262963887221,0.9882363806999468
2025-09-10 11:27:53.620000000,0.0710697230063542,-0.1394752641479558,0.9876718813263128
2025-09-10 11:27:53.630000128,0.0681969775941669,-0.1390644137398793,0.9879323160410356
2025-09-10 11:27:53.640000000,0.0696899087554566,-0.1383486882711666,0.9879286194211117
2025-09-10 11:27:53.649999872,0.0713886309263575,-0.1392990623099901,0.9876737490760896
2025-09-10 11:27:53.660000000,0.0712822618841094,-0.1403652842382314,0.987530468452192
2025-09-10 11:27:53.670000128,0.0724102602982764,-0.1365871147576117,0.9879780940313034
2025-09-10 11:27:53.680000000,0.0743505771004906,-0.1469633246307072,0.9863436383422935
2025-09-10 11:27:53.689999872,0.073685065551949,-0.142172348296714,0.9870955042418148
2025-09-10 11:27:53.700000000,0.0738126613700005,-0.1386061432275474,0.9875930478091988
2025-09-10 11:27:53.710000128,0.0737851983306013,-0.1387827368405908,0.987570299503964
2025-09-10 11:27:53.720000000,0.0747854257121157,-0.140604290087677,0.987237344162992
2025-09-10 11:27:53.729999872,0.0754914738845534,-0.141811415268777,0.9870109218596338
2025-09-10 11:27:53.740000000,0.0738799137979388,-0.1389290086021982,0.9875426516895456
2025-09-10 11:27:53.750000128,0.0725189829152036,-0.1352133771012322,0.9881590660262266
2025-09-10 11:27:53.760000000,0.0707389153248926,-0.1357676899512091,0.9882120927331188
2025-09-10 11:27:53.769999872,0.1055750411474196,-0.1223480073690179,0.9868560562612724
2025-09-10 11:27:53.780000000,0.1318806531599455,-0.1345971256566671,0.9820850813891177
2025-09-10 11:27:53.790000128,0.1398257733535282,-0.1389512632342641,0.9803781411025492
2025-09-10 11:27:53.800000000,0.135876194750007,-0.1340360611865501,0.98161703021181
2025-09-10 11:27:53.809999872,0.1354974700355542,-0.1357131807005801,0.9814389273908468
2025-09-10 11:27:53.820000000,0.1384981975680775,-0.1307270737397955,0.9816968378587272
2025-09-10 11:27:53.830000128,0.1367401811561625,-0.1340876618775625,0.9814900008607262
2025-09-10 11:27:53.840000000,0.1353072413483446,-0.1359263766022136,0.981435668081456
2025-09-10 11:27:53.850000128,0.136148971272111,-0.1337111723633091,0.981623542915906
2025-09-10 11:27:53.860000000,0.1329002612010045,-0.1327235883627127,0.9822026113103296
2025-09-10 11:27:53.870000128,0.1340999980708008,-0.125281267086804,0.98301668075091
2025-09-10 11:27:53.880000000,0.1338400467570732,-0.125595448272633,0.9830120168427552
2025-09-10 11:27:53.889999872,0.1375013843278284,-0.1250437919791104,0.9825769279783724
2025-09-10 11:27:53.900000000,0.136805064305439,-0.123346354152445,0.9828886260903036
2025-09-10 11:27:53.910000128,0.1391071322525504,-0.1249474816730899,0.982363136818572
2025-09-10 11:27:53.920000000,0.1392710548448086,-0.1264613500485787,0.9821461704992314
2025-09-10 11:27:53.929999872,0.137573657014064,-0.1293514455296496,0.9820090083268924
2025-09-10 11:27:53.940000000,0.1387405638597199,-0.13074491145895,0.9816602386098148
2025-09-10 11:27:53.950000128,0.1348052587829786,-0.1290753725052737,0.9824291783213072
2025-09-10 11:27:53.960000000,0.1332855866156974,-0.1278755935259513,0.982793358229946
2025-09-10 11:27:53.969999872,0.1339559333597657,-0.1274288213515071,0.982760247164424
2025-09-10 11:27:53.980000000,0.1348866535664751,-0.1310107512952421,0.9821617859266842
2025-09-10 11:27:53.990000128,0.1332667010887408,-0.1334980572406689,0.9820479902193636
2025-09-10 11:27:54.000000000,0.1302755781704908,-0.1271027177771826,0.9832970928798672
2025-09-10 11:27:54.009999872,0.1315156222814349,-0.1286461419813677,0.982931234242374
2025-09-10 11:27:54.020000000,0.1330188891069516,-0.1325623440458001,0.9822083282490712
2025-09-10 11:27:54.030000128,0.1326798037758162,-0.1316465415953094,0.9823773499811594
2025-09-10 11:27:54.040000000,0.1329076361205617,-0.1293068478604316,0.9826572644402746
2025-09-10 11:27:54.049999872,0.133882022958247,-0.1273989727148735,0.982774188549843
2025-09-10 11:27:54.060000000,0.130685309899908,-0.1277342496965881,0.9831608775937002
2025-09-10 11:27:54.070000128,0.117820937544493,-0.0980341785091045,0.9881839537860256
2025-09-10 11:27:54.080000000,0.07862863961681,-0.0147979507516402,0.996794140073848
2025-09-10 11:27:54.089999872,0.0442283743012882,0.0296707834031948,0.998580740610846
2025-09-10 11:27:54.100000000,0.0281644264152507,0.042956617762217,0.9986798756734466
2025-09-10 11:27:54.110000128,0.0270916267558395,0.0239394837593687,0.9993462587497176
2025-09-10 11:27:54.120000000,0.026926361085559,0.0242484785902979,0.9993432755388642
2025-09-10 11:27:54.130000128,0.0271706986126334,0.0289168405846159,0.9992124746356528
2025-09-10 11:27:54.140000000,0.0305646135232249,0.0258988484912576,0.9991972047834216
2025-09-10 11:27:54.150000128,0.0316324077204649,0.0267586245845277,0.9991413147258752
2025-09-10 11:27:54.160000000,0.0342903102922987,0.0326398073007105,0.9988787802328322
2025-09-10 11:27:54.169999872,0.033125531412904,0.0357168730305439,0.9988127973497
2025-09-10 11:27:54.180000000,0.0322488794875533,0.0408781196677213,0.9986435746071912
2025-09-10 11:27:54.190000128,0.0343339299339251,0.0403319427746345,0.9985962725983488
2025-09-10 11:27:54.200000000,0.0327563757611359,0.0381593435827437,0.9987346416062324
2025-09-10 11:27:54.209999872,0.0354350177031879,0.0406379600833958,0.9985453999296352
2025-09-10 11:27:54.220000000,0.0364105500689498,0.0380269426289311,0.998613150062612
2025-09-10 11:27:54.230000128,0.0384829728595707,0.0394398567848589,0.9984806249981416
2025-09-10 11:27:54.240000000,0.0403943117351927,0.0440751389324003,0.9982112410244284
2025-09-10 11:27:54.249999872,0.0377200976572803,0.043790894040574,0.9983283787571364
2025-09-10 11:27:54.260000000,0.0394390012881287,0.0409870534749933,0.9983810027363468
2025-09-10 11:27:54.270000128,0.040563761716726,0.0412857517024871,0.9983236288607764
2025-09-10 11:27:54.280000000,0.0401168377936017,0.0459192766636007,0.998139298573167
2025-09-10 11:27:54.289999872,0.0411102090467111,0.0456673786129036,0.998110435394181
2025-09-10 11:27:54.300000000,0.0425038266815712,0.0479180865310813,0.9979465324858956
2025-09-10 11:27:54.310000128,0.0431644083961345,0.0484882589748349,0.997890636587698
2025-09-10 11:27:54.320000000,0.0469297540275225,0.0464987781808301,0.99781534454758
2025-09-10 11:27:54.329999872,0.0474824883578573,0.0471435698527283,0.9977589373796092
2025-09-10 11:27:54.340000000,0.0473810020488105,0.0459604000334061,0.9978189626749032
2025-09-10 11:27:54.350000128,0.0483298467626658,0.0457010856622554,0.9977853660388032
2025-09-10 11:27:54.360000000,0.0508848365482634,0.0417655409683497,0.9978308338576624
2025-09-10 11:27:54.369999872,0.0529198879320121,0.0406534973231317,0.9977709048757945
2025-09-10 11:27:54.380000000,0.0526171483808899,0.0416190581642426,0.9977471070836462
2025-09-10 11:27:54.390000128,0.0531891336083218,0.0417262355874634,0.9977123018835116
2025-09-10 11:27:54.400000000,0.0532415879768875,0.0416176870589668,0.9977140379054318
2025-09-10 11:27:54.409999872,0.0546798301913896,0.039676050670938,0.9977153537825296
2025-09-10 11:27:54.420000000,0.056428162970736,0.0375210632177699,0.997701374279276
2025-09-10 11:27:54.430000128,0.0547817511437827,0.0374958936661603,0.9977940757991084
2025-09-10 11:27:54.440000000,0.0571187586858001,0.0390380209960643,0.9976038694406232
2025-09-10 11:27:54.449999872,0.054159001617731,0.0370183484423344,0.9978459021423962
2025-09-10 11:27:54.460000000,0.0706027034269311,0.0293568807386818,0.9970724305796964
2025-09-10 11:27:54.470000128,0.1054948953053785,0.0291213374949551,0.9939933474460544
2025-09-10 11:27:54.480000000,0.1196188756219694,0.0224376387543684,0.9925663085970956
2025-09-10 11:27:54.489999872,0.1243695803946057,0.0254054442558269,0.9919106667813558
2025-09-10 11:27:54.500000000,0.1228589111775883,0.0248468445695995,0.9921130592121
2025-09-10 11:27:54.510000128,0.1205582537866656,0.0230469464320683,0.9924386861182244
2025-09-10 11:27:54.520000000,0.1190722834704214,0.0223919801765023,0.9926330593592554
2025-09-10 11:27:54.529999872,0.1190397983043192,0.0222275403134729,0.9926406514299524
2025-09-10 11:27:54.540000000,0.1204325374276839,0.0181938048142443,0.9925547790399836
2025-09-10 11:27:54.550000128,0.1175846988813875,0.0186367012446073,0.9928879654601986
2025-09-10 11:27:54.560000000,0.1155592186283856,0.0208529435446184,0.9930816792870172
2025-09-10 11:27:54.570000128,0.1166575689833726,0.021313961971708,0.9929434659757614
2025-09-10 11:27:54.580000000,0.0995628678557764,0.018086637152945,0.9948668799898964
2025-09-10 11:27:54.590000128,0.039051074557777,0.0089661279559409,0.9991969886490656
2025-09-10 11:27:54.600000000,0.0215080727001523,0.0018263950221115,0.9997670064019658
2025-09-10 11:27:54.609999872,0.0267536216444382,0.0005900543045473,0.9996418836587552
2025-09-10 11:27:54.620000000,0.0244683016231444,-0.0026624365910146,0.9996970609375012
2025-09-10 11:27:54.630000128,0.0246629060625396,-0.0054797396332816,0.9996808058165876
2025-09-10 11:27:54.640000000,0.020753538028746,0.0004254114034204,0.9997845316289042
2025-09-10 11:27:54.649999872,0.0196223810012581,-0.0017391138673324,0.999805949995697
2025-09-10 11:27:54.660000000,0.0191064027753667,-0.0032267056281285,0.9998122492467147
2025-09-10 11:27:54.670000128,0.0171917569431351,-0.0068471022927955,0.9998287656811042
2025-09-10 11:27:54.680000000,0.0185380682464275,-0.0115854330356108,0.9997610303302829
2025-09-10 11:27:54.689999872,0.0187915157252443,-0.010690671527727,0.9997662669239415
2025-09-10 11:27:54.700000000,0.0177212367003091,-0.0102822940924313,0.9997900940687542
2025-09-10 11:27:54.710000128,0.0174198195174485,-0.0077938482229828,0.9998178863262334
2025-09-10 11:27:54.720000000,0.016681344721547,-0.0063826181631975,0.9998404847392728
2025-09-10 11:27:54.729999872,0.0160369914365775,-0.0170309611204257,0.9997263431904644
2025-09-10 11:27:54.740000000,0.0127673889405118,-0.0192618236214516,0.999732952307974
2025-09-10 11:27:54.750000128,0.0087868899206425,-0.0188642065455752,0.99978344268993
2025-09-10 11:27:54.760000000,0.0074698442994604,-0.0150271237605036,0.9998591835741814
2025-09-10 11:27:54.769999872,0.0059967906295209,-0.0145116522878329,0.9998767176257394
2025-09-10 11:27:54.780000000,0.0053687471859481,-0.0188358311032862,0.999808175611853
2025-09-10 11:27:54.790000128,0.0062579538415641,-0.0201703689837676,0.9997769722436978
2025-09-10 11:27:54.800000000,0.0046570727243687,-0.0136969185824018,0.9998953475714282
2025-09-10 11:27:54.809999872,0.0040057179860805,-0.0127006061406975,0.9999113204815092
2025-09-10 11:27:54.820000000,0.0020351207769597,-0.0204827061998267,0.9997881360719156
2025-09-10 11:27:54.830000128,0.0046290553831182,-0.0216831140125949,0.9997541769920129
2025-09-10 11:27:54.840000000,0.0043661877083289,-0.019234506667355,0.9998054661573718
2025-09-10 11:27:54.850000128,0.003538853142377,-0.0203311039310975,0.99978703868943
2025-09-10 11:27:54.860000000,0.013864140308701,-0.0267412092446417,0.9995462437234384
2025-09-10 11:27:54.870000128,0.0204044843125719,-0.0298662159200882,0.999345618976014
2025-09-10 11:27:54.880000000,0.0205026926737869,-0.0267630297562143,0.9994315283356796
2025-09-10 11:27:54.889999872,0.0193703320335657,-0.0275718785664193,0.999432129636239
2025-09-10 11:27:54.900000000,0.0210726325304051,-0.0291617721607497,0.9993525580107768
2025-09-10 11:27:54.910000128,0.0227961842796175,-0.0289100228180656,0.999322042468267
2025-09-10 11:27:54.920000000,0.0214731751623454,-0.0309666183432307,0.9992897334091008
2025-09-10 11:27:54.929999872,0.021736354430477,-0.0332340421318593,0.9992112035699212
2025-09-10 11:27:54.940000000,0.0213432441190733,-0.0343619298432644,0.9991815269048564
2025-09-10 11:27:54.950000128,0.0201901158105218,-0.0322893221736651,0.9992746163578476
2025-09-10 11:27:54.960000000,0.0209145466392339,-0.0352875141007488,0.9991583323415087
2025-09-10 11:27:54.969999872,0.0181699542770335,-0.0352730213443091,0.9992125233036336
2025-09-10 11:27:54.980000000,0.0163935431577907,-0.0360766558384519,0.9992145548610908
2025-09-10 11:27:54.990000128,0.0155020472180881,-0.039238776935686,0.9991096060576335
2025-09-10 11:27:55.000000000,0.0164752027204995,-0.0383449672023782,0.9991287360423416
